,GP,TD_RUSH,TD_REC,TD_RET,TD,SCORING_FG,SCORING_PAT,SCORING_2PT,SCORING_PTS,SCORING_TP/G,PlayerID
0,16,0,0,0,0,22,30,0,96,6.0,Stephen Hauschka4
1,16,9,0,0,9,0,0,1,56,3.5,Josh Allen41
2,16,9,0,0,9,0,0,1,56,3.5,Josh Allen17
3,15,0,6,0,6,0,0,2,40,2.7,Cole Beasley10
4,15,0,6,0,6,0,0,0,36,2.4,John Brown15
5,12,2,2,0,4,0,0,0,24,2.0,Devin Singletary26
6,15,0,2,0,2,0,0,0,12,0.8,Dawson Knox88
7,16,0,1,0,1,0,0,0,6,0.4,Lee Smith85
8,16,0,1,0,1,0,0,0,6,0.4,Dion Dawkins73
9,4,0,1,0,1,0,0,0,6,1.5,Duke Williams82
10,11,0,1,0,1,0,0,0,6,0.5,Tyler Kroft81
11,15,0,1,0,1,0,0,0,6,0.4,Isaiah McKenzie19
12,16,0,0,1,1,0,0,0,6,0.4,Micah Hyde23
13,16,0,0,0,0,0,0,0,2,0.1,Tremaine Edmunds49
14,16,0,1,0,1,23,29,0,104,6.5,Jason Sanders7
15,16,0,9,0,9,0,0,0,54,3.4,DeVante Parker11
16,16,0,5,0,5,0,0,0,30,1.9,Mike Gesicki88
17,15,4,0,0,4,0,0,0,24,1.6,Ryan Fitzpatrick14
18,8,0,3,0,3,0,0,0,18,2.3,Preston Williams18
19,12,3,0,0,3,0,0,0,18,1.5,Kalen Ballage27
20,14,0,2,0,2,0,0,0,12,0.9,Allen Hurns17
21,10,1,0,1,2,0,0,0,12,1.2,Jakeem Grant19
22,15,1,0,0,1,0,0,1,8,0.5,Patrick Laird42
23,13,0,1,0,1,0,0,0,6,0.5,Albert Wilson15
24,16,0,0,1,1,0,0,0,6,0.4,Eric Rowe21
25,16,0,1,0,1,0,0,0,6,0.4,Christian Wilkins94
26,7,1,0,0,1,0,0,0,6,0.9,Myles Gaskin37
27,16,7,0,0,7,0,0,0,42,2.6,Sony Michel26
28,15,1,5,0,6,0,0,1,38,2.5,James White28
29,16,0,6,0,6,0,0,1,38,2.4,Julian Edelman11
30,14,0,5,0,5,0,0,0,30,2.1,Phillip Dorsett II11
31,15,3,1,0,4,0,0,0,24,1.6,Brandon Bolden38
32,16,3,0,0,3,0,0,0,18,1.1,Tom Brady12
33,13,3,0,0,3,0,0,0,18,1.4,Rex Burkhead34
34,16,0,0,2,2,0,0,0,12,0.8,Stephon Gilmore24
35,7,0,2,0,2,0,0,0,12,1.7,N'Keal Harry15
36,15,0,0,1,1,0,0,0,6,0.4,Kyle Van Noy53
37,11,0,1,0,1,0,0,0,6,0.5,Matt LaCosse83
38,6,0,1,0,1,0,0,0,6,1.0,Ryan Izzo85
39,8,0,1,0,1,0,0,0,6,0.8,Mohamed Sanu Sr.14
40,7,0,1,0,1,0,0,0,6,0.9,Mohamed Sanu Sr.14
41,15,0,0,1,1,0,0,0,6,0.4,Dont'a Hightower54
42,16,0,0,1,1,0,0,0,6,0.4,Jamie Collins Sr.58
43,16,0,0,1,1,0,0,0,6,0.4,Chase Winovich50
44,16,0,1,0,1,0,0,0,6,0.4,Elandon Roberts52
45,16,0,0,1,1,0,0,0,6,0.4,Matthew Slater18
46,1,0,0,0,0,1,1,0,4,4.0,Kai Forbath3
47,3,0,0,0,0,10,10,0,40,13.3,Kai Forbath3
48,15,0,0,0,0,19,23,0,80,5.3,Sam Ficken9
49,16,0,6,0,6,0,0,0,36,2.3,Jamison Crowder82
50,13,0,5,0,5,0,0,1,32,2.5,Ryan Griffin84
51,13,0,5,0,5,0,0,1,32,2.5,Ryan Griffin4
52,16,0,5,0,5,0,0,1,32,2.0,Robby Anderson11
53,15,3,1,0,4,0,0,1,26,1.7,Le'Veon Bell26
54,14,0,0,2,2,0,0,0,12,0.9,Jamal Adams33
55,13,2,0,0,2,0,0,0,12,0.9,Sam Darnold14
56,14,0,0,1,1,0,0,0,8,0.6,Brian Poole34
57,16,0,1,0,1,0,0,0,6,0.4,Daniel Brown87
58,13,1,0,0,1,0,0,0,6,0.5,Vyncint Smith17
59,12,0,0,1,1,0,0,0,6,0.5,Arthur Maulet23
60,2,0,0,1,1,0,0,0,6,3.0,C.J. Mosley57
61,8,0,0,1,1,0,0,0,6,0.8,B.J. Bello49
62,10,0,0,0,0,0,0,0,2,0.2,James Burgess58
63,16,0,0,0,0,28,57,0,141,8.8,Justin Tucker9
64,15,10,5,0,15,0,0,2,94,6.3,Mark Ingram II21
65,15,0,10,0,10,0,0,0,60,4.0,Mark Andrews89
66,14,0,7,0,7,0,0,0,42,3.0,Marquise Brown15
67,15,7,0,0,7,0,0,0,42,2.8,Lamar Jackson21
68,15,7,0,0,7,0,0,0,42,2.8,Lamar Jackson8
69,16,0,5,0,5,0,0,0,30,1.9,Willie Snead IV83
70,16,0,3,0,3,0,0,0,18,1.1,Miles Boykin80
71,16,2,0,0,2,0,0,0,12,0.8,Justice Hill43
72,16,0,2,0,2,0,0,0,12,0.8,Hayden Hurst81
73,16,2,0,0,2,0,0,0,12,0.8,Gus Edwards35
74,16,0,2,0,2,0,0,0,12,0.8,Nick Boyle86
75,10,0,0,2,2,0,0,0,12,1.2,Marcus Peters24
76,6,0,0,1,1,0,0,0,6,1.0,Marcus Peters24
77,16,0,2,0,2,0,0,0,12,0.8,Seth Roberts15
78,16,0,0,2,2,0,0,0,12,0.8,Marlon Humphrey44
79,16,0,0,1,1,0,0,0,6,0.4,Tyus Bowser54
80,16,0,1,0,1,0,0,0,6,0.4,Patrick Ricard42
81,9,0,0,1,1,0,0,0,6,0.7,Jordan Richards28
82,16,0,0,0,0,27,24,0,105,6.6,Randy Bullock4
83,16,5,3,0,8,0,0,0,48,3.0,Joe Mixon28
84,16,0,5,0,5,0,0,0,30,1.9,Tyler Boyd83
85,13,4,0,0,4,0,0,1,26,2.0,Andy Dalton
86,16,0,3,0,3,0,0,1,20,1.3,Tyler Eifert88
87,8,0,3,0,3,0,0,0,18,2.3,John Ross III11
88,16,0,2,0,2,0,0,0,12,0.8,C.J. Uzomah87
89,12,0,1,0,1,0,0,0,6,0.5,Auden Tate19
90,12,0,0,1,1,0,0,0,6,0.5,Brandon Wilson40
91,15,0,1,0,1,0,0,0,6,0.4,Cethan Carter82
92,16,0,0,0,0,25,30,0,105,6.6,Austin Seibert4
93,16,8,0,0,8,0,0,0,48,3.0,Nick Chubb24
94,16,0,6,0,6,0,0,0,36,2.3,Jarvis Landry80
95,14,0,4,0,4,0,0,0,24,1.7,Ricky Seals-Jones83
96,16,0,4,0,4,0,0,0,24,1.5,Odell Beckham Jr.13
97,15,0,3,0,3,0,0,1,20,1.3,Demetrius Harris86
98,16,3,0,0,3,0,0,0,18,1.1,Baker Mayfield6
99,8,2,1,0,3,0,0,0,18,2.3,Kareem Hunt27
100,14,2,0,0,2,0,0,0,12,0.9,Dontrell Hilliard25
101,13,0,1,0,1,0,0,0,6,0.5,Damion Ratley18
102,4,0,1,0,1,0,0,0,6,1.5,David Njoku85
103,12,0,0,1,1,0,0,0,6,0.5,Denzel Ward21
104,9,0,1,0,1,0,0,0,6,0.7,Stephen Carlson89
105,16,0,0,0,0,29,28,0,115,7.2,Chris Boswell9
106,10,4,3,0,7,0,0,0,42,4.2,James Conner30
107,16,0,5,1,6,0,0,0,36,2.3,Diontae Johnson18
108,15,0,3,0,3,0,0,0,18,1.2,James Washington13
109,14,0,3,0,3,0,0,0,18,1.3,Vance McDonald89
110,12,0,3,0,3,0,0,0,18,1.5,JuJu Smith-Schuster19
111,14,1,1,0,2,0,0,0,12,0.9,Jaylen Samuels38
112,13,2,0,0,2,0,0,0,12,0.9,Benny Snell Jr.24
113,14,0,0,2,2,0,0,0,12,0.9,Minkah Fitzpatrick39
114,16,0,0,1,1,0,0,0,6,0.4,Devin Bush55
115,16,0,0,0,0,20,40,0,100,6.3,Ka'imi Fairbairn7
116,15,7,1,0,8,0,0,0,48,3.2,Deshaun Watson4
117,15,0,7,0,7,0,0,1,44,2.9,DeAndre Hopkins10
118,16,0,7,0,7,0,0,0,42,2.6,Darren Fells87
119,16,2,3,0,5,0,0,0,30,1.9,Duke Johnson25
120,13,0,4,0,4,0,0,0,24,1.8,Kenny Stills12
121,11,0,3,0,3,0,0,0,18,1.6,Will Fuller V15
122,16,0,2,0,2,0,0,0,12,0.8,Jordan Akins88
123,9,1,0,0,1,0,0,0,6,0.7,Keke Coutee16
124,2,1,0,0,1,0,0,0,6,3.0,AJ McCarron2
125,10,0,0,1,1,0,0,0,6,0.6,Bradley Roby21
126,14,8,0,0,8,0,0,1,50,3.6,Marlon Mack25
127,16,0,5,0,5,0,0,1,34,2.1,Zach Pascal14
128,10,0,5,0,5,0,0,0,30,3.0,T.Y. Hilton13
129,4,0,0,0,0,5,11,0,26,6.5,Chase McLaughlin5
130,4,0,0,0,0,6,7,0,25,6.3,Chase McLaughlin5
131,3,0,0,0,0,7,8,0,29,9.7,Chase McLaughlin5
132,15,4,0,0,4,0,0,0,24,1.6,Jacoby Brissett7
133,16,2,0,2,4,0,0,0,24,1.5,Nyheim Hines21
134,16,0,4,0,4,0,0,0,24,1.5,Jack Doyle84
135,11,0,3,0,3,0,0,0,18,1.6,Eric Ebron85
136,14,2,0,0,2,0,0,0,12,0.9,Jordan Wilkins20
137,8,0,2,0,2,0,0,0,12,1.5,Marcus Johnson83
138,7,0,1,0,1,0,0,0,6,0.9,Parris Campbell15
139,13,0,0,1,1,0,0,0,6,0.5,Darius Leonard53
140,16,0,0,0,0,0,0,0,2,0.1,Justin Houston50
141,16,0,0,0,0,0,0,0,2,0.1,Bobby Okereke58
142,16,0,0,0,0,33,19,0,118,7.4,Josh Lambo4
143,15,0,8,0,8,0,0,1,50,3.3,DJ Chark Jr.17
144,16,0,5,0,5,0,0,1,32,2.0,Chris Conley18
145,15,0,3,0,3,0,0,2,22,1.5,Dede Westbrook12
146,15,3,0,0,3,0,0,0,18,1.2,Leonard Fournette27
147,16,0,3,0,3,0,0,0,18,1.1,Keelan Cole84
148,5,0,2,0,2,0,0,0,12,2.4,James O'Shaughnessy80
149,16,0,2,0,2,0,0,0,12,0.8,Ryquell Armstead23
150,5,0,1,0,1,0,0,0,6,1.2,Nick O'Leary86
151,16,0,0,1,1,0,0,0,6,0.4,Calais Campbell93
152,15,0,0,1,1,0,0,0,6,0.4,Yannick Ngakoue91
153,15,16,2,0,18,0,0,0,108,7.2,Derrick Henry22
154,16,1,8,0,9,0,0,0,54,3.4,A.J. Brown11
155,12,4,0,0,4,0,0,1,26,2.2,Ryan Tannehill17
156,15,0,4,0,4,0,0,0,24,1.6,Tajae Sharpe19
157,16,0,3,0,3,0,0,0,18,1.1,Jonnu Smith81
158,12,0,2,0,2,0,0,0,12,1.0,Adam Humphries10
159,15,0,2,0,2,0,0,0,12,0.8,Corey Davis84
160,2,0,0,0,0,0,9,0,9,4.5,Greg Joseph7
161,9,0,0,1,1,0,0,0,6,0.7,Malcolm Butler21
162,14,0,0,1,1,0,0,0,6,0.4,Jayon Brown55
163,16,0,1,0,1,0,0,0,6,0.4,MyCole Pruitt85
164,4,0,1,0,1,0,0,0,6,1.5,David Quessenberry72
165,15,0,1,0,1,0,0,0,6,0.4,Anthony Firkser86
166,15,0,1,0,1,0,0,0,6,0.4,Dennis Kelly71
167,16,0,0,1,1,0,0,0,6,0.4,Rashaan Evans54
168,9,0,0,1,1,0,0,0,6,0.7,Tye Smith23
169,8,0,1,0,1,0,0,0,6,0.8,Kalif Raymond14
170,16,0,1,0,1,0,0,0,6,0.4,Dion Lewis33
171,16,0,0,0,0,29,25,0,112,7.0,Brandon McManus8
172,16,7,0,0,7,0,0,0,42,2.6,Phillip Lindsay30
173,16,0,6,0,6,0,0,0,36,2.3,Courtland Sutton14
174,16,3,1,0,4,0,0,0,24,1.5,Royce Freeman28
175,16,0,3,0,3,0,0,0,18,1.1,Noah Fant87
176,7,0,2,0,2,0,0,1,14,2.0,Emmanuel Sanders17
177,10,0,3,0,3,0,0,0,18,1.8,Emmanuel Sanders17
178,14,0,1,0,1,0,0,0,6,0.4,Jeff Heuerman82
179,11,0,1,0,1,0,0,0,6,0.5,Troy Fumagalli84
180,7,1,0,0,1,0,0,0,6,0.9,Andy Janovich32
181,13,0,0,1,1,0,0,0,6,0.5,Kareem Jackson22
182,16,0,1,0,1,0,0,0,6,0.4,Andrew Beck83
183,16,0,1,0,1,0,0,0,6,0.4,DaeSean Hamilton17
184,16,0,0,0,0,34,45,0,147,9.2,Harrison Butker7
185,16,0,6,1,7,0,0,0,42,2.6,Mecole Hardman17
186,11,5,2,0,7,0,0,0,42,3.8,Damien Williams26
187,12,0,7,0,7,0,0,0,42,3.5,Tyreek Hill10
188,16,1,5,0,6,0,0,0,36,2.3,Travis Kelce87
189,16,0,4,0,4,0,0,0,24,1.5,Demarcus Robinson11
190,12,3,1,0,4,0,0,0,24,2.0,Darrel Williams31
191,14,0,3,0,3,0,0,1,20,1.4,Sammy Watkins14
192,14,2,0,0,2,0,0,0,12,0.9,Patrick Mahomes15
193,14,0,0,1,1,0,0,0,6,0.4,Reggie Ragland59
194,12,1,0,0,1,0,0,0,6,0.5,Darwin Thompson34
195,16,0,0,1,1,0,0,0,6,0.4,Juan Thornhill22
196,16,0,0,1,1,0,0,0,6,0.4,Bashaud Breeland21
197,16,0,1,0,1,0,0,0,6,0.4,Byron Pringle13
198,16,0,0,0,0,0,0,0,2,0.1,Charvarius Ward35
199,16,0,0,0,0,19,34,0,91,5.7,Daniel Carlson8
200,13,7,0,0,7,0,0,0,42,3.2,Josh Jacobs28
201,14,0,6,0,6,0,0,0,36,2.6,Tyrell Williams16
202,13,0,5,0,5,0,0,0,30,2.3,Foster Moreau87
203,13,0,4,0,4,0,0,0,24,1.8,Hunter Renfrow13
204,16,0,3,0,3,0,0,0,18,1.1,Darren Waller83
205,16,3,0,0,3,0,0,0,18,1.1,DeAndre Washington24
206,16,0,0,2,2,0,0,0,12,0.8,Erik Harris25
207,16,2,0,0,2,0,0,0,12,0.8,Derek Carr4
208,16,0,1,0,1,0,0,0,6,0.4,Derek Carrier85
209,9,1,0,0,1,0,0,0,6,0.7,Trevor Davis
210,16,0,1,0,1,0,0,0,6,0.4,Alec Ingold45
211,4,0,1,0,1,0,0,0,6,1.5,Rico Gafford10
212,16,3,8,0,11,0,0,0,66,4.1,Austin Ekeler30
213,8,0,0,0,0,13,19,0,58,7.3,Michael Badgley4
214,12,8,1,0,9,0,0,0,54,4.5,Melvin Gordon25
215,16,0,6,0,6,0,0,0,36,2.3,Keenan Allen13
216,12,0,5,0,5,0,0,1,32,2.7,Hunter Henry86
217,16,0,0,0,0,7,9,0,30,1.9,Ty Long1
218,15,0,2,0,2,0,0,0,12,0.8,Mike Williams81
219,15,0,1,0,1,0,0,0,6,0.4,Virgil Green88
220,15,0,0,1,1,0,0,0,6,0.4,Desmond King II20
221,16,1,0,0,1,0,0,0,6,0.4,Derek Watt34
222,13,0,0,0,0,20,36,0,96,7.4,Brett Maher2
223,16,12,2,0,14,0,0,0,84,5.3,Ezekiel Elliott21
224,16,0,8,0,8,0,0,0,48,3.0,Amari Cooper19
225,14,0,6,0,6,0,0,0,36,2.6,Michael Gallup13
226,16,0,4,0,4,0,0,1,26,1.6,Jason Witten82
227,15,2,1,0,3,0,0,1,20,1.3,Tony Pollard20
228,16,3,0,0,3,0,0,0,18,1.1,Dak Prescott4
229,16,0,3,0,3,0,0,0,18,1.1,Blake Jarwin89
230,15,0,3,0,3,0,0,0,18,1.2,Randall Cobb18
231,4,0,1,0,1,0,0,0,6,1.5,Devin Smith15
232,12,0,1,0,1,0,0,0,6,0.5,Ventell Bryant83
233,16,0,0,1,1,0,0,0,6,0.4,Jourdan Lewis26
234,16,0,0,0,0,12,35,0,71,4.4,Aldrick Rosas2
235,13,6,2,0,8,0,0,0,48,3.7,Saquon Barkley26
236,14,0,8,0,8,0,0,0,48,3.4,Darius Slayton86
237,11,0,6,0,6,0,0,0,36,3.3,Golden Tate15
238,10,0,3,0,3,0,0,1,20,2.0,Sterling Shepard87
239,9,0,3,0,3,0,0,0,18,2.0,Kaden Smith82
240,10,2,1,0,3,0,0,0,18,1.8,Wayne Gallman22
241,8,0,3,0,3,0,0,0,18,2.3,Evan Engram88
242,15,0,2,0,2,0,0,0,12,0.8,Cody Latimer12
243,13,2,0,0,2,0,0,0,12,0.9,Daniel Jones8
244,11,0,0,1,1,0,0,0,6,0.5,Jabrill Peppers21
245,16,0,0,1,1,0,0,0,6,0.4,Elijhaa Penny39
246,6,0,0,0,0,0,0,0,2,0.3,Sam Beal23
247,16,0,0,0,0,22,35,0,101,6.3,Jake Elliott4
248,10,6,1,0,7,0,0,0,42,4.2,Jordan Howard24
249,16,3,3,0,6,0,0,1,38,2.4,Miles Sanders26
250,15,0,6,0,6,0,0,1,38,2.5,Zach Ertz86
251,11,5,0,0,5,0,0,0,30,2.7,Boston Scott35
252,10,1,4,0,5,0,0,0,30,3.0,Alshon Jeffery17
253,15,0,5,0,5,0,0,0,30,2.0,Dallas Goedert88
254,11,0,3,0,3,0,0,1,20,1.8,Nelson Agholor13
255,3,0,2,0,2,0,0,0,12,4.0,DeSean Jackson10
256,7,0,1,0,1,0,0,0,6,0.9,Greg Ward Jr.84
257,16,1,0,0,1,0,0,0,6,0.4,Carson Wentz11
258,16,0,1,0,1,0,0,0,6,0.4,J.J. Arcega-Whiteside19
259,5,0,1,0,1,0,0,0,6,1.2,Josh Perkins81
260,16,0,0,1,1,0,0,0,6,0.4,Nathan Gerry47
261,16,0,0,0,0,25,21,0,96,6.0,Dustin Hopkins3
262,14,0,7,0,7,0,0,0,42,3.0,Terry McLaurin17
263,16,1,4,1,6,0,0,0,36,2.3,Steven Sims Jr.15
264,15,5,0,0,5,0,0,0,30,2.0,Adrian Peterson26
265,5,2,1,0,3,0,0,0,18,3.6,Derrius Guice29
266,12,0,1,0,1,0,0,1,8,0.7,Trey Quinn18
267,10,1,0,0,1,0,0,0,6,0.6,Case Keenum8
268,16,0,1,0,1,0,0,0,6,0.4,Jeremy Sprinkle87
269,11,0,1,0,1,0,0,0,6,0.5,Hale Hentges88
270,16,0,0,0,0,23,27,0,96,6.0,Eddy Pineiro15
271,16,0,7,0,7,0,0,0,42,2.6,Allen Robinson II12
272,16,6,1,0,7,0,0,0,42,2.6,David Montgomery32
273,16,0,3,0,3,0,0,0,18,1.1,Tarik Cohen29
274,16,0,2,0,2,0,0,0,12,0.8,Anthony Miller17
275,15,2,0,0,2,0,0,0,12,0.8,Mitchell Trubisky10
276,11,0,1,0,1,0,0,0,6,0.5,Ben Braunecker82
277,16,0,0,1,1,0,0,0,6,0.4,Cordarrelle Patterson84
278,6,0,1,0,1,0,0,0,6,1.0,Jesper Horsted49
279,16,0,0,1,1,0,0,0,6,0.4,Ha Ha Clinton-Dix27
280,16,0,1,0,1,0,0,0,6,0.4,Javon Wims83
281,16,0,0,0,0,0,0,0,2,0.1,Nick Kwiatkoski44
282,8,0,0,0,0,0,0,1,2,0.3,Adam Shaheen87
283,16,0,0,0,0,26,35,0,113,7.1,Matt Prater5
284,16,0,11,0,11,0,0,0,66,4.1,Kenny Golladay19
285,13,0,9,0,9,0,0,0,54,4.2,Marvin Jones Jr.11
286,8,3,1,0,4,0,0,0,24,3.0,Kerryon Johnson33
287,12,0,2,0,2,0,0,0,12,1.0,T.J. Hockenson88
288,1,2,0,0,2,0,0,0,12,12.0,Wes Hills36
289,13,0,0,2,2,0,0,0,12,0.9,Jamal Agnew39
290,3,1,0,0,1,0,0,0,6,2.0,Jeff Driskel9
291,15,0,1,0,1,0,0,0,6,0.4,Danny Amendola80
292,16,0,1,0,1,0,0,0,6,0.4,J.D. McKissic41
293,16,0,1,0,1,0,0,0,6,0.4,Logan Thomas82
294,5,0,1,0,1,0,0,0,6,1.2,David Blough10
295,16,0,0,1,1,0,0,0,6,0.4,Devon Kennard42
296,9,0,1,0,1,0,0,0,6,0.7,Marvin Hall17
297,6,1,0,0,1,0,0,0,6,1.0,Bo Scarbrough43
298,16,16,3,0,19,0,0,0,114,7.1,Aaron Jones33
299,16,0,0,0,0,22,40,0,106,6.6,Mason Crosby2
300,14,1,5,0,6,0,0,0,36,2.6,Jamaal Williams30
301,12,0,5,0,5,0,0,1,32,2.7,Davante Adams17
302,16,0,3,0,3,0,0,0,18,1.1,Jimmy Graham80
303,16,0,3,0,3,0,0,0,18,1.1,Allen Lazard13
304,16,0,2,0,2,0,0,1,14,0.9,Geronimo Allison81
305,16,0,2,0,2,0,0,0,12,0.8,Marquez Valdes-Scantling83
306,16,1,0,0,1,0,0,1,8,0.5,Aaron Rodgers12
307,16,0,1,0,1,0,0,0,6,0.4,Marcedes Lewis89
308,11,0,1,0,1,0,0,0,6,0.5,Robert Tonyan85
309,14,0,1,0,1,0,0,0,6,0.4,Jake Kumerow16
310,16,0,0,0,0,27,40,0,121,7.6,Dan Bailey5
311,14,13,0,0,13,0,0,0,78,5.6,Dalvin Cook33
312,10,1,6,0,7,0,0,0,42,4.2,Adam Thielen19
313,16,0,6,0,6,0,0,1,38,2.4,Kyle Rudolph82
314,15,0,6,0,6,0,0,0,36,2.4,Stefon Diggs14
315,16,0,3,0,3,0,0,0,18,1.1,Bisi Johnson81
316,16,3,0,0,3,0,0,0,18,1.1,Mike Boone23
317,16,0,2,0,2,0,0,0,12,0.8,Irv Smith Jr.84
318,15,1,0,0,1,0,0,0,6,0.4,Kirk Cousins8
319,14,0,0,1,1,0,0,0,6,0.4,Anthony Harris41
320,16,0,1,0,1,0,0,0,6,0.4,C.J. Ham30
321,16,0,0,1,1,0,0,0,6,0.4,Ifeadi Odenigbo95
322,13,1,0,0,1,0,0,0,6,0.5,Alexander Mattison25
323,13,0,1,0,1,0,0,0,6,0.5,Laquon Treadwell80
324,16,0,1,0,1,0,0,0,6,0.4,Ameer Abdullah31
325,14,0,0,0,0,0,0,0,2,0.1,Anthony Barr55
326,8,0,0,0,0,23,15,0,84,10.5,Younghoe Koo7
327,13,0,7,0,7,0,0,1,44,3.4,Calvin Ridley18
328,13,0,6,0,6,0,0,1,38,2.9,Austin Hooper81
329,15,0,6,0,6,0,0,0,36,2.4,Julio Jones11
330,8,4,0,0,4,0,0,0,24,3.0,Qadree Ollison30
331,12,2,1,0,3,0,0,0,18,1.5,Brian Hill23
332,10,0,1,1,2,0,0,0,12,1.2,Olamide Zaccheaus17
333,16,0,0,1,1,0,0,0,6,0.4,Deion Jones45
334,7,1,0,0,1,0,0,0,6,0.9,Ito Smith25
335,16,0,1,0,1,0,0,0,6,0.4,Jaeden Graham87
336,16,0,1,0,1,0,0,0,6,0.4,Russell Gage83
337,15,1,0,0,1,0,0,0,6,0.4,Matt Ryan2
338,13,0,1,0,1,0,0,0,6,0.5,Ty Sambrailo74
339,16,15,4,0,19,0,0,1,116,7.3,Christian McCaffrey22
340,16,0,0,0,0,25,31,0,106,6.6,Joey Slye4
341,16,1,6,0,7,0,0,0,42,2.6,Curtis Samuel10
342,15,0,4,0,4,0,0,0,24,1.6,DJ Moore12
343,13,2,0,0,2,0,0,0,12,0.9,Kyle Allen10
344,14,0,2,0,2,0,0,0,12,0.9,Greg Olsen88
345,16,0,0,1,1,0,0,0,6,0.4,Brian Burns53
346,16,0,1,0,1,0,0,0,6,0.4,Ian Thomas80
347,16,1,0,0,1,0,0,0,6,0.4,Reggie Bonnafon39
348,16,1,0,0,1,0,0,0,6,0.4,Alex Armah40
349,13,0,0,0,0,0,0,0,2,0.2,Bruce Irvin51
350,16,0,0,0,0,32,48,0,144,9.0,Wil Lutz3
351,16,0,9,0,9,0,0,0,54,3.4,Michael Thomas31
352,16,0,9,0,9,0,0,0,54,3.4,Michael Thomas13
353,14,0,9,0,9,0,0,0,54,3.9,Jared Cook87
354,16,1,6,0,7,0,0,0,42,2.6,Taysom Hill7
355,14,5,1,0,6,0,0,0,36,2.6,Alvin Kamara41
356,16,5,1,0,6,0,0,0,36,2.3,Latavius Murray28
357,11,0,5,0,5,0,0,0,30,2.7,Tre'Quan Smith10
358,16,0,3,0,3,0,0,0,18,1.1,Josh Hill89
359,16,0,2,0,2,0,0,0,12,0.8,Ted Ginn Jr.19
360,11,1,0,0,1,0,0,0,6,0.5,Drew Brees9
361,13,0,0,1,1,0,0,0,6,0.5,Vonn Bell24
362,15,0,0,1,1,0,0,0,6,0.4,A.J. Klein53
363,15,0,0,1,1,0,0,0,6,0.4,Marcus Williams43
364,14,0,0,1,1,0,0,0,6,0.4,Deonte Harris11
365,16,0,0,0,0,27,43,0,124,7.8,Matt Gay9
366,14,0,9,0,9,0,0,1,56,4.0,Chris Godwin14
367,13,0,8,0,8,0,0,1,50,3.8,Mike Evans13
368,16,6,1,0,7,0,0,1,44,2.8,Peyton Barber25
369,14,0,6,0,6,0,0,0,36,2.6,Breshad Perriman19
370,16,6,0,0,6,0,0,0,36,2.3,Ronald Jones II27
371,16,0,4,0,4,0,0,0,24,1.5,Cameron Brate84
372,16,0,2,0,2,0,0,0,12,0.8,Justin Watson17
373,16,0,0,2,2,0,0,0,12,0.8,Ndamukong Suh93
374,13,0,0,2,2,0,0,0,12,0.9,Devin White45
375,16,2,0,0,2,0,0,0,12,0.8,Dare Ogunbowale44
376,16,1,0,0,1,0,0,2,10,0.6,Jameis Winston
377,14,0,1,0,1,0,0,0,6,0.4,O.J. Howard80
378,10,0,1,0,1,0,0,0,6,0.6,Scotty Miller10
379,16,0,1,0,1,0,0,0,6,0.4,Vita Vea50
380,9,0,0,1,1,0,0,0,6,0.7,Vernon Hargreaves III28
381,16,0,0,1,1,0,0,0,6,0.4,Sean Murphy-Bunting23
382,16,0,0,0,0,31,34,0,127,7.9,Zane Gonzalez5
383,8,8,0,0,8,0,0,1,50,6.3,Kenyan Drake41
384,13,2,4,0,6,0,0,0,36,2.8,David Johnson31
385,13,4,1,0,5,0,0,0,30,2.3,Chase Edmonds29
386,16,0,4,0,4,0,0,0,24,1.5,Larry Fitzgerald11
387,16,4,0,0,4,0,0,0,24,1.5,Kyler Murray1
388,13,0,3,0,3,0,0,1,20,1.5,Christian Kirk13
389,3,0,2,0,2,0,0,0,12,4.0,Dan Arnold82
390,10,0,1,0,1,0,0,1,8,0.8,KeeSean Johnson19
391,11,0,1,0,1,0,0,0,6,0.5,Damiere Byrd14
392,16,0,1,0,1,0,0,0,6,0.4,Maxx Williams87
393,15,0,1,0,1,0,0,0,6,0.4,Andy Isabella89
394,12,0,1,0,1,0,0,0,6,0.5,Pharoh Cooper14
395,16,0,0,0,0,24,42,0,114,7.1,Greg Zuerlein2
396,15,12,2,0,14,0,0,1,86,5.7,Todd Gurley II21
397,16,0,10,0,10,0,0,0,60,3.8,Cooper Kupp18
398,14,5,0,0,5,0,0,0,30,2.1,Malcolm Brown34
399,15,1,2,0,3,0,0,0,18,1.2,Robert Woods17
400,15,0,3,0,3,0,0,0,18,1.2,Tyler Higbee89
401,13,0,2,0,2,0,0,0,12,0.9,Gerald Everett81
402,16,2,0,0,2,0,0,0,12,0.8,Jared Goff16
403,14,0,2,0,2,0,0,0,12,0.9,Brandin Cooks12
404,16,0,1,0,1,0,0,0,6,0.4,Josh Reynolds83
405,12,0,0,1,1,0,0,0,6,0.5,Darious Williams31
406,16,0,0,1,1,0,0,0,6,0.4,Dante Fowler Jr.56
407,15,0,0,1,1,0,0,0,6,0.4,Taylor Rapp24
408,16,0,0,0,0,0,0,0,2,0.1,Aaron Donald99
409,13,0,0,0,0,23,41,0,110,8.5,Robbie Gould9
410,16,8,2,0,10,0,0,0,60,3.8,Raheem Mostert31
411,14,6,1,0,7,0,0,0,42,3.0,Tevin Coleman26
412,15,3,3,0,6,0,0,1,38,2.5,Deebo Samuel19
413,16,0,5,0,5,0,0,1,32,2.0,Kendrick Bourne84
414,10,4,1,0,5,0,0,0,30,3.0,Jeff Wilson Jr.30
415,14,0,5,0,5,0,0,0,30,2.1,George Kittle85
416,16,0,2,0,2,0,0,0,12,0.8,Ross Dwelley82
417,13,1,1,0,2,0,0,0,12,0.9,Matt Breida22
418,11,0,2,0,2,0,0,0,12,1.1,Dante Pettis18
419,12,0,1,0,1,0,0,0,6,0.5,Kyle Juszczyk44
420,15,0,0,1,1,0,0,0,6,0.4,Richard Sherman25
421,16,0,0,1,1,0,0,0,6,0.4,D.J. Reed Jr.32
422,16,0,0,1,1,0,0,0,6,0.4,Fred Warner54
423,16,0,0,1,1,0,0,0,6,0.4,DeForest Buckner99
424,9,0,1,0,1,0,0,0,6,0.7,Marquise Goodwin1
425,10,0,0,1,1,0,0,0,6,0.6,Ahkello Witherspoon23
426,16,1,0,0,1,0,0,0,6,0.4,Jimmy Garoppolo10
427,16,0,1,0,1,0,0,0,6,0.4,Richie James Jr.13
428,16,0,0,0,0,23,40,0,109,6.8,Jason Myers5
429,15,7,2,0,9,0,0,0,54,3.6,Chris Carson32
430,16,0,8,0,8,0,0,0,48,3.0,Tyler Lockett16
431,16,0,7,0,7,0,0,1,44,2.8,DK Metcalf14
432,6,0,4,0,4,0,0,0,24,4.0,Will Dissly89
433,10,3,1,0,4,0,0,0,24,2.4,Rashaad Penny20
434,16,3,0,0,3,0,0,0,18,1.1,Russell Wilson3
435,11,0,3,0,3,0,0,0,18,1.6,Jacob Hollister48
436,14,0,2,0,2,0,0,0,12,0.9,David Moore83
437,14,0,1,0,1,0,0,0,6,0.4,Nick Bellore44
438,5,0,0,1,1,0,0,0,6,1.2,Quandre Diggs37
