,Name,POS,Age,HT,WT,Exp,College,team
0,Mario Addison97,DE,32,"6' 3""",260 lbs,10,Troy,Bills
1,Bryan Cox Jr.94,DE,25,"6' 3""",270 lbs,4,Florida,Bills
2,AJ Epenesa57,DE,21,"6' 6""",280 lbs,R,Iowa,Bills
3,Jerry Hughes55,DE,31,"6' 2""",254 lbs,11,TCU,Bills
4,Darryl Johnson92,DE,23,"6' 6""",253 lbs,2,North Carolina A&T,Bills
5,Mike Love56,DE,26,"6' 3""",255 lbs,2,South Florida,Bills
6,Trent Murphy93,DE,29,"6' 6""",260 lbs,7,Stanford,Bills
7,Jonathan Woodard59,DE,26,"6' 5""",271 lbs,3,Central Arkansas,Bills
8,Vernon Butler92,DT,25,"6' 4""",330 lbs,5,Louisiana Tech,Bills
9,Quinton Jefferson99,DT,27,"6' 4""",291 lbs,5,Maryland,Bills
10,Star Lotulelei98,DT,30,"6' 2""",315 lbs,8,Utah,Bills
11,Ed Oliver91,DT,22,"6' 1""",287 lbs,2,Houston,Bills
12,Harrison Phillips99,DT,24,"6' 3""",307 lbs,3,Stanford,Bills
13,Vincent Taylor96,DT,26,"6' 3""",311 lbs,4,Oklahoma State,Bills
14,Mike Bell,LB,--,"6' 3""",203 lbs,R,Fresno State,Bills
15,Tyrel Dodson53,LB,21,"6' 0""",237 lbs,1,Texas A&M,Bills
16,Tremaine Edmunds49,LB,22,"6' 5""",250 lbs,3,Virginia Tech,Bills
17,Vosean Joseph50,LB,22,"6' 1""",230 lbs,2,Florida,Bills
18,A.J. Klein53,LB,28,"6' 1""",240 lbs,8,Iowa State,Bills
19,Tyler Matakevich44,LB,27,"6' 1""",235 lbs,5,Temple,Bills
20,Matt Milano58,LB,25,"6' 0""",223 lbs,4,Boston College,Bills
21,Del'Shawn Phillips43,LB,23,"6' 2""",230 lbs,1,Illinois,Bills
22,Corey Thompson52,LB,26,"6' 1""",222 lbs,3,LSU-Shreveport,Bills
23,Isaiah Brown4,CB,--,"6' 1""",185 lbs,R,Florida International,Bills
24,E.J. Gaines26,CB,28,"5' 10""",191 lbs,6,Missouri,Bills
25,Dane Jackson30,CB,23,"6' 0""",180 lbs,R,Pittsburgh,Bills
26,Taron Johnson24,CB,23,"5' 11""",192 lbs,3,Weber State,Bills
27,Cameron Lewis47,CB,23,"5' 9""",183 lbs,1,Buffalo,Bills
28,Josh Norman24,CB,32,"6' 0""",200 lbs,9,Coastal Carolina,Bills
29,Levi Wallace39,CB,24,"6' 0""",179 lbs,3,Alabama,Bills
30,Tre'Davious White27,CB,25,"5' 11""",192 lbs,4,LSU,Bills
31,Micah Hyde23,S,29,"6' 0""",197 lbs,8,Iowa,Bills
32,Jaquan Johnson46,S,24,"5' 10""",191 lbs,2,Miami (FL),Bills
33,Dean Marlowe31,S,27,"6' 1""",208 lbs,4,James Madison,Bills
34,Siran Neal33,S,25,"6' 0""",206 lbs,3,Jacksonville State,Bills
35,Jordan Poyer21,S,29,"6' 0""",191 lbs,8,Oregon State,Bills
36,Garrett Taylor,S,--,"6' 0""",198 lbs,R,Penn State,Bills
37,Josh Thomas,S,--,"6' 0""",205 lbs,R,Appalachian State,Bills
38,Shaq Lawson90,DE,25,"6' 3""",267 lbs,5,Clemson,Dolphins
39,Avery Moss93,DE,25,"6' 3""",271 lbs,3,Youngstown State,Dolphins
40,Emmanuel Ogbah90,DE,26,"6' 4""",275 lbs,5,Oklahoma State,Dolphins
41,Tyshun Render,DE,23,"6' 4""",256 lbs,R,Middle Tennessee,Dolphins
42,Bryce Sterk,DE,--,"6' 5""",261 lbs,R,Montana State,Dolphins
43,Jason Strowbridge55,DE,23,"6' 4""",267 lbs,R,North Carolina,Dolphins
44,Curtis Weaver99,DE,21,"6' 3""",265 lbs,R,Boise State,Dolphins
45,Raekwon Davis99,DT,22,"6' 7""",312 lbs,R,Alabama,Dolphins
46,Davon Godchaux56,DT,25,"6' 3""",311 lbs,4,LSU,Dolphins
47,Benito Jones95,DT,22,"6' 1""",321 lbs,R,Ole Miss,Dolphins
48,Ray Lima,DT,23,"6' 3""",305 lbs,R,Iowa State,Dolphins
49,Durval Queiroz Neto69,DT,27,"6' 4""",330 lbs,1,--,Dolphins
50,Zach Sieler92,DT,24,"6' 6""",301 lbs,3,Ferris State,Dolphins
51,Christian Wilkins94,DT,24,"6' 4""",315 lbs,2,Clemson,Dolphins
52,Jerome Baker55,LB,23,"6' 2""",225 lbs,3,Ohio State,Dolphins
53,Vince Biegel47,LB,26,"6' 3""",246 lbs,4,Wisconsin,Dolphins
54,James Crawford51,LB,25,"6' 2""",239 lbs,3,Illinois,Dolphins
55,Sam Eguavoen49,LB,27,"6' 0""",236 lbs,2,Texas Tech,Dolphins
56,Kamu Grugier-Hill54,LB,25,"6' 2""",230 lbs,5,Eastern Illinois,Dolphins
57,Terrill Hanks57,LB,24,"6' 2""",241 lbs,R,New Mexico State,Dolphins
58,Trent Harris97,LB,24,"6' 2""",255 lbs,2,Miami (FL),Dolphins
59,Kylan Johnson28,LB,23,"6' 2""",230 lbs,R,Pittsburgh,Dolphins
60,Raekwon McMillan52,LB,24,"6' 2""",242 lbs,4,Ohio State,Dolphins
61,Calvin Munson48,LB,25,"6' 0""",245 lbs,2,San Diego State,Dolphins
62,Elandon Roberts52,LB,26,"6' 0""",238 lbs,5,Houston,Dolphins
63,Andrew Van Ginkel43,LB,24,"6' 4""",242 lbs,2,Wisconsin,Dolphins
64,Kyle Van Noy53,LB,29,"6' 3""",250 lbs,7,BYU,Dolphins
65,Nate Brooks30,CB,23,"6' 0""",192 lbs,1,North Texas,Dolphins
66,Tae Hayes22,CB,22,"5' 9""",188 lbs,2,Appalachian State,Dolphins
67,Xavien Howard25,CB,26,"6' 1""",198 lbs,5,Baylor,Dolphins
68,Noah Igbinoghene4,CB,20,"5' 11""",200 lbs,R,Auburn,Dolphins
69,Byron Jones31,CB,27,"6' 1""",200 lbs,6,Connecticut,Dolphins
70,Ryan Lewis24,CB,26,"6' 0""",195 lbs,3,Pittsburgh,Dolphins
71,Nik Needham40,CB,23,"6' 0""",193 lbs,2,UTEP,Dolphins
72,Jamal Perry33,CB,25,"5' 10""",180 lbs,2,Iowa State,Dolphins
73,Eric Rowe21,CB,27,"6' 1""",205 lbs,6,Utah,Dolphins
74,Cordrea Tankersley23,CB,26,"6' 1""",200 lbs,4,Clemson,Dolphins
75,Ken Webster31,CB,23,"5' 11""",202 lbs,2,Ole Miss,Dolphins
76,Adrian Colbert36,S,26,"6' 2""",205 lbs,4,Miami (FL),Dolphins
77,Clayton Fejedelem42,S,26,"6' 0""",205 lbs,5,Illinois,Dolphins
78,Kavon Frazier,S,25,"6' 0""",223 lbs,5,Central Michigan,Dolphins
79,Brandon Jones19,S,22,"6' 0""",205 lbs,R,Texas,Dolphins
80,Bobby McCain28,S,26,"5' 11""",192 lbs,6,Memphis,Dolphins
81,Steven Parker26,S,24,"6' 1""",210 lbs,2,Oklahoma,Dolphins
82,Tashawn Bower96,DE,25,"6' 5""",250 lbs,3,LSU,Patriots
83,Lawrence Guy93,DE,30,"6' 4""",315 lbs,10,Arizona State,Patriots
84,Derek Rivers95,DE,25,"6' 5""",250 lbs,4,Youngstown State,Patriots
85,John Simon55,DE,29,"6' 2""",260 lbs,8,Ohio State,Patriots
86,Nick Thurman92,DE,24,"6' 4""",305 lbs,1,Houston,Patriots
87,Chase Winovich50,DE,25,"6' 3""",250 lbs,2,Michigan,Patriots
88,Deatrich Wise Jr.91,DE,25,"6' 5""",275 lbs,4,Arkansas,Patriots
89,Beau Allen91,DT,28,"6' 3""",327 lbs,7,Wisconsin,Patriots
90,Adam Butler70,DT,26,"6' 5""",300 lbs,4,Vanderbilt,Patriots
91,Byron Cowart99,DT,23,"6' 3""",300 lbs,2,Maryland,Patriots
92,Bill Murray95,DT,--,"6' 4""",280 lbs,R,William & Mary,Patriots
93,Ja'Whaun Bentley51,LB,23,"6' 2""",255 lbs,3,Purdue,Patriots
94,Shilique Calhoun90,LB,28,"6' 4""",260 lbs,5,Michigan State,Patriots
95,Brandon Copeland51,LB,28,"6' 3""",263 lbs,6,Pennsylvania,Patriots
96,Terez Hall59,LB,23,"6' 2""",235 lbs,1,Missouri,Patriots
97,Dont'a Hightower54,LB,30,"6' 3""",260 lbs,9,Alabama,Patriots
98,Anfernee Jennings33,LB,--,"6' 2""",252 lbs,R,Alabama,Patriots
99,Brandon King36,LB,26,"6' 2""",220 lbs,6,Auburn,Patriots
100,Cassh Maluia46,LB,21,"6' 0""",248 lbs,R,Wyoming,Patriots
101,Josh Uche6,LB,21,"6' 1""",241 lbs,R,Michigan,Patriots
102,Justin Bethel29,CB,29,"6' 0""",200 lbs,9,Presbyterian,Patriots
103,Myles Bryant5,CB,--,"5' 9""",185 lbs,R,Washington,Patriots
104,Stephon Gilmore24,CB,29,"6' 1""",202 lbs,9,South Carolina,Patriots
105,J.C. Jackson27,CB,24,"6' 1""",198 lbs,3,Maryland,Patriots
106,Jonathan Jones31,CB,26,"5' 10""",190 lbs,5,Auburn,Patriots
107,Jason McCourty30,CB,32,"5' 11""",195 lbs,12,Rutgers,Patriots
108,Adarius Pickett35,CB,23,"5' 11""",198 lbs,1,UCLA,Patriots
109,Lenzy Pipkins41,CB,26,"6' 0""",196 lbs,2,Oklahoma State,Patriots
110,D'Angelo Ross39,CB,23,"5' 9""",190 lbs,2,New Mexico,Patriots
111,Joejuan Williams33,CB,22,"6' 3""",212 lbs,2,Vanderbilt,Patriots
112,Terrence Brooks25,S,28,"5' 11""",205 lbs,7,Florida State,Patriots
113,Patrick Chung23,S,32,"5' 11""",215 lbs,12,Oregon,Patriots
114,Cody Davis22,S,30,"6' 2""",203 lbs,8,Texas Tech,Patriots
115,Kyle Dugger2,S,24,"6' 1""",220 lbs,R,Lenoir-Rhyne,Patriots
116,Malik Gant42,S,22,"6' 2""",203 lbs,2,Marshall,Patriots
117,Devin McCourty32,S,32,"5' 10""",195 lbs,11,Rutgers,Patriots
118,Adrian Phillips31,S,28,"5' 11""",210 lbs,6,Texas,Patriots
119,Henry Anderson96,DE,28,"6' 6""",301 lbs,6,Stanford,Jets
120,John Franklin-Myers56,DE,23,"6' 4""",288 lbs,3,Stephen F. Austin,Jets
121,Bronson Kaufusi91,DE,28,"6' 6""",275 lbs,3,BYU,Jets
122,Kyle Phillips98,DE,22,"6' 4""",277 lbs,2,Tennessee,Jets
123,Wyatt Ray43,DE,23,"6' 3""",250 lbs,1,Boston College,Jets
124,Charles Tapper80,DE,26,"6' 3""",270 lbs,3,Oklahoma,Jets
125,Jordan Willis60,DE,25,"6' 4""",270 lbs,4,Kansas State,Jets
126,Jabari Zuniga92,DE,22,"6' 3""",253 lbs,R,Florida,Jets
127,Domenique Davis,DT,--,"6' 3""",315 lbs,R,North Carolina Pembroke,Jets
128,Folorunso Fatukasi94,DT,25,"6' 4""",318 lbs,3,Connecticut,Jets
129,Sterling Johnson,DT,22,"6' 4""",280 lbs,R,Coastal Carolina,Jets
130,Steve McLendon99,DT,34,"6' 3""",310 lbs,11,Troy,Jets
131,Nathan Shepherd97,DT,26,"6' 4""",315 lbs,3,Fort Hays State,Jets
132,Quinnen Williams95,DT,22,"6' 3""",303 lbs,2,Alabama,Jets
133,Tarell Basham93,LB,26,"6' 4""",266 lbs,4,Ohio,Jets
134,B.J. Bello49,LB,25,"6' 3""",229 lbs,3,Illinois State,Jets
135,James Burgess58,LB,26,"6' 0""",230 lbs,4,Louisville,Jets
136,Blake Cashman53,LB,23,"6' 1""",237 lbs,2,Minnesota,Jets
137,Ahmad Gooden94,LB,24,"6' 2""",245 lbs,1,Samford,Jets
138,Neville Hewitt46,LB,27,"6' 2""",234 lbs,6,Marshall,Jets
139,Bryce Huff,LB,--,"6' 3""",255 lbs,R,Memphis,Jets
140,Jordan Jenkins48,LB,25,"6' 3""",259 lbs,5,Georgia,Jets
141,Harvey Langi44,LB,27,"6' 2""",250 lbs,3,BYU,Jets
142,Frankie Luvu50,LB,23,"6' 3""",236 lbs,3,Washington State,Jets
143,C.J. Mosley57,LB,27,"6' 2""",250 lbs,7,Alabama,Jets
144,Patrick Onwuasor48,LB,27,"6' 0""",227 lbs,5,Portland State,Jets
145,Avery Williamson54,LB,28,"6' 1""",246 lbs,7,Kentucky,Jets
146,Blessuan Austin31,CB,23,"6' 1""",198 lbs,2,Rutgers,Jets
147,Kyron Brown35,CB,23,"6' 1""",195 lbs,2,Akron,Jets
148,Pierre Desir35,CB,29,"6' 1""",192 lbs,7,Lindenwood,Jets
149,Javelin Guidry28,CB,--,"5' 9""",193 lbs,R,Utah,Jets
150,Nate Hairston21,CB,25,"6' 0""",185 lbs,4,Temple,Jets
151,Bryce Hall34,CB,22,"6' 1""",200 lbs,R,Virginia,Jets
152,Lamar Jackson21,CB,--,"6' 3""",215 lbs,R,Nebraska,Jets
153,Arthur Maulet23,CB,26,"5' 10""",190 lbs,4,Memphis,Jets
154,Brian Poole34,CB,27,"5' 10""",213 lbs,5,Florida,Jets
155,Quincy Wilson31,CB,23,"6' 2""",193 lbs,4,Florida,Jets
156,Jamal Adams33,S,24,"6' 1""",213 lbs,4,LSU,Jets
157,Shyheim Carter,S,--,"6' 0""",191 lbs,R,Alabama,Jets
158,Anthony Cioffi37,S,25,"6' 0""",205 lbs,1,Rutgers,Jets
159,Ashtyn Davis27,S,23,"6' 1""",195 lbs,R,California,Jets
160,Matthias Farley41,S,27,"5' 11""",204 lbs,5,Notre Dame,Jets
161,Bennett Jackson39,S,28,"6' 0""",192 lbs,3,Notre Dame,Jets
162,Marcus Maye20,S,27,"6' 0""",207 lbs,4,Florida,Jets
163,Calais Campbell93,DE,33,"6' 8""",300 lbs,13,Miami (FL),Ravens
164,John Daka,DE,--,"6' 2""",227 lbs,R,James Madison,Ravens
165,Jihad Ward53,DE,25,"6' 5""",287 lbs,5,Illinois,Ravens
166,Marcus Willoughby,DE,--,"6' 3""",273 lbs,R,Elon,Ravens
167,Derek Wolfe95,DE,30,"6' 5""",285 lbs,9,Cincinnati,Ravens
168,Aaron Crawford,DT,--,"6' 2""",290 lbs,R,North Carolina,Ravens
169,Justin Ellis71,DT,29,"6' 2""",350 lbs,7,Louisiana Tech,Ravens
170,Daylon Mack94,DT,23,"6' 1""",340 lbs,2,Texas A&M,Ravens
171,Justin Madubuike53,DT,22,"6' 3""",300 lbs,R,Texas A&M,Ravens
172,Chauncey Rivers,DT,--,"6' 3""",275 lbs,R,Mississippi State,Ravens
173,Broderick Washington Jr.96,DT,--,"6' 3""",305 lbs,R,Texas Tech,Ravens
174,Brandon Williams98,DT,31,"6' 1""",336 lbs,8,Missouri Southern State,Ravens
175,Aaron Adeoye51,LB,26,"6' 6""",250 lbs,1,Southeast Missouri State,Ravens
176,Otaro Alaka50,LB,23,"6' 3""",239 lbs,2,Texas A&M,Ravens
177,Chris Board49,LB,24,"6' 2""",237 lbs,3,North Dakota State,Ravens
178,Tyus Bowser54,LB,24,"6' 3""",242 lbs,4,Houston,Ravens
179,Jaylon Ferguson45,LB,24,"6' 5""",270 lbs,2,Louisiana Tech,Ravens
180,L.J. Fort58,LB,30,"6' 0""",232 lbs,6,Northern Iowa,Ravens
181,Malik Harrison39,LB,22,"6' 3""",246 lbs,R,Ohio State,Ravens
182,Matthew Judon99,LB,27,"6' 3""",261 lbs,5,Grand Valley State,Ravens
183,Michael Onuoha96,LB,26,"6' 5""",259 lbs,1,Texas A&M-Commerce,Ravens
184,Patrick Queen48,LB,20,"6' 1""",227 lbs,R,LSU,Ravens
185,Jake Ryan47,LB,28,"6' 2""",240 lbs,5,Michigan,Ravens
186,Kristian Welch,LB,--,"6' 3""",239 lbs,R,Iowa,Ravens
187,Anthony Averett34,CB,25,"5' 11""",184 lbs,3,Alabama,Ravens
188,Terrell Bonds38,CB,23,--,--,1,Tennessee State,Ravens
189,Khalil Dorsey,CB,--,"5' 9""",170 lbs,R,Northern Arizona,Ravens
190,Marlon Humphrey44,CB,23,"6' 0""",197 lbs,4,Alabama,Ravens
191,Iman Marshall37,CB,23,"6' 1""",210 lbs,2,USC,Ravens
192,Josh Nurse,CB,--,"6' 3""",200 lbs,R,Utah,Ravens
193,Marcus Peters24,CB,27,"6' 0""",195 lbs,6,Washington,Ravens
194,Jimmy Smith22,CB,31,"6' 2""",210 lbs,10,Colorado,Ravens
195,Tavon Young25,CB,26,"5' 9""",185 lbs,5,Temple,Ravens
196,Chuck Clark36,S,25,"6' 0""",205 lbs,4,Virginia Tech,Ravens
197,DeShon Elliott32,S,23,"6' 0""",210 lbs,3,Texas,Ravens
198,Jeff Hector,S,--,"6' 0""",185 lbs,R,Redlands,Ravens
199,Anthony Levine Sr.41,S,33,"5' 11""",207 lbs,9,Tennessee State,Ravens
200,Jordan Richards28,S,27,"5' 11""",210 lbs,6,Stanford,Ravens
201,Geno Stone9,S,21,"5' 10""",210 lbs,R,Iowa,Ravens
202,Earl Thomas III29,S,30,"5' 10""",220 lbs,11,Texas,Ravens
203,Nigel Warrior,S,--,"6' 0""",190 lbs,R,Tennessee,Ravens
204,Andrew Brown93,DE,24,"6' 3""",290 lbs,2,Virginia,Bengals
205,Carlos Dunlap96,DE,31,"6' 6""",285 lbs,11,Florida,Bengals
206,Sam Hubbard94,DE,24,"6' 5""",265 lbs,3,Ohio State,Bengals
207,Khalid Kareem90,DE,22,"6' 4""",265 lbs,R,Notre Dame,Bengals
208,Carl Lawson58,DE,24,"6' 2""",265 lbs,4,Auburn,Bengals
209,D.J. Reader98,DE,25,"6' 3""",347 lbs,5,Clemson,Bengals
210,Freedom Akinmoladun92,DT,24,"6' 3""",286 lbs,1,Nebraska,Bengals
211,Geno Atkins97,DT,32,"6' 1""",300 lbs,11,Georgia,Bengals
212,Tyler Clark69,DT,--,"6' 4""",300 lbs,R,Georgia,Bengals
213,Trey Dishon,DT,--,"6' 2""",311 lbs,R,Kansas State,Bengals
214,Ryan Glasgow98,DT,26,"6' 3""",300 lbs,4,Michigan,Bengals
215,Josh Tupou91,DT,26,"6' 3""",345 lbs,4,Colorado,Bengals
216,Renell Wren95,DT,24,"6' 5""",318 lbs,2,Arizona State,Bengals
217,Markus Bailey51,LB,23,"6' 1""",240 lbs,R,Purdue,Bengals
218,Josh Bynes56,LB,30,"6' 1""",235 lbs,10,Auburn,Bengals
219,Austin Calitro47,LB,26,"6' 0""",240 lbs,3,Villanova,Bengals
220,Akeem Davis-Gaither59,LB,22,"6' 2""",215 lbs,R,Appalachian State,Bengals
221,Jordan Evans50,LB,25,"6' 3""",242 lbs,4,Oklahoma,Bengals
222,Kendall Futrell44,LB,--,"6' 2""",226 lbs,R,East Carolina,Bengals
223,Germaine Pratt57,LB,23,"6' 3""",245 lbs,2,North Carolina State,Bengals
224,Brady Sheldon45,LB,27,"6' 5""",231 lbs,1,Ferris State,Bengals
225,Marcel Spears Jr.52,LB,22,"6' 0""",221 lbs,R,Iowa State,Bengals
226,Logan Wilson55,LB,23,"6' 2""",241 lbs,R,Wyoming,Bengals
227,Mackensie Alexander21,CB,26,"5' 10""",192 lbs,5,Clemson,Bengals
228,Tony Brown27,CB,24,"6' 0""",199 lbs,3,Alabama,Bengals
229,William Jackson III22,CB,27,"6' 0""",196 lbs,5,Houston,Bengals
230,Greg Mabin29,CB,25,"6' 2""",195 lbs,4,Iowa,Bengals
231,Torry McTyer20,CB,25,"5' 11""",188 lbs,4,UNLV,Bengals
232,Darius Phillips24,CB,24,"5' 10""",190 lbs,3,Western Michigan,Bengals
233,Winston Rose24,CB,26,"6' 0""",180 lbs,1,New Mexico State,Bengals
234,LeShaun Sims38,CB,26,"6' 0""",203 lbs,5,Southern Utah,Bengals
235,Isiah Swann25,CB,--,"6' 0""",195 lbs,R,Dartmouth,Bengals
236,Trae Waynes26,CB,27,"6' 0""",190 lbs,6,Michigan State,Bengals
237,Jessie Bates III30,S,23,"6' 1""",200 lbs,3,Wake Forest,Bengals
238,Vonn Bell24,S,25,"5' 11""",205 lbs,5,Ohio State,Bengals
239,Trayvon Henderson41,S,24,"6' 0""",205 lbs,2,Hawai'i',Bengals
240,Shawn Williams36,S,28,"6' 0""",212 lbs,8,Georgia,Bengals
241,Brandon Wilson40,S,25,"5' 10""",200 lbs,4,Houston,Bengals
242,Adrian Clayborn99,DE,31,"6' 3""",280 lbs,10,Iowa,Browns
243,Myles Garrett95,DE,24,"6' 4""",272 lbs,4,Texas A&M,Browns
244,Porter Gustin97,DE,23,"6' 5""",267 lbs,2,USC,Browns
245,Robert McCray52,DE,24,"6' 2""",280 lbs,1,Indiana,Browns
246,George Obinna,DE,--,"6' 3""",240 lbs,R,Sacramento State,Browns
247,Chad Thomas92,DE,24,"6' 5""",278 lbs,3,Miami (FL),Browns
248,Olivier Vernon54,DE,29,"6' 2""",262 lbs,9,Miami (FL),Browns
249,Jeffery Whatley,DE,--,"6' 2""",300 lbs,R,South Alabama,Browns
250,Trevon Young59,DE,25,"6' 4""",259 lbs,2,Louisville,Browns
251,Eli Ankou91,DT,25,"6' 3""",325 lbs,4,UCLA,Browns
252,Andrew Billings99,DT,25,"6' 1""",328 lbs,5,Baylor,Browns
253,Brandin Bryant90,DT,26,"6' 2""",289 lbs,1,Florida Atlantic,Browns
254,Daniel Ekuale96,DT,26,"6' 3""",300 lbs,2,Washington State,Browns
255,Jordan Elliott1,DT,22,"6' 4""",315 lbs,R,Missouri,Browns
256,Larry Ogunjobi65,DT,25,"6' 3""",305 lbs,4,Charlotte,Browns
257,Sheldon Richardson98,DT,29,"6' 3""",294 lbs,8,Missouri,Browns
258,Justin Zimmer99,DT,27,"6' 3""",300 lbs,2,Ferris State,Browns
259,Solomon Ajayi14,LB,--,"6' 1""",235 lbs,R,Liberty,Browns
260,Tae Davis55,LB,23,"6' 1""",224 lbs,3,Chattanooga,Browns
261,B.J. Goodson93,LB,26,"6' 1""",242 lbs,5,Clemson,Browns
262,Jermaine Grace48,LB,26,"6' 1""",223 lbs,4,Miami (FL),Browns
263,Willie Harvey56,LB,24,"5' 11""",230 lbs,2,Iowa State,Browns
264,Montrel Meander41,LB,25,"6' 2""",215 lbs,1,Grambling State,Browns
265,Jacob Phillips0,LB,21,"6' 4""",233 lbs,R,LSU,Browns
266,Sione Takitaki44,LB,24,"6' 1""",238 lbs,2,BYU,Browns
267,Mack Wilson51,LB,22,"6' 1""",233 lbs,2,Alabama,Browns
268,A.J. Green,CB,--,"6' 1""",190 lbs,R,Oklahoma State,Browns
269,Jameson Houston,CB,--,"5' 11""",200 lbs,R,Baylor,Browns
270,Robert Jackson34,CB,26,"6' 2""",207 lbs,2,UNLV,Browns
271,Kevin Johnson29,CB,27,"6' 0""",185 lbs,6,Wake Forest,Browns
272,Donnie Lewis Jr.37,CB,23,"6' 0""",195 lbs,1,Tulane,Browns
273,Terrance Mitchell39,CB,27,"5' 11""",191 lbs,7,Oregon,Browns
274,Donovan Olumba32,CB,24,"6' 2""",205 lbs,1,Portland State,Browns
275,Tavierre Thomas20,CB,24,"5' 10""",205 lbs,3,Ferris State,Browns
276,Denzel Ward21,CB,23,"5' 11""",190 lbs,3,Ohio State,Browns
277,Greedy Williams26,CB,22,"6' 2""",185 lbs,2,LSU,Browns
278,Elijah Benton,S,--,"6' 1""",205 lbs,R,Liberty,Browns
279,Grant Delpit7,S,21,"6' 3""",203 lbs,R,LSU,Browns
280,J.T. Hassell49,S,24,"5' 11""",200 lbs,2,Florida Tech,Browns
281,Karl Joseph42,S,26,"5' 10""",200 lbs,5,West Virginia,Browns
282,Jovante Moffatt,S,--,"6' 0""",210 lbs,R,Middle Tennessee,Browns
283,Sheldrick Redwine29,S,23,"6' 0""",196 lbs,2,Miami (FL),Browns
284,Andrew Sendejo34,S,32,"6' 1""",210 lbs,10,Rice,Browns
285,Chris Wormley93,NT,26,"6' 5""",300 lbs,4,Michigan,Steelers
286,Tyson Alualu94,DE,32,"6' 3""",304 lbs,11,California,Steelers
287,Isaiah Buggs96,DE,23,"6' 3""",295 lbs,2,Alabama,Steelers
288,Dewayne Hendrix73,DE,24,"6' 4""",270 lbs,1,Pittsburgh,Steelers
289,James Lockhart9,DE,--,"6' 2""",263 lbs,R,Baylor,Steelers
290,Henry Mondeaux99,DE,24,"6' 4""",280 lbs,1,Oregon,Steelers
291,Calvin Taylor Jr.91,DE,--,"6' 9""",310 lbs,R,Kentucky,Steelers
292,Stephon Tuitt91,DE,26,"6' 6""",303 lbs,7,Notre Dame,Steelers
293,Josiah Coatney40,DT,24,"6' 4""",309 lbs,R,Ole Miss,Steelers
294,Carlos Davis96,DT,23,"6' 2""",320 lbs,R,Nebraska,Steelers
295,Cameron Heyward97,DT,30,"6' 5""",295 lbs,10,Ohio State,Steelers
296,Dan McCullers93,DT,27,"6' 7""",352 lbs,7,Tennessee,Steelers
297,Cavon Walker99,DT,25,"6' 2""",278 lbs,1,Maryland,Steelers
298,Olasunkanmi Adeniyi92,LB,22,"6' 1""",248 lbs,3,Toledo,Steelers
299,Devin Bush55,LB,21,"5' 11""",234 lbs,2,Michigan,Steelers
300,Bud Dupree48,LB,27,"6' 4""",269 lbs,6,Kentucky,Steelers
301,Ulysees Gilbert III54,LB,22,"6' 0""",230 lbs,2,Akron,Steelers
302,Alex Highsmith5,LB,22,"6' 4""",242 lbs,R,Charlotte,Steelers
303,John Houston Jr.10,LB,--,"6' 3""",220 lbs,R,USC,Steelers
304,Christian Kuntz99,LB,26,"6' 1""",227 lbs,1,Duquesne,Steelers
305,Leo Lewis10,LB,23,"6' 2""",245 lbs,R,Mississippi State,Steelers
306,Tuzar Skipper51,LB,24,"6' 3""",246 lbs,2,Toledo,Steelers
307,Robert Spillane41,LB,24,"6' 1""",229 lbs,2,Western Michigan,Steelers
308,T.J. Watt90,LB,25,"6' 4""",252 lbs,4,Wisconsin,Steelers
309,Vince Williams98,LB,30,"6' 1""",233 lbs,8,Florida State,Steelers
310,Trajan Bandy2,CB,20,"5' 9""",186 lbs,R,Miami (FL),Steelers
311,Breon Borders48,CB,24,"6' 0""",189 lbs,2,Duke,Steelers
312,Joe Haden23,CB,31,"5' 11""",195 lbs,11,Florida,Steelers
313,Mike Hilton28,CB,26,"5' 9""",184 lbs,4,Ole Miss,Steelers
314,Justin Layne31,CB,22,"6' 2""",192 lbs,2,Michigan State,Steelers
315,Alexander Myres35,CB,24,"5' 11""",192 lbs,1,Houston,Steelers
316,Steven Nelson22,CB,27,"5' 11""",194 lbs,6,Oregon State,Steelers
317,James Pierre23,CB,23,"6' 2""",185 lbs,R,Florida Atlantic,Steelers
318,Arrion Springs33,CB,24,"5' 11""",208 lbs,1,Oregon,Steelers
319,Cameron Sutton20,CB,25,"5' 11""",188 lbs,4,Tennessee,Steelers
320,Marcus Allen27,S,23,"6' 2""",215 lbs,2,Penn State,Steelers
321,John Battle32,S,25,"6' 0""",201 lbs,1,LSU,Steelers
322,Antoine Brooks Jr.25,S,22,"5' 11""",215 lbs,R,Maryland,Steelers
323,Jordan Dangerfield37,S,29,"5' 11""",199 lbs,4,Towson,Steelers
324,Terrell Edmunds34,S,23,"6' 1""",217 lbs,3,Virginia Tech,Steelers
325,Minkah Fitzpatrick39,S,23,"6' 1""",207 lbs,3,Alabama,Steelers
326,Tyree Kinnel29,S,23,"5' 11""",210 lbs,1,Michigan,Steelers
327,Tray Matthews46,S,25,"6' 1""",213 lbs,1,Auburn,Steelers
328,Brandon Dunn92,NT,27,"6' 2""",310 lbs,5,Louisville,Texans
329,Eddie Vanderdoes95,NT,25,"6' 3""",315 lbs,4,UCLA,Texans
330,Angelo Blackson97,DE,27,"6' 4""",319 lbs,6,Auburn,Texans
331,Jonathan Greenard58,DE,22,"6' 4""",263 lbs,R,Florida,Texans
332,Charles Omenihu94,DE,22,"6' 5""",280 lbs,2,Texas,Texans
333,Ira Savage-Lewis96,DE,24,"6' 3""",290 lbs,2,Baylor,Texans
334,Carlos Watkins91,DE,26,"6' 3""",297 lbs,4,Clemson,Texans
335,J.J. Watt99,DE,31,"6' 5""",288 lbs,10,Wisconsin,Texans
336,Auzoyah Alufohai,DT,--,"6' 4""",320 lbs,R,West Georgia,Texans
337,Ross Blacklock90,DT,21,"6' 4""",305 lbs,R,TCU,Texans
338,Tim Jernigan93,DT,27,"6' 2""",295 lbs,7,Florida State,Texans
339,Tyrell Adams50,LB,28,"6' 2""",230 lbs,4,West Georgia,Texans
340,Davin Bellamy49,LB,25,"6' 5""",259 lbs,1,Georgia,Texans
341,Dylan Cole51,LB,25,"6' 0""",237 lbs,4,Missouri State,Texans
342,Zach Cunningham41,LB,25,"6' 3""",238 lbs,4,Vanderbilt,Texans
343,Duke Ejiofor53,LB,25,"6' 3""",275 lbs,3,Wake Forest,Texans
344,Nate Hall48,LB,24,"6' 2""",231 lbs,1,Northwestern,Texans
345,Jan Johnson,LB,--,"6' 2""",231 lbs,R,Penn State,Texans
346,Jamir Jones,LB,--,"6' 3""",255 lbs,R,Notre Dame,Texans
347,Peter Kalambayi58,LB,24,"6' 3""",254 lbs,3,Stanford,Texans
348,Chris Landrum42,LB,27,"6' 2""",245 lbs,5,Jacksonville State,Texans
349,Jacob Martin54,LB,24,"6' 2""",242 lbs,3,Temple,Texans
350,Benardrick McKinney55,LB,27,"6' 4""",257 lbs,6,Mississippi State,Texans
351,Whitney Mercilus59,LB,29,"6' 4""",258 lbs,9,Illinois,Texans
352,Brennan Scarlett57,LB,26,"6' 4""",263 lbs,5,Stanford,Texans
353,Cornell Armstrong30,CB,24,"6' 0""",185 lbs,3,Southern Miss,Texans
354,Anthony Chesley43,CB,24,"6' 0""",190 lbs,1,Coastal Carolina,Texans
355,Gareon Conley22,CB,24,"6' 0""",190 lbs,4,Ohio State,Texans
356,Keion Crossen35,CB,24,"5' 10""",185 lbs,3,Western Carolina,Texans
357,Phillip Gaines29,CB,29,"6' 0""",193 lbs,7,Rice,Texans
358,Vernon Hargreaves III28,CB,24,"5' 10""",204 lbs,5,Florida,Texans
359,Lonnie Johnson Jr.32,CB,24,"6' 2""",213 lbs,2,Kentucky,Texans
360,John Reid29,CB,23,"5' 10""",181 lbs,R,Penn State,Texans
361,Bradley Roby21,CB,28,"5' 11""",194 lbs,7,Ohio State,Texans
362,Shalom Luani42,S,25,"6' 0""",202 lbs,3,Washington State,Texans
363,A.J. Moore Jr.33,S,24,"5' 11""",200 lbs,3,Ole Miss,Texans
364,Eric Murray22,S,26,"5' 11""",199 lbs,5,Minnesota,Texans
365,Jonathan Owens36,S,24,"5' 11""",210 lbs,2,Missouri Western,Texans
366,Justin Reid20,S,23,"6' 1""",203 lbs,3,Stanford,Texans
367,Michael Thomas31,S,30,"5' 10""",195 lbs,7,Stanford,Texans
368,Jaylen Watkins27,S,28,"5' 11""",194 lbs,6,Florida,Texans
369,Denico Autry96,DE,29,"6' 5""",285 lbs,7,Mississippi State,Colts
370,Ben Banogu52,DE,24,"6' 3""",252 lbs,2,TCU,Colts
371,Kameron Cline92,DE,--,"6' 4""",270 lbs,R,South Dakota,Colts
372,Kendall Coleman73,DE,--,"6' 3""",253 lbs,R,Syracuse,Colts
373,Gerri Green95,DE,24,"6' 4""",250 lbs,1,Mississippi State,Colts
374,Justin Houston50,DE,31,"6' 3""",270 lbs,10,Georgia,Colts
375,Iseoluwapo Jegede79,DE,25,"6' 5""",273 lbs,2,Valdosta State,Colts
376,Tyquan Lewis94,DE,25,"6' 3""",277 lbs,3,Ohio State,Colts
377,Al-Quadin Muhammad97,DE,25,"6' 4""",250 lbs,4,Miami (FL),Colts
378,Kemoko Turay57,DE,24,"6' 5""",248 lbs,3,Rutgers,Colts
379,Chris Williams66,DE,--,"6' 2""",302 lbs,R,Wagner,Colts
380,DeForest Buckner99,DT,26,"6' 7""",295 lbs,5,Oregon,Colts
381,Sheldon Day91,DT,25,"6' 1""",285 lbs,5,Notre Dame,Colts
382,Grover Stewart90,DT,26,"6' 4""",315 lbs,4,Albany State (GA),Colts
383,Robert Windsor93,DT,23,"6' 4""",285 lbs,R,Penn State,Colts
384,Matthew Adams49,LB,24,"6' 0""",229 lbs,3,Houston,Colts
385,Zaire Franklin44,LB,23,"6' 0""",235 lbs,3,Syracuse,Colts
386,Jordan Glasgow59,LB,23,"6' 1""",226 lbs,R,Michigan,Colts
387,Darius Leonard53,LB,24,"6' 2""",230 lbs,3,South Carolina State,Colts
388,Skai Moore55,LB,25,"6' 2""",225 lbs,2,South Carolina,Colts
389,Bobby Okereke58,LB,23,"6' 1""",235 lbs,2,Stanford,Colts
390,E.J. Speed45,LB,24,"6' 3""",224 lbs,2,Tarleton State,Colts
391,Anthony Walker54,LB,24,"6' 1""",230 lbs,4,Northwestern,Colts
392,Brandon Wellington56,LB,--,"6' 0""",226 lbs,R,Washington,Colts
393,T.J. Carrie38,CB,29,"6' 0""",204 lbs,7,Ohio,Colts
394,Kenny Moore II23,CB,24,"5' 9""",190 lbs,4,Valdosta State,Colts
395,Picasso Nelson Jr.43,CB,24,"5' 10""",195 lbs,1,Southern Miss,Colts
396,Lafayette Pitts40,CB,27,"5' 11""",195 lbs,3,Pittsburgh,Colts
397,Jackson Porter36,CB,25,"6' 1""",193 lbs,1,Massachusetts,Colts
398,Travis Reed48,CB,23,"6' 2""",185 lbs,R,South Alabama,Colts
399,Xavier Rhodes27,CB,29,"6' 1""",218 lbs,8,Florida State,Colts
400,Isaiah Rodgers34,CB,--,"5' 10""",170 lbs,R,Massachusetts,Colts
401,Marvell Tell III39,CB,23,"6' 2""",195 lbs,2,USC,Colts
402,Rock Ya-Sin26,CB,23,"6' 0""",190 lbs,2,Temple,Colts
403,Julian Blackmon32,S,21,"6' 1""",204 lbs,R,Utah,Colts
404,Malik Hooker29,S,24,"6' 1""",214 lbs,4,Ohio State,Colts
405,Rolan Milligan42,S,25,"5' 10""",200 lbs,2,Toledo,Colts
406,George Odum30,S,26,"6' 1""",202 lbs,3,Central Arkansas,Colts
407,Donald Rutledge Jr.47,S,--,"6' 1""",210 lbs,R,Georgia Southern,Colts
408,Khari Willis37,S,23,"5' 11""",213 lbs,2,Michigan State,Colts
409,Rodney Gunter95,DE,28,"6' 5""",305 lbs,6,Delaware State,Jaguars
410,Chuck Harris96,DE,22,"6' 4""",265 lbs,1,Buffalo,Jaguars
411,Cassius Marsh Sr.54,DE,27,"6' 4""",254 lbs,7,UCLA,Jaguars
412,Lerentee McCray55,DE,29,"6' 3""",249 lbs,8,Florida,Jaguars
413,Yannick Ngakoue91,DE,25,"6' 2""",246 lbs,5,Maryland,Jaguars
414,Dawuane Smoot94,DE,25,"6' 3""",264 lbs,4,Illinois,Jaguars
415,Taven Bryan90,DT,24,"6' 5""",291 lbs,3,Florida,Jaguars
416,Doug Costin59,DT,22,"6' 2""",295 lbs,R,Miami (OH),Jaguars
417,Carl Davis79,DT,28,"6' 5""",320 lbs,6,Iowa,Jaguars
418,Davon Hamilton52,DT,23,"6' 4""",327 lbs,R,Ohio State,Jaguars
419,Abry Jones95,DT,28,"6' 4""",318 lbs,8,Georgia,Jaguars
420,Brian Price92,DT,25,"6' 3""",322 lbs,3,UTSA,Jaguars
421,Dontavius Russell98,DT,24,"6' 3""",320 lbs,2,Auburn,Jaguars
422,Al Woods97,DT,33,"6' 4""",330 lbs,11,LSU,Jaguars
423,Dakota Allen53,LB,24,"6' 1""",232 lbs,2,Texas Tech,Jaguars
424,Josh Allen41,LB,22,"6' 5""",262 lbs,2,Kentucky,Jaguars
425,K'Lavon Chaisson45,LB,20,"6' 4""",250 lbs,R,LSU,Jaguars
426,Nate Evans57,LB,--,"6' 1""",241 lbs,R,UCF,Jaguars
427,Joe Giles-Harris43,LB,23,"6' 2""",240 lbs,1,Duke,Jaguars
428,Myles Jack44,LB,24,"6' 1""",244 lbs,5,UCLA,Jaguars
429,Leon Jacobs48,LB,24,"6' 2""",246 lbs,3,Wisconsin,Jaguars
430,Shaquille Quarterman50,LB,22,"6' 1""",241 lbs,R,Miami (FL),Jaguars
431,Joe Schobert47,LB,26,"6' 1""",245 lbs,5,Wisconsin,Jaguars
432,Quincy Williams56,LB,23,"5' 11""",225 lbs,2,Murray State,Jaguars
433,Luq Barcoo3,CB,--,"6' 1""",175 lbs,R,San Diego State,Jaguars
434,Chris Claybrooks7,CB,21,"5' 9""",177 lbs,R,Memphis,Jaguars
435,D.J. Hayden25,CB,29,"5' 11""",190 lbs,8,Houston,Jaguars
436,Amari Henderson,CB,22,"6' 1""",180 lbs,R,Wake Forest,Jaguars
437,CJ Henderson21,CB,21,"6' 1""",202 lbs,R,Florida,Jaguars
438,Tre Herndon37,CB,24,"5' 11""",185 lbs,3,Vanderbilt,Jaguars
439,Rashaan Melvin22,CB,30,"6' 2""",194 lbs,8,Northern Illinois,Jaguars
440,Parry Nickerson35,CB,25,"5' 10""",182 lbs,3,Tulane,Jaguars
441,Josiah Scott24,CB,21,"5' 10""",171 lbs,R,Michigan State,Jaguars
442,Brandon Watson40,CB,24,"5' 11""",198 lbs,2,Michigan,Jaguars
443,Kobe Williams31,CB,--,"5' 10""",174 lbs,R,Arizona State,Jaguars
444,Ronnie Harrison36,S,23,"6' 3""",207 lbs,3,Alabama,Jaguars
445,Josh Jones26,S,25,"6' 2""",220 lbs,4,North Carolina State,Jaguars
446,Doug Middleton39,S,26,"6' 0""",210 lbs,3,Appalachian State,Jaguars
447,J.R. Reed30,S,24,"6' 1""",194 lbs,R,Georgia,Jaguars
448,Daniel Thomas20,S,21,"5' 11""",209 lbs,R,Auburn,Jaguars
449,Jarrod Wilson26,S,26,"6' 2""",210 lbs,5,Michigan,Jaguars
450,Andrew Wingard42,S,23,"6' 0""",209 lbs,2,Wyoming,Jaguars
451,Vic Beasley Jr.44,DE,27,"6' 3""",246 lbs,6,Clemson,Titans
452,Amani Bledsoe95,DE,22,"6' 4""",280 lbs,1,Oklahoma,Titans
453,Matt Dickerson92,DE,24,"6' 5""",292 lbs,3,UCLA,Titans
454,Jack Crawford95,DT,31,"6' 5""",274 lbs,9,Penn State,Titans
455,Joey Ivie96,DT,25,"6' 3""",301 lbs,2,Florida,Titans
456,DaQuan Jones90,DT,28,"6' 4""",322 lbs,7,Penn State,Titans
457,Isaiah Mack97,DT,24,"6' 1""",299 lbs,2,Chattanooga,Titans
458,Larrell Murchison92,DT,23,"6' 2""",291 lbs,R,North Carolina State,Titans
459,Jeffery Simmons98,DT,22,"6' 4""",305 lbs,2,Mississippi State,Titans
460,Kobe Smith95,DT,--,"6' 2""",300 lbs,R,South Carolina,Titans
461,Teair Tart,DT,--,"6' 3""",290 lbs,R,Florida International,Titans
462,Jayon Brown55,LB,25,"6' 0""",226 lbs,4,UCLA,Titans
463,Kamalei Correa44,LB,26,"6' 3""",241 lbs,5,Boise State,Titans
464,Nick Dzubnar48,LB,28,"6' 1""",240 lbs,6,Cal Poly,Titans
465,Rashaan Evans54,LB,24,"6' 2""",232 lbs,3,Alabama,Titans
466,Cale Garrett,LB,--,"6' 3""",230 lbs,R,Missouri,Titans
467,Reggie Gilbert93,LB,27,"6' 4""",260 lbs,3,Arizona,Titans
468,Nigel Harris57,LB,25,"6' 2""",225 lbs,2,South Florida,Titans
469,Khaylan Kearse-Thomas,LB,--,"6' 1""",224 lbs,R,Arizona State,Titans
470,Harold Landry III58,LB,23,"6' 2""",252 lbs,3,Boston College,Titans
471,David Long51,LB,23,"5' 11""",227 lbs,2,West Virginia,Titans
472,Derick Roberson50,LB,24,"6' 3""",250 lbs,2,Sam Houston State,Titans
473,Josh Smith45,LB,23,"6' 4""",240 lbs,1,Vanderbilt,Titans
474,D'Andre Walker42,LB,23,"6' 2""",251 lbs,2,Georgia,Titans
475,Jordan Williams40,LB,27,"6' 4""",262 lbs,3,Tennessee,Titans
476,Malcolm Butler21,CB,30,"5' 11""",190 lbs,7,West Alabama,Titans
477,Dane Cruikshank29,CB,25,"6' 1""",209 lbs,3,Arizona,Titans
478,Kenneth Durden38,CB,27,"6' 1""",180 lbs,2,Youngstown State,Titans
479,Kristian Fulton1,CB,21,"6' 0""",200 lbs,R,LSU,Titans
480,Adoree' Jackson25,CB,24,"5' 11""",185 lbs,4,USC,Titans
481,Chris Jackson3,CB,22,"6' 0""",186 lbs,R,Marshall,Titans
482,Joshua Kalu46,CB,24,"6' 0""",203 lbs,2,Nebraska,Titans
483,Chris Milton30,CB,27,"5' 11""",190 lbs,5,Georgia Tech,Titans
484,Kareem Orr20,CB,23,"5' 11""",195 lbs,1,Chattanooga,Titans
485,Tye Smith23,CB,27,"6' 0""",195 lbs,5,Towson,Titans
486,Kevin Byard31,S,26,"5' 11""",212 lbs,5,Middle Tennessee,Titans
487,Ibraheim Campbell,S,27,"5' 11""",210 lbs,6,Northwestern,Titans
488,Amani Hooker37,S,21,"5' 11""",210 lbs,2,Iowa,Titans
489,Kenny Vaccaro24,S,29,"6' 0""",214 lbs,8,Texas,Titans
490,Shelby Harris96,NT,28,"6' 2""",290 lbs,6,Illinois State,Broncos
491,Joel Heath93,NT,26,"6' 6""",302 lbs,4,Michigan State,Broncos
492,Kyle Peko77,NT,26,"6' 1""",305 lbs,3,Oregon State,Broncos
493,Mike Purcell98,NT,29,"6' 3""",328 lbs,5,Wyoming,Broncos
494,Christian Covington,DE,26,"6' 2""",300 lbs,6,Rice,Broncos
495,Dre'Mont Jones93,DE,23,"6' 3""",281 lbs,2,Ohio State,Broncos
496,Derrek Tuszka91,DE,--,"6' 5""",246 lbs,R,North Dakota State,Broncos
497,DeMarcus Walker57,DE,25,"6' 4""",280 lbs,4,Florida State,Broncos
498,McTelvin Agim3,DT,22,"6' 3""",300 lbs,R,Arkansas,Broncos
499,Jurrell Casey99,DT,30,"6' 1""",305 lbs,10,USC,Broncos
500,Jonathan Harris92,DT,23,"6' 5""",290 lbs,2,Lindenwood,Broncos
501,Jeremiah Attaochu97,LB,27,"6' 3""",252 lbs,7,Georgia Tech,Broncos
502,Malik Carney53,LB,24,"6' 3""",231 lbs,1,North Carolina,Broncos
503,Bradley Chubb55,LB,23,"6' 4""",275 lbs,3,North Carolina State,Broncos
504,Tre' Crawford49,LB,23,"6' 3""",235 lbs,1,UAB,Broncos
505,Todd Davis51,LB,27,"6' 1""",230 lbs,7,Sacramento State,Broncos
506,Justin Hollins52,LB,24,"6' 5""",248 lbs,2,Oregon,Broncos
507,Josey Jewell47,LB,25,"6' 2""",236 lbs,3,Iowa,Broncos
508,Alexander Johnson45,LB,28,"6' 2""",255 lbs,3,Tennessee,Broncos
509,Joe Jones43,LB,26,"6' 0""",231 lbs,4,Northwestern,Broncos
510,Von Miller58,LB,31,"6' 3""",250 lbs,10,Texas A&M,Broncos
511,Malik Reed59,LB,23,"6' 2""",235 lbs,2,Nevada,Broncos
512,Justin Strnad23,LB,23,"6' 3""",235 lbs,R,Wake Forest,Broncos
513,Josh Watson54,LB,23,"6' 2""",240 lbs,2,Colorado State,Broncos
514,Essang Bassey,CB,21,"5' 9""",190 lbs,R,Wake Forest,Broncos
515,De'Vante Bausby41,CB,27,"6' 2""",190 lbs,4,Pittsburg State,Broncos
516,A.J. Bouye21,CB,28,"6' 0""",191 lbs,8,UCF,Broncos
517,Bryce Callahan29,CB,28,"5' 9""",188 lbs,6,Rice,Broncos
518,Duke Dawson Jr.20,CB,24,"5' 10""",198 lbs,3,Florida,Broncos
519,Davontae Harris27,CB,25,"5' 11""",200 lbs,3,Illinois State,Broncos
520,Alijah Holder49,CB,24,"6' 2""",188 lbs,1,Stanford,Broncos
521,Kareem Jackson22,CB,32,"5' 10""",183 lbs,11,Alabama,Broncos
522,Michael Ojemudia11,CB,22,"6' 0""",200 lbs,R,Iowa,Broncos
523,Shakial Taylor38,CB,23,"6' 0""",181 lbs,2,Kansas,Broncos
524,Isaac Yiadom26,CB,24,"6' 1""",190 lbs,3,Boston College,Broncos
525,Douglas Coleman III,S,--,"6' 1""",200 lbs,R,Texas Tech,Broncos
526,P.J. Locke37,S,23,"5' 11""",210 lbs,1,Texas,Broncos
527,Trey Marshall36,S,24,"6' 0""",207 lbs,2,Florida State,Broncos
528,Justin Simmons31,S,26,"6' 2""",202 lbs,5,Boston College,Broncos
529,Kahani Smith24,S,--,"6' 1""",190 lbs,R,UTEP,Broncos
530,Taco Charlton96,DE,25,"6' 6""",270 lbs,3,Michigan,Chiefs
531,Frank Clark55,DE,26,"6' 3""",260 lbs,6,Michigan,Chiefs
532,Mike Danna4,DE,22,"6' 2""",261 lbs,R,Michigan,Chiefs
533,Demone Harris52,DE,24,"6' 4""",272 lbs,2,Buffalo,Chiefs
534,Tanoh Kpassagnon92,DE,25,"6' 7""",289 lbs,4,Villanova,Chiefs
535,Alex Okafor97,DE,29,"6' 4""",261 lbs,8,Texas,Chiefs
536,Breeland Speaks57,DE,24,"6' 3""",285 lbs,3,Ole Miss,Chiefs
537,Tim Ward79,DE,22,"6' 6""",255 lbs,1,Old Dominion,Chiefs
538,Tershawn Wharton,DE,--,"6' 4""",255 lbs,R,Missouri S & T,Chiefs
539,Braxton Hoyett96,DT,24,"6' 3""",310 lbs,1,Mississippi State,Chiefs
540,Chris Jones95,DT,25,"6' 6""",310 lbs,5,Mississippi State,Chiefs
541,Devaroe Lawrence93,DT,27,"6' 2""",295 lbs,2,Auburn,Chiefs
542,Derrick Nnadi91,DT,23,"6' 1""",312 lbs,3,Florida State,Chiefs
543,Mike Pennel64,DT,28,"6' 4""",332 lbs,7,Colorado State-Pueblo,Chiefs
544,Khalen Saunders99,DT,23,"6' 0""",324 lbs,2,Western Illinois,Chiefs
545,Omari Cobb,LB,22,"6' 4""",223 lbs,R,Marshall,Chiefs
546,Willie Gay Jr.6,LB,22,"6' 2""",240 lbs,R,Mississippi State,Chiefs
547,Darius Harris47,LB,24,"6' 2""",238 lbs,1,Middle Tennessee,Chiefs
548,Anthony Hitchens53,LB,27,"6' 0""",235 lbs,7,Iowa,Chiefs
549,Ben Niemann56,LB,24,"6' 2""",235 lbs,3,Iowa,Chiefs
550,Dorian O'Daniel44,LB,25,"6' 1""",220 lbs,3,Clemson,Chiefs
551,Emmanuel Smith43,LB,24,"6' 2""",240 lbs,1,Vanderbilt,Chiefs
552,Damien Wilson54,LB,26,"6' 0""",245 lbs,6,Minnesota,Chiefs
553,Bryan Wright11,LB,--,"6' 3""",238 lbs,R,Cincinnati,Chiefs
554,Hakeem Bailey,CB,--,"6' 0""",188 lbs,R,West Virginia,Chiefs
555,Bashaud Breeland21,CB,28,"5' 11""",195 lbs,7,Clemson,Chiefs
556,Alex Brown30,CB,23,"5' 9""",183 lbs,1,South Carolina State,Chiefs
557,Javaris Davis13,CB,23,"5' 10""",180 lbs,R,Auburn,Chiefs
558,Rashad Fenton27,CB,23,"5' 11""",188 lbs,2,South Carolina,Chiefs
559,Antonio Hamilton20,CB,27,"6' 0""",195 lbs,5,South Carolina State,Chiefs
560,Lavert Hill,CB,21,"5' 11""",182 lbs,R,Michigan,Chiefs
561,Jalen Julius26,CB,23,"5' 10""",192 lbs,R,Ole Miss,Chiefs
562,Bopete Keyes26,CB,22,"6' 1""",200 lbs,R,Tulane,Chiefs
563,Chris Lammons38,CB,24,"5' 10""",190 lbs,2,South Carolina,Chiefs
564,Charvarius Ward35,CB,23,"6' 1""",198 lbs,3,Middle Tennessee,Chiefs
565,Rodney Clemons,S,23,"6' 0""",205 lbs,R,SMU,Chiefs
566,Tyrann Mathieu32,S,27,"5' 9""",190 lbs,8,LSU,Chiefs
567,L'Jarius Sneed1,S,23,"6' 1""",193 lbs,R,Louisiana Tech,Chiefs
568,Daniel Sorensen49,S,30,"6' 2""",208 lbs,7,BYU,Chiefs
569,Juan Thornhill22,S,24,"6' 0""",205 lbs,2,Virginia,Chiefs
570,Armani Watts23,S,24,"5' 11""",205 lbs,3,Texas A&M,Chiefs
571,Ade Aruna79,DE,26,"6' 5""",263 lbs,2,Tulane,Raiders
572,Maxx Crosby98,DE,22,"6' 5""",255 lbs,2,Eastern Michigan,Raiders
573,Kendall Donnerson57,DE,24,"6' 3""",249 lbs,1,Southeast Missouri State,Raiders
574,Clelin Ferrell96,DE,22,"6' 4""",265 lbs,2,Clemson,Raiders
575,Arden Key99,DE,24,"6' 5""",240 lbs,3,LSU,Raiders
576,Carl Nassib94,DE,27,"6' 7""",275 lbs,5,Penn State,Raiders
577,Jeremiah Valoaga94,DE,25,"6' 6""",275 lbs,2,UNLV,Raiders
578,Kendal Vickers64,DE,24,"6' 3""",295 lbs,1,Tennessee,Raiders
579,Maliek Collins96,DT,25,"6' 2""",310 lbs,5,Nebraska,Raiders
580,P.J. Hall92,DT,25,"6' 0""",305 lbs,3,Sam Houston State,Raiders
581,Johnathan Hankins90,DT,28,"6' 3""",340 lbs,8,Ohio State,Raiders
582,Maurice Hurst73,DT,24,"6' 1""",291 lbs,3,Michigan,Raiders
583,Mike Panasiuk,DT,--,"6' 4""",300 lbs,R,Michigan State,Raiders
584,Daniel Ross93,DT,27,"6' 4""",300 lbs,4,--,Raiders
585,Te'von Coney56,LB,22,"6' 1""",231 lbs,1,Notre Dame,Raiders
586,Ukeme Eligwe54,LB,26,"6' 2""",239 lbs,3,Georgia Southern,Raiders
587,Nick Kwiatkoski44,LB,26,"6' 2""",242 lbs,5,West Virginia,Raiders
588,Marquel Lee52,LB,24,"6' 3""",235 lbs,4,Wake Forest,Raiders
589,Cory Littleton58,LB,26,"6' 3""",228 lbs,5,Washington,Raiders
590,Derrick Moncrief24,LB,26,"6' 2""",220 lbs,1,Oklahoma State,Raiders
591,Nicholas Morrow50,LB,24,"6' 0""",225 lbs,4,--,Raiders
592,Quentin Poling51,LB,25,"6' 1""",235 lbs,1,Ohio,Raiders
593,Nick Usher6,LB,25,"6' 3""",216 lbs,1,UTEP,Raiders
594,Javin White,LB,--,"6' 3""",205 lbs,R,UNLV,Raiders
595,Kyle Wilber58,LB,31,"6' 4""",240 lbs,9,Wake Forest,Raiders
596,Damon Arnette3,CB,23,"6' 0""",195 lbs,R,Ohio State,Raiders
597,Jordan Brown39,CB,24,"6' 0""",197 lbs,1,South Dakota State,Raiders
598,Ken Crawley32,CB,27,"6' 1""",180 lbs,5,Colorado,Raiders
599,Madre Harper,CB,--,"6' 2""",190 lbs,R,Southern Illinois,Raiders
600,Isaiah Johnson31,CB,24,"6' 2""",210 lbs,2,Houston,Raiders
601,D.J. Killings40,CB,24,"5' 10""",195 lbs,2,UCF,Raiders
602,Nevin Lawson26,CB,29,"5' 10""",190 lbs,7,Utah State,Raiders
603,Dylan Mabin37,CB,22,"6' 1""",195 lbs,1,Fordham,Raiders
604,Trayvon Mullen27,CB,22,"6' 2""",200 lbs,2,Clemson,Raiders
605,Nick Nelson23,CB,23,"5' 11""",205 lbs,2,Wisconsin,Raiders
606,Keisean Nixon22,CB,22,"5' 10""",200 lbs,2,South Carolina,Raiders
607,Amik Robertson21,CB,21,"5' 9""",183 lbs,R,Louisiana Tech,Raiders
608,Johnathan Abram24,S,23,"6' 0""",205 lbs,2,Mississippi State,Raiders
609,Erik Harris25,S,30,"6' 2""",220 lbs,5,California (PA),Raiders
610,Jeff Heath38,S,28,"6' 1""",212 lbs,8,Saginaw Valley,Raiders
611,Lamarcus Joyner29,S,29,"5' 8""",185 lbs,7,Florida State,Raiders
612,Dallin Leavitt32,S,25,"5' 10""",195 lbs,2,Utah State,Raiders
613,Tanner Muse19,S,23,"6' 2""",230 lbs,R,Clemson,Raiders
614,Damarious Randall23,S,27,"5' 11""",196 lbs,6,Arizona State,Raiders
615,Joey Bosa97,DE,24,"6' 5""",280 lbs,5,Ohio State,Chargers
616,Joe Gaziano,DE,23,"6' 4""",275 lbs,R,Northwestern,Chargers
617,Melvin Ingram III54,DE,31,"6' 2""",247 lbs,9,South Carolina,Chargers
618,Jessie Lemonier,DE,--,"6' 3""",240 lbs,R,Liberty,Chargers
619,Isaac Rochell98,DE,25,"6' 4""",280 lbs,3,Notre Dame,Chargers
620,Cortez Broughton91,DT,23,"6' 2""",291 lbs,2,Cincinnati,Chargers
621,Breiden Fehoko,DT,23,"6' 2""",291 lbs,R,LSU,Chargers
622,PJ Johnson94,DT,23,"6' 4""",334 lbs,1,Arizona,Chargers
623,Justin Jones93,DT,23,"6' 3""",309 lbs,3,North Carolina State,Chargers
624,Linval Joseph95,DT,31,"6' 4""",329 lbs,11,East Carolina,Chargers
625,T.J. Smith,DT,23,"6' 3""",293 lbs,R,Arkansas,Chargers
626,Jerry Tillery99,DT,23,"6' 6""",295 lbs,2,Notre Dame,Chargers
627,Asmar Bilal,LB,--,"6' 2""",227 lbs,R,Notre Dame,Chargers
628,Cole Christiansen,LB,--,"6' 2""",225 lbs,R,Army,Chargers
629,Emeke Egbule51,LB,23,"6' 2""",245 lbs,2,Houston,Chargers
630,Romeo Finley,LB,--,"6' 1""",218 lbs,R,Miami (FL),Chargers
631,Malik Jefferson46,LB,23,"6' 2""",240 lbs,3,Texas,Chargers
632,Kenneth Murray56,LB,21,"6' 2""",234 lbs,R,Oklahoma,Chargers
633,Uchenna Nwosu42,LB,23,"6' 2""",251 lbs,3,USC,Chargers
634,Denzel Perryman52,LB,27,"5' 11""",240 lbs,6,Miami (FL),Chargers
635,Drue Tranquill49,LB,24,"6' 2""",228 lbs,2,Notre Dame,Chargers
636,Nick Vigil59,LB,26,"6' 2""",235 lbs,5,Utah State,Chargers
637,Kyzir White44,LB,24,"6' 2""",218 lbs,3,West Virginia,Chargers
638,John Brannon III,CB,--,"6' 2""",195 lbs,R,Western Carolina,Chargers
639,Tevaughn Campbell37,CB,26,"6' 0""",200 lbs,1,U Regina ca,Chargers
640,Michael Davis43,CB,25,"6' 2""",195 lbs,4,BYU,Chargers
641,Brandon Facyson28,CB,25,"6' 2""",197 lbs,3,Virginia Tech,Chargers
642,Chris Harris Jr.25,CB,30,"5' 10""",199 lbs,10,Kansas,Chargers
643,Casey Hayward Jr.26,CB,30,"5' 11""",192 lbs,9,Vanderbilt,Chargers
644,Desmond King II20,CB,25,"5' 10""",200 lbs,4,Iowa,Chargers
645,Kevin McGill,CB,--,"6' 2""",200 lbs,R,Eastern Michigan,Chargers
646,Quenton Meeks29,CB,23,"6' 1""",209 lbs,2,Stanford,Chargers
647,Donte Vaughn,CB,--,"6' 2""",212 lbs,R,Notre Dame,Chargers
648,Nasir Adderley24,S,22,"6' 0""",195 lbs,2,Delaware,Chargers
649,Alohi Gilman32,S,22,"5' 11""",202 lbs,R,Notre Dame,Chargers
650,Derwin James33,S,23,"6' 2""",215 lbs,3,Florida State,Chargers
651,Rayshawn Jenkins23,S,26,"6' 2""",220 lbs,4,Miami (FL),Chargers
652,Roderic Teamer36,S,22,"5' 11""",187 lbs,2,Tulane,Chargers
653,Bradlee Anae51,DE,22,"6' 3""",257 lbs,R,Utah,Cowboys
654,Dorance Armstrong92,DE,22,"6' 4""",262 lbs,3,Kansas,Cowboys
655,Ron'Dell Carter5,DE,--,"6' 3""",269 lbs,R,James Madison,Cowboys
656,Tyrone Crawford98,DE,30,"6' 4""",285 lbs,9,Boise State,Cowboys
657,LaDarius Hamilton2,DE,--,"6' 3""",260 lbs,R,North Texas,Cowboys
658,Joe Jackson56,DE,23,"6' 4""",285 lbs,2,Miami (FL),Cowboys
659,Jalen Jelks96,DE,23,"6' 5""",260 lbs,2,Oregon,Cowboys
660,DeMarcus Lawrence90,DE,28,"6' 3""",265 lbs,7,Boise State,Cowboys
661,Garrett Marino,DE,--,"6' 2""",290 lbs,R,UAB,Cowboys
662,Neville Gallimore75,DT,23,"6' 2""",302 lbs,R,Oklahoma,Cowboys
663,Justin Hamilton79,DT,26,"6' 2""",315 lbs,4,Louisiana-Lafayette,Cowboys
664,Trysten Hill97,DT,22,"6' 3""",310 lbs,2,UCF,Cowboys
665,Gerald McCoy93,DT,32,"6' 4""",300 lbs,11,Oklahoma,Cowboys
666,Dontari Poe95,DT,29,"6' 3""",346 lbs,9,Memphis,Cowboys
667,Antwaun Woods99,DT,27,"6' 1""",310 lbs,3,USC,Cowboys
668,Francis Bernard,LB,--,"6' 0""",240 lbs,R,Utah,Cowboys
669,Luke Gifford57,LB,24,"6' 3""",245 lbs,2,Nebraska,Cowboys
670,Azur Kamara5,LB,--,"6' 4""",235 lbs,R,Kansas,Cowboys
671,Sean Lee50,LB,33,"6' 2""",245 lbs,11,Penn State,Cowboys
672,Justin March53,LB,26,"5' 11""",232 lbs,6,Akron,Cowboys
673,Jaylon Smith54,LB,24,"6' 2""",248 lbs,4,Notre Dame,Cowboys
674,Joe Thomas48,LB,28,"6' 1""",233 lbs,6,South Carolina State,Cowboys
675,Leighton Vander Esch55,LB,24,"6' 4""",255 lbs,3,Boise State,Cowboys
676,Chidobe Awuzie24,CB,24,"6' 0""",203 lbs,4,Colorado,Cowboys
677,Anthony Brown30,CB,26,"5' 11""",198 lbs,5,Purdue,Cowboys
678,Deante Burton33,CB,25,"6' 2""",205 lbs,3,Kansas State,Cowboys
679,Maurice Canady28,CB,25,"6' 1""",193 lbs,5,Virginia,Cowboys
680,Trevon Diggs31,CB,22,"6' 2""",207 lbs,R,Alabama,Cowboys
681,C.J. Goodwin29,CB,30,"6' 3""",198 lbs,5,California (PA),Cowboys
682,Jourdan Lewis26,CB,24,"5' 10""",195 lbs,4,Michigan,Cowboys
683,Reggie Robinson II41,CB,23,"6' 1""",197 lbs,R,Tulsa,Cowboys
684,Saivion Smith26,CB,22,"6' 1""",200 lbs,1,Alabama,Cowboys
685,Chris Westry39,CB,22,"6' 4""",210 lbs,2,Kentucky,Cowboys
686,Daryl Worley20,CB,25,"6' 1""",215 lbs,5,West Virginia,Cowboys
687,Ha Ha Clinton-Dix27,S,27,"6' 1""",211 lbs,7,Alabama,Cowboys
688,Luther Kirk14,S,--,"6' 2""",195 lbs,R,Illinois State,Cowboys
689,Darian Thompson23,S,26,"6' 2""",212 lbs,5,Boise State,Cowboys
690,Donovan Wilson37,S,25,"6' 0""",208 lbs,2,Texas A&M,Cowboys
691,Xavier Woods25,S,24,"5' 11""",208 lbs,4,Louisiana Tech,Cowboys
692,Austin Johnson98,NT,25,"6' 4""",314 lbs,5,Penn State,Giants
693,Oluwole Betiku Jr.,DE,22,"6' 3""",250 lbs,R,Illinois,Giants
694,Niko Lalos,DE,22,"6' 5""",269 lbs,R,Dartmouth,Giants
695,Dana Levine,DE,--,"6' 4""",235 lbs,R,Temple,Giants
696,Leonard Williams99,DE,25,"6' 5""",302 lbs,6,USC,Giants
697,B.J. Hill95,DT,25,"6' 3""",311 lbs,3,North Carolina State,Giants
698,Dexter Lawrence97,DT,22,"6' 4""",342 lbs,2,Clemson,Giants
699,RJ McIntosh90,DT,23,"6' 5""",293 lbs,3,Miami (FL),Giants
700,Chris Slayton91,DT,23,"6' 4""",316 lbs,1,Syracuse,Giants
701,Dalvin Tomlinson94,DT,26,"6' 3""",318 lbs,4,Alabama,Giants
702,Cam Brown6,LB,22,"6' 5""",233 lbs,R,Penn State,Giants
703,T.J. Brunson6,LB,22,"6' 1""",230 lbs,R,South Carolina,Giants
704,Lorenzo Carter59,LB,24,"6' 5""",255 lbs,3,Georgia,Giants
705,Ryan Connelly57,LB,24,"6' 2""",236 lbs,2,Wisconsin,Giants
706,Carter Coughlin45,LB,22,"6' 3""",234 lbs,R,Minnesota,Giants
707,Tae Crowder30,LB,23,"6' 3""",235 lbs,R,Georgia,Giants
708,Devante Downs52,LB,24,"6' 2""",252 lbs,3,California,Giants
709,Kyler Fackrell51,LB,28,"6' 5""",245 lbs,5,Utah State,Giants
710,Blake Martinez54,LB,26,"6' 2""",237 lbs,5,Stanford,Giants
711,David Mayo55,LB,26,"6' 2""",240 lbs,6,Texas State,Giants
712,Mark McLaurin46,LB,23,"6' 2""",214 lbs,2,Mississippi State,Giants
713,Chris Peace58,LB,24,"6' 2""",250 lbs,2,Virginia,Giants
714,Dominique Ross,LB,--,"6' 4""",228 lbs,R,North Carolina,Giants
715,Josiah Tauaefa48,LB,23,"6' 1""",235 lbs,2,UTSA,Giants
716,Oshane Ximines53,LB,23,"6' 4""",254 lbs,2,Old Dominion,Giants
717,Christian Angulo,CB,--,"6' 2""",190 lbs,R,Hampton,Giants
718,DeAndre Baker27,CB,22,"5' 11""",189 lbs,2,Georgia,Giants
719,Corey Ballentine25,CB,24,"6' 0""",191 lbs,2,Washburn,Giants
720,Sam Beal23,CB,23,"6' 1""",192 lbs,3,Western Michigan,Giants
721,James Bradberry24,CB,26,"6' 1""",212 lbs,5,Samford,Giants
722,Malcolm Elmore,CB,22,"5' 11""",185 lbs,R,--,Giants
723,Grant Haley34,CB,24,"5' 9""",191 lbs,3,Penn State,Giants
724,Darnay Holmes1,CB,21,"5' 10""",192 lbs,R,UCLA,Giants
725,Julian Love20,CB,22,"5' 11""",195 lbs,2,Notre Dame,Giants
726,Chris Williamson6,CB,22,"6' 0""",205 lbs,R,Minnesota,Giants
727,Dravon Askew-Henry41,S,24,"6' 0""",202 lbs,1,West Virginia,Giants
728,Sean Chandler36,S,24,"5' 11""",202 lbs,3,Temple,Giants
729,Nate Ebner43,S,31,"6' 0""",215 lbs,9,Ohio State,Giants
730,Rashaan Gaulden38,S,25,"6' 1""",200 lbs,3,Tennessee,Giants
731,Montre Hartage,S,22,"6' 0""",190 lbs,1,Northwestern,Giants
732,Jaquarius Landrews,S,23,"6' 0""",200 lbs,R,Mississippi State,Giants
733,Xavier McKinney15,S,21,"6' 1""",200 lbs,R,Alabama,Giants
734,Jabrill Peppers21,S,24,"5' 11""",215 lbs,4,Michigan,Giants
735,Genard Avery58,DE,25,"6' 0""",250 lbs,3,Memphis,Eagles
736,Derek Barnett96,DE,23,"6' 3""",259 lbs,4,Tennessee,Eagles
737,Brandon Graham55,DE,32,"6' 2""",265 lbs,11,Michigan,Eagles
738,Daeshon Hall74,DE,24,"6' 5""",265 lbs,4,Texas A&M,Eagles
739,Shareef Miller51,DE,23,"6' 4""",254 lbs,2,Penn State,Eagles
740,Joe Ostman95,DE,24,"6' 3""",259 lbs,2,Central Michigan,Eagles
741,Josh Sweat94,DE,23,"6' 5""",251 lbs,3,Florida State,Eagles
742,Casey Toohill52,DE,--,"6' 4""",247 lbs,R,Stanford,Eagles
743,Fletcher Cox91,DT,29,"6' 4""",310 lbs,9,Mississippi State,Eagles
744,Javon Hargrave93,DT,27,"6' 2""",305 lbs,5,South Carolina State,Eagles
745,Bruce Hector90,DT,25,"6' 2""",296 lbs,2,South Florida,Eagles
746,Albert Huggins76,DT,22,"6' 3""",305 lbs,1,Clemson,Eagles
747,Malik Jackson97,DT,30,"6' 5""",290 lbs,9,Tennessee,Eagles
748,Hassan Ridgeway98,DT,25,"6' 3""",305 lbs,5,Texas,Eagles
749,Anthony Rush66,DT,23,"6' 5""",350 lbs,2,UAB,Eagles
750,Raequan Williams99,DT,23,"6' 4""",303 lbs,R,Michigan State,Eagles
751,Shaun Bradley5,LB,23,"6' 1""",230 lbs,R,Temple,Eagles
752,Jatavis Brown53,LB,26,"5' 11""",221 lbs,5,Akron,Eagles
753,T.J. Edwards57,LB,23,"6' 1""",242 lbs,2,Wisconsin,Eagles
754,Nathan Gerry47,LB,25,"6' 2""",230 lbs,4,Nebraska,Eagles
755,Dante Olson33,LB,23,"6' 3""",240 lbs,R,Montana,Eagles
756,Duke Riley50,LB,25,"6' 1""",218 lbs,4,LSU,Eagles
757,Alex Singleton49,LB,26,"6' 2""",240 lbs,2,Montana State,Eagles
758,Davion Taylor20,LB,21,"6' 1""",225 lbs,R,Colorado,Eagles
759,Grayland Arnold1,CB,22,"5' 10""",190 lbs,R,Baylor,Eagles
760,Rasul Douglas32,CB,24,"6' 2""",209 lbs,4,West Virginia,Eagles
761,Michael Jacquet III11,CB,23,"6' 2""",201 lbs,R,Louisiana-Lafayette,Eagles
762,Craig James39,CB,24,"5' 10""",195 lbs,2,Southern Illinois,Eagles
763,Sidney Jones22,CB,23,"6' 0""",181 lbs,3,Washington,Eagles
764,Cre'Von LeBlanc34,CB,25,"5' 10""",190 lbs,5,Florida Atlantic,Eagles
765,Avonte Maddox29,CB,24,"5' 9""",184 lbs,3,Pittsburgh,Eagles
766,Elijah Riley23,CB,--,"6' 0""",205 lbs,R,Army,Eagles
767,Nickell Robey-Coleman31,CB,28,"5' 8""",180 lbs,8,USC,Eagles
768,Darius Slay24,CB,29,"6' 0""",190 lbs,8,Mississippi State,Eagles
769,Tremon Smith38,CB,23,"5' 11""",190 lbs,3,Central Arkansas,Eagles
770,Prince Smith Jr.6,CB,--,"5' 10""",192 lbs,R,New Hampshire,Eagles
771,Trevor Williams41,CB,26,"5' 11""",191 lbs,5,Penn State,Eagles
772,Marcus Epps37,S,24,"6' 0""",198 lbs,2,Wyoming,Eagles
773,Rudy Ford36,S,25,"6' 0""",204 lbs,4,Auburn,Eagles
774,Rodney McLeod23,S,29,"5' 10""",195 lbs,9,Virginia,Eagles
775,Jalen Mills21,S,26,"6' 0""",191 lbs,5,LSU,Eagles
776,Will Parks28,S,25,"6' 1""",194 lbs,5,Arizona,Eagles
777,K'Von Wallace12,S,22,"5' 11""",199 lbs,R,Clemson,Eagles
778,Ryan Bee92,DE,24,"6' 7""",280 lbs,1,Marshall,Redskins
779,Cameron Malveaux48,DE,25,"6' 5""",265 lbs,2,Houston,Redskins
780,James Smith-Williams72,DE,--,"6' 4""",265 lbs,R,North Carolina State,Redskins
781,Chase Young99,DE,21,"6' 5""",265 lbs,R,Ohio State,Redskins
782,Jonathan Allen93,DT,25,"6' 3""",300 lbs,4,Alabama,Redskins
783,Caleb Brantley99,DT,25,"6' 2""",305 lbs,4,Florida,Redskins
784,Matt Ioannidis98,DT,26,"6' 3""",310 lbs,5,Temple,Redskins
785,Daron Payne94,DT,22,"6' 3""",320 lbs,3,Alabama,Redskins
786,Tim Settle97,DT,22,"6' 3""",308 lbs,3,Virginia Tech,Redskins
787,Ryan Anderson52,LB,25,"6' 2""",255 lbs,4,Alabama,Redskins
788,Jon Bostic53,LB,28,"6' 1""",245 lbs,8,Florida,Redskins
789,Jordan Brailford95,LB,24,"6' 3""",252 lbs,2,Oklahoma State,Redskins
790,Thomas Davis Sr.58,LB,37,"6' 1""",235 lbs,16,Georgia,Redskins
791,Reuben Foster56,LB,26,"6' 1""",228 lbs,4,Alabama,Redskins
792,Shaun Dion Hamilton51,LB,24,"6' 0""",235 lbs,3,Alabama,Redskins
793,Josh Harvey-Clemons40,LB,26,"6' 4""",245 lbs,4,Louisville,Redskins
794,Cole Holcomb55,LB,23,"6' 1""",240 lbs,2,North Carolina,Redskins
795,Khaleke Hudson47,LB,22,"5' 11""",220 lbs,R,Michigan,Redskins
796,Ryan Kerrigan91,LB,31,"6' 4""",265 lbs,10,Purdue,Redskins
797,Jared Norris52,LB,26,"6' 1""",238 lbs,4,Utah,Redskins
798,Nate Orchard54,LB,27,"6' 3""",255 lbs,5,Utah,Redskins
799,Kevin Pierre-Louis57,LB,28,"6' 0""",230 lbs,7,Boston College,Redskins
800,Montez Sweat90,LB,23,"6' 6""",262 lbs,2,Mississippi State,Redskins
801,Ronald Darby21,CB,26,"5' 11""",193 lbs,6,Florida State,Redskins
802,Kendall Fuller29,CB,25,"5' 11""",198 lbs,5,Virginia Tech,Redskins
803,Danny Johnson41,CB,24,"5' 9""",190 lbs,3,Southern University,Redskins
804,Fabian Moreau31,CB,26,"6' 0""",204 lbs,4,UCLA,Redskins
805,Jimmy Moreland32,CB,24,"5' 11""",182 lbs,2,James Madison,Redskins
806,Greg Stroman37,CB,24,"6' 0""",182 lbs,3,Virginia Tech,Redskins
807,Troy Apke30,S,25,"6' 1""",205 lbs,3,Penn State,Redskins
808,Landon Collins20,S,26,"6' 0""",218 lbs,6,Alabama,Redskins
809,Kamren Curl31,S,21,"6' 2""",198 lbs,R,Arkansas,Redskins
810,Sean Davis21,S,26,"6' 1""",202 lbs,5,Maryland,Redskins
811,Deshazor Everett22,S,28,"6' 0""",203 lbs,6,Texas A&M,Redskins
812,Jeremy Reaves39,S,23,"5' 11""",200 lbs,2,South Alabama,Redskins
813,Maurice Smith46,S,24,"6' 0""",194 lbs,3,Georgia,Redskins
814,Eddie Goldman91,NT,26,"6' 3""",318 lbs,6,Florida State,Bears
815,LaCale London,DE,--,"6' 5""",280 lbs,R,Western Illinois,Bears
816,Ledarius Mack,DE,--,"6' 1""",240 lbs,R,Buffalo,Bears
817,Roy Robertson-Harris95,DE,26,"6' 5""",292 lbs,4,UTEP,Bears
818,Brent Urban92,DE,28,"6' 7""",300 lbs,7,Virginia,Bears
819,Abdullah Anderson76,DT,24,"6' 3""",297 lbs,2,Bucknell,Bears
820,Lee Autry,DT,--,"6' 2""",305 lbs,R,Mississippi State,Bears
821,Akiem Hicks96,DT,30,"6' 4""",352 lbs,9,U Regina ca,Bears
822,John Jenkins,DT,30,"6' 3""",327 lbs,8,Georgia,Bears
823,Trevon McSwain,DT,--,"6' 6""",285 lbs,R,Duke,Bears
824,Bilal Nichols98,DT,23,"6' 3""",313 lbs,3,Delaware,Bears
825,Devante Bond53,LB,26,"6' 1""",236 lbs,5,Oklahoma,Bears
826,Trevis Gipson15,LB,22,"6' 4""",259 lbs,R,Tulsa,Bears
827,Isaiah Irving47,LB,25,"6' 3""",254 lbs,4,San Jose State,Bears
828,Joel Iyiegbuniwe45,LB,24,"6' 1""",226 lbs,3,Western Kentucky,Bears
829,Keandre Jones,LB,--,"6' 3""",220 lbs,R,Maryland,Bears
830,Khalil Mack52,LB,29,"6' 3""",269 lbs,7,Buffalo,Bears
831,Barkevious Mingo50,LB,29,"6' 5""",235 lbs,8,LSU,Bears
832,Robert Quinn94,LB,29,"6' 4""",260 lbs,10,North Carolina,Bears
833,Rashad Smith,LB,--,"6' 1""",220 lbs,R,Florida Atlantic,Bears
834,Roquan Smith58,LB,23,"6' 0""",230 lbs,3,Georgia,Bears
835,Danny Trevathan59,LB,30,"6' 0""",239 lbs,9,Kentucky,Bears
836,James Vaughters93,LB,26,"6' 1""",256 lbs,1,Stanford,Bears
837,Josh Woods55,LB,23,"6' 1""",236 lbs,2,Maryland,Bears
838,Artie Burns25,CB,25,"6' 0""",197 lbs,5,Miami (FL),Bears
839,Xavier Crawford20,CB,24,"5' 11""",187 lbs,2,Central Michigan,Bears
840,Stephen Denmark37,CB,24,"6' 3""",220 lbs,1,Valdosta State,Bears
841,Kyle Fuller23,CB,28,"5' 11""",194 lbs,7,Virginia Tech,Bears
842,Jaylon Johnson1,CB,21,"6' 0""",195 lbs,R,Utah,Bears
843,Michael Joseph30,CB,25,"6' 0""",194 lbs,1,University of Dubuqu,Bears
844,Sherrick McManis27,CB,32,"5' 11""",203 lbs,11,Northwestern,Bears
845,Tre Roberson31,CB,27,"6' 0""",200 lbs,1,Illinois State,Bears
846,Duke Shelley33,CB,23,"5' 8""",183 lbs,2,Kansas State,Bears
847,Buster Skrine24,CB,31,"5' 9""",185 lbs,10,Chattanooga,Bears
848,Kevin Toliver II22,CB,24,"6' 2""",199 lbs,3,LSU,Bears
849,Kindle Vildor20,CB,22,"5' 10""",185 lbs,R,Georgia Southern,Bears
850,Kentrell Brice243,S,25,"5' 11""",200 lbs,3,Louisiana Tech,Bears
851,Deon Bush26,S,26,"6' 0""",200 lbs,5,Miami (FL),Bears
852,Tashaun Gipson Sr.,S,29,"6' 1""",212 lbs,9,Wyoming,Bears
853,DeAndre Houston-Carson36,S,27,"6' 0""",202 lbs,5,William & Mary,Bears
854,Eddie Jackson39,S,26,"6' 0""",204 lbs,4,Alabama,Bears
855,Jordan Lucas21,S,26,"6' 1""",190 lbs,5,Penn State,Bears
856,Austin Bryant94,DE,23,"6' 6""",261 lbs,2,Clemson,Lions
857,Trey Flowers90,DE,26,"6' 2""",265 lbs,6,Arkansas,Lions
858,Da'Shawn Hand93,DE,24,"6' 3""",297 lbs,3,Alabama,Lions
859,Frank Herron75,DE,25,"6' 4""",305 lbs,1,LSU,Lions
860,Romeo Okwara95,DE,24,"6' 4""",263 lbs,5,Notre Dame,Lions
861,Jonathan Wynn69,DE,25,"6' 4""",256 lbs,1,Vanderbilt,Lions
862,John Atkins99,DT,27,"6' 3""",320 lbs,2,Georgia,Lions
863,Jashon Cornell0,DT,--,"6' 3""",285 lbs,R,Ohio State,Lions
864,John Penisini52,DT,22,"6' 2""",333 lbs,R,Utah,Lions
865,Olive Sagapolu78,DT,--,"6' 2""",324 lbs,1,Wisconsin,Lions
866,Danny Shelton71,DT,26,"6' 2""",345 lbs,6,Washington,Lions
867,Kevin Strong92,DT,23,"6' 4""",285 lbs,2,UTSA,Lions
868,Nick Williams97,DT,30,"6' 4""",310 lbs,5,Samford,Lions
869,Jason Cabinda53,LB,24,"6' 1""",235 lbs,2,Penn State,Lions
870,Jamie Collins Sr.58,LB,30,"6' 3""",255 lbs,8,Southern Miss,Lions
871,Jarrad Davis40,LB,25,"6' 1""",245 lbs,4,Florida,Lions
872,Christian Jones52,LB,29,"6' 3""",250 lbs,7,Florida State,Lions
873,Elijah Lee47,LB,24,"6' 2""",230 lbs,4,Kansas State,Lions
874,Julian Okwara42,LB,22,"6' 4""",248 lbs,R,Notre Dame,Lions
875,Anthony Pittman57,LB,23,"6' 3""",224 lbs,1,Wayne State (MI),Lions
876,Reggie Ragland59,LB,26,"6' 2""",252 lbs,5,Alabama,Lions
877,Jalen Reeves-Maybin44,LB,25,"6' 0""",233 lbs,4,Tennessee,Lions
878,Christian Sam59,LB,23,"6' 2""",240 lbs,2,Arizona State,Lions
879,Jahlani Tavai51,LB,23,"6' 2""",250 lbs,2,Hawai'i',Lions
880,Jamal Agnew39,CB,25,"5' 10""",190 lbs,4,San Diego,Lions
881,Justin Coleman27,CB,27,"5' 11""",190 lbs,6,Tennessee,Lions
882,Mike Ford38,CB,24,"6' 0""",198 lbs,3,Southeast Missouri State,Lions
883,Mike Jackson28,CB,23,"6' 1""",210 lbs,2,Miami (FL),Lions
884,Tony McRae29,CB,27,"5' 10""",185 lbs,4,North Carolina A&T,Lions
885,Jeff Okudah1,CB,21,"6' 1""",200 lbs,R,Ohio State,Lions
886,Amani Oruwariye24,CB,24,"6' 2""",205 lbs,2,Penn State,Lions
887,Darryl Roberts27,CB,29,"6' 0""",182 lbs,6,Marshall,Lions
888,Desmond Trufant21,CB,29,"6' 0""",190 lbs,8,Washington,Lions
889,Dee Virgin30,CB,26,"5' 9""",195 lbs,3,West Alabama,Lions
890,Jeremiah Dinson,S,23,"5' 11""",189 lbs,R,Auburn,Lions
891,Jalen Elliott,S,21,"6' 1""",205 lbs,R,Notre Dame,Lions
892,Duron Harmon21,S,29,"6' 1""",205 lbs,8,Rutgers,Lions
893,Will Harris25,S,24,"6' 1""",207 lbs,2,Boston College,Lions
894,Jayron Kearse27,S,26,"6' 4""",215 lbs,5,Clemson,Lions
895,Miles Killebrew35,S,26,"6' 2""",222 lbs,5,Southern Utah,Lions
896,C.J. Moore49,S,24,"5' 11""",195 lbs,2,Ole Miss,Lions
897,Bobby Price,S,22,"6' 4""",205 lbs,R,Norfolk State,Lions
898,Tracy Walker21,S,25,"6' 1""",210 lbs,3,Louisiana-Lafayette,Lions
899,Tipa Galeai50,DE,23,"6' 5""",235 lbs,R,Utah State,Packers
900,Dean Lowry94,DE,25,"6' 6""",296 lbs,5,Northwestern,Packers
901,Willington Previlon99,DE,--,"6' 5""",295 lbs,R,Rutgers,Packers
902,Delontae Scott45,DE,--,"6' 5""",246 lbs,R,SMU,Packers
903,Montravius Adams90,DT,24,"6' 4""",304 lbs,4,Auburn,Packers
904,Kenny Clark97,DT,24,"6' 3""",314 lbs,5,UCLA,Packers
905,Treyvon Hester,DT,27,"6' 2""",304 lbs,4,Toledo,Packers
906,Kingsley Keke96,DT,23,"6' 3""",288 lbs,2,Texas A&M,Packers
907,Tyler Lancaster95,DT,25,"6' 3""",313 lbs,3,Northwestern,Packers
908,Gerald Willis53,DT,24,"6' 2""",300 lbs,2,Miami (FL),Packers
909,Krys Barnes51,LB,--,"6' 1""",235 lbs,R,UCLA,Packers
910,Curtis Bolton40,LB,24,"6' 0""",228 lbs,2,Oklahoma,Packers
911,Oren Burks42,LB,25,"6' 3""",233 lbs,3,Vanderbilt,Packers
912,Jamal Davis II59,LB,24,"6' 4""",240 lbs,1,Akron,Packers
913,Jonathan Garvin53,LB,20,"6' 4""",250 lbs,R,Miami (FL),Packers
914,Rashan Gary52,LB,22,"6' 5""",277 lbs,2,Michigan,Packers
915,Christian Kirksey58,LB,27,"6' 2""",235 lbs,7,Iowa,Packers
916,Kamal Martin54,LB,21,"6' 3""",245 lbs,R,Minnesota,Packers
917,Randy Ramsey56,LB,24,"6' 3""",238 lbs,1,Arkansas,Packers
918,Greg Roberts57,LB,24,"6' 5""",258 lbs,2,Baylor,Packers
919,Preston Smith91,LB,27,"6' 5""",265 lbs,6,Mississippi State,Packers
920,Za'Darius Smith55,LB,27,"6' 4""",272 lbs,6,Kentucky,Packers
921,Ty Summers44,LB,24,"6' 1""",241 lbs,2,TCU,Packers
922,Tim Williams47,LB,26,"6' 3""",244 lbs,4,Alabama,Packers
923,Jaire Alexander23,CB,23,"5' 10""",196 lbs,3,Louisville,Packers
924,DaShaun Amos41,CB,25,"6' 0""",193 lbs,1,East Carolina,Packers
925,Kabion Ento48,CB,24,"6' 1""",187 lbs,1,Colorado,Packers
926,Ka'dar Hollman29,CB,25,"6' 0""",196 lbs,2,Toledo,Packers
927,Josh Jackson37,CB,24,"6' 0""",196 lbs,3,Iowa,Packers
928,Kevin King20,CB,24,"6' 3""",200 lbs,4,Washington,Packers
929,Stanford Samuels III,CB,21,"6' 2""",185 lbs,R,Florida State,Packers
930,Chandon Sullivan39,CB,23,"5' 11""",189 lbs,3,Georgia State,Packers
931,Will Sunderland49,CB,23,"6' 4""",196 lbs,R,Troy,Packers
932,Adrian Amos31,S,27,"6' 0""",214 lbs,6,Penn State,Packers
933,Henry Black27,S,--,"6' 0""",206 lbs,R,Baylor,Packers
934,Marc-Antoine Dequoy46,S,--,"6' 3""",195 lbs,R,--,Packers
935,Raven Greene24,S,25,"5' 11""",197 lbs,3,James Madison,Packers
936,Frankie Griffin35,S,24,"6' 0""",205 lbs,R,Texas State,Packers
937,Will Redmond25,S,26,"5' 11""",186 lbs,5,Mississippi State,Packers
938,Darnell Savage26,S,22,"5' 11""",198 lbs,2,Maryland,Packers
939,Vernon Scott36,S,--,"6' 2""",206 lbs,R,TCU,Packers
940,Danielle Hunter99,DE,25,"6' 5""",252 lbs,6,LSU,Vikings
941,Stacy Keely90,DE,24,"6' 6""",220 lbs,1,UAB,Vikings
942,Ifeadi Odenigbo95,DE,26,"6' 3""",258 lbs,3,Northwestern,Vikings
943,Kenny Willekes79,DE,22,"6' 4""",252 lbs,R,Michigan State,Vikings
944,D.J. Wonnum57,DE,22,"6' 5""",254 lbs,R,South Carolina,Vikings
945,Eddie Yarbrough52,DE,27,"6' 3""",259 lbs,3,Wyoming,Vikings
946,Anthony Zettel92,DE,27,"6' 4""",275 lbs,5,Penn State,Vikings
947,Jalyn Holmes91,DT,24,"6' 5""",283 lbs,3,Ohio State,Vikings
948,Jaleel Johnson94,DT,25,"6' 3""",316 lbs,4,Iowa,Vikings
949,James Lynch66,DT,21,"6' 4""",295 lbs,R,Baylor,Vikings
950,Hercules Mata'afa51,DT,24,"6' 2""",254 lbs,3,Washington State,Vikings
951,David Moa60,DT,--,"6' 3""",296 lbs,R,Boise State,Vikings
952,Michael Pierce98,DT,27,"6' 0""",345 lbs,5,Samford,Vikings
953,Shamar Stephen93,DT,29,"6' 5""",309 lbs,7,Connecticut,Vikings
954,Armon Watts96,DT,23,"6' 5""",295 lbs,2,Arkansas,Vikings
955,Anthony Barr55,LB,28,"6' 5""",255 lbs,7,UCLA,Vikings
956,Troy Dye45,LB,23,"6' 4""",224 lbs,R,Oregon,Vikings
957,Jordan Fehr49,LB,--,"6' 2""",230 lbs,R,Appalachian State,Vikings
958,DeMarquis Gates47,LB,24,"6' 2""",221 lbs,1,Ole Miss,Vikings
959,Ben Gedeon42,LB,25,"6' 2""",244 lbs,4,Michigan,Vikings
960,Eric Kendricks54,LB,28,"6' 0""",232 lbs,6,UCLA,Vikings
961,Blake Lynch48,LB,--,"6' 3""",225 lbs,R,Baylor,Vikings
962,Cameron Smith59,LB,23,"6' 2""",235 lbs,2,USC,Vikings
963,Eric Wilson50,LB,25,"6' 1""",230 lbs,4,Cincinnati,Vikings
964,Kris Boyd38,CB,23,"5' 11""",200 lbs,2,Texas,Vikings
965,Nevelle Clarke34,CB,--,"6' 1""",187 lbs,R,UCF,Vikings
966,Cameron Dantzler27,CB,21,"6' 2""",185 lbs,R,Mississippi State,Vikings
967,Myles Dorn46,CB,21,"6' 2""",205 lbs,R,North Carolina,Vikings
968,Mark Fields32,CB,23,"5' 10""",181 lbs,1,Clemson,Vikings
969,Jeff Gladney20,CB,23,"6' 0""",183 lbs,R,TCU,Vikings
970,Kemon Hall37,CB,22,"5' 11""",190 lbs,1,North Texas,Vikings
971,Harrison Hand29,CB,21,"6' 0""",192 lbs,R,Temple,Vikings
972,Holton Hill24,CB,23,"6' 2""",196 lbs,3,Texas,Vikings
973,Mike Hughes21,CB,23,"5' 10""",189 lbs,3,UCF,Vikings
974,Nate Meadors26,CB,23,"5' 11""",194 lbs,1,UCLA,Vikings
975,Marcus Sayles36,CB,25,"5' 10""",175 lbs,1,West Georgia,Vikings
976,Brian Cole II39,S,23,"6' 2""",205 lbs,R,Mississippi State,Vikings
977,Anthony Harris41,S,28,"6' 1""",202 lbs,6,Virginia,Vikings
978,Josh Metellus44,S,22,"5' 11""",210 lbs,R,Michigan,Vikings
979,Harrison Smith22,S,31,"6' 2""",214 lbs,9,Notre Dame,Vikings
980,Hinwa Allieu,DE,--,"6' 5""",290 lbs,R,Nebraska-Kearney,Falcons
981,Allen Bailey93,DE,31,"6' 3""",288 lbs,10,Miami (FL),Falcons
982,John Cominsky50,DE,24,"6' 5""",285 lbs,2,Charleston Univ,Falcons
983,Austin Edwards,DE,22,"6' 5""",280 lbs,R,Ferris State,Falcons
984,Dante Fowler Jr.56,DE,25,"6' 3""",255 lbs,6,Florida,Falcons
985,Charles Harris,DE,25,"6' 3""",252 lbs,4,Missouri,Falcons
986,Austin Larkin53,DE,25,"6' 3""",265 lbs,1,Purdue,Falcons
987,Takkarist McKinley98,DE,24,"6' 2""",250 lbs,4,UCLA,Falcons
988,Steven Means55,DE,29,"6' 3""",263 lbs,6,Buffalo,Falcons
989,Marlon Davidson90,DT,21,"6' 3""",297 lbs,R,Auburn,Falcons
990,Tyeler Davison96,DT,27,"6' 2""",309 lbs,6,Fresno State,Falcons
991,Grady Jarrett97,DT,27,"6' 0""",305 lbs,6,Clemson,Falcons
992,Sailosi Latu,DT,--,"6' 3""",334 lbs,R,San Jose State,Falcons
993,Deadrin Senat94,DT,25,"6' 1""",305 lbs,3,South Florida,Falcons
994,Jacob Tuioti-Mariner91,DT,23,"6' 2""",285 lbs,2,UCLA,Falcons
995,Deion Jones45,LB,25,"6' 1""",222 lbs,5,LSU,Falcons
996,Foyesade Oluokun54,LB,24,"6' 2""",215 lbs,3,Yale,Falcons
997,LaRoy Reynolds59,LB,29,"6' 1""",228 lbs,8,Virginia,Falcons
998,Edmond Robinson46,LB,28,"6' 3""",245 lbs,4,Newberry,Falcons
999,Ahmad Thomas52,LB,25,"6' 0""",227 lbs,1,Oklahoma,Falcons
1000,Mykal Walker43,LB,22,"6' 3""",230 lbs,R,Fresno State,Falcons
1001,Jordan Williams,LB,--,"6' 0""",223 lbs,R,Baylor,Falcons
1002,Bryson Young,LB,--,"6' 5""",248 lbs,R,Oregon,Falcons
1003,Delrick Abrams Jr.,CB,--,"6' 3""",180 lbs,R,Colorado,Falcons
1004,Rojesterman Farris II,CB,--,"6' 1""",180 lbs,R,Hawai'i',Falcons
1005,Tyler Hall9,CB,--,"5' 10""",190 lbs,R,Wyoming,Falcons
1006,Josh Hawkins29,CB,27,"5' 10""",190 lbs,4,East Carolina,Falcons
1007,Isaiah Oliver26,CB,23,"6' 0""",210 lbs,3,Colorado,Falcons
1008,Kendall Sheffield20,CB,23,"5' 10""",212 lbs,2,Ohio State,Falcons
1009,A.J. Terrell24,CB,21,"6' 1""",190 lbs,R,Clemson,Falcons
1010,Blidi Wreh-Wilson33,CB,30,"6' 1""",190 lbs,8,Connecticut,Falcons
1011,Ricardo Allen37,S,28,"5' 9""",186 lbs,6,Purdue,Falcons
1012,Jamal Carter35,S,26,"6' 1""",215 lbs,4,Miami (FL),Falcons
1013,Chris Cooper34,S,26,"5' 10""",202 lbs,1,Stony Brook,Falcons
1014,Jaylinn Hawkins32,S,22,"6' 2""",210 lbs,R,California,Falcons
1015,Damontae Kazee27,S,26,"5' 11""",174 lbs,4,San Diego State,Falcons
1016,Keanu Neal22,S,24,"6' 0""",211 lbs,5,Florida,Falcons
1017,Sharrod Neasman41,S,28,"6' 0""",198 lbs,5,Florida Atlantic,Falcons
1018,C.J. Reavis39,S,24,"6' 0""",198 lbs,1,Marshall,Falcons
1019,Ray Wilborn,S,23,"6' 4""",224 lbs,R,Ball State,Falcons
1020,Brian Burns53,DE,22,"6' 5""",250 lbs,2,Florida State,Panthers
1021,Yetur Gross-Matos97,DE,22,"6' 5""",264 lbs,R,Penn State,Panthers
1022,Marquis Haynes98,DE,26,"6' 2""",235 lbs,3,Ole Miss,Panthers
1023,Wes Horton96,DE,30,"6' 5""",265 lbs,8,USC,Panthers
1024,Zach Kerr92,DE,29,"6' 2""",334 lbs,7,Delaware,Panthers
1025,Efe Obada94,DE,28,"6' 6""",265 lbs,3,--,Panthers
1026,Austrian Robinson,DE,24,"6' 4""",300 lbs,R,Ole Miss,Panthers
1027,Chris Smith50,DE,28,"6' 1""",266 lbs,6,Arkansas,Panthers
1028,Stephen Weatherly91,DE,26,"6' 5""",265 lbs,5,Vanderbilt,Panthers
1029,Myles Adams,DT,--,"6' 2""",285 lbs,R,Rice,Panthers
1030,Derrick Brown95,DT,22,"6' 4""",318 lbs,R,Auburn,Panthers
1031,Woodrow Hamilton78,DT,27,"6' 3""",315 lbs,2,Ole Miss,Panthers
1032,DaVonte Lambert,DT,25,"6' 2""",282 lbs,3,Auburn,Panthers
1033,Bravvion Roy93,DT,22,"6' 1""",332 lbs,R,Baylor,Panthers
1034,Kawann Short99,DT,31,"6' 3""",315 lbs,8,Purdue,Panthers
1035,Jermaine Carter56,LB,25,"6' 1""",225 lbs,3,Maryland,Panthers
1036,Jason Ferris,LB,--,"6' 3""",220 lbs,R,--,Panthers
1037,Sam Franklin,LB,--,"6' 3""",210 lbs,R,Temple,Panthers
1038,Jordan Kunaszyk43,LB,23,"6' 3""",235 lbs,2,California,Panthers
1039,Jordan Mack,LB,22,"6' 2""",230 lbs,R,Virginia,Panthers
1040,Christian Miller55,LB,23,"6' 3""",245 lbs,2,Alabama,Panthers
1041,Chris Orr,LB,--,"6' 0""",224 lbs,R,Wisconsin,Panthers
1042,David Reese II,LB,--,"6' 1""",239 lbs,R,Florida,Panthers
1043,Andre Smith57,LB,23,"6' 0""",240 lbs,3,North Carolina,Panthers
1044,Sione Teuhema46,LB,24,"6' 4""",250 lbs,1,Southeastern Louisiana,Panthers
1045,Shaq Thompson54,LB,26,"6' 0""",230 lbs,6,Washington,Panthers
1046,Tahir Whitehead52,LB,30,"6' 1""",241 lbs,9,Temple,Panthers
1047,Corn Elder29,CB,25,"5' 10""",185 lbs,4,Miami (FL),Panthers
1048,Myles Hartsfield15,CB,22,"5' 11""",211 lbs,R,Ole Miss,Panthers
1049,Donte Jackson26,CB,24,"5' 10""",180 lbs,3,LSU,Panthers
1050,Natrell Jamerson30,CB,24,"5' 11""",200 lbs,3,Wisconsin,Panthers
1051,Troy Pride Jr.25,CB,22,"5' 11""",194 lbs,R,Notre Dame,Panthers
1052,Derrek Thomas,CB,25,"6' 3""",190 lbs,R,Baylor,Panthers
1053,Stantley Thomas-Oliver III23,CB,21,"6' 2""",184 lbs,R,Florida International,Panthers
1054,Quin Blanding37,S,24,"6' 2""",210 lbs,1,Virginia,Panthers
1055,Tre Boston33,S,27,"6' 1""",205 lbs,7,North Carolina,Panthers
1056,Juston Burris31,S,26,"6' 0""",212 lbs,5,North Carolina State,Panthers
1057,Jeremy Chinn21,S,22,"6' 3""",219 lbs,R,Southern Illinois,Panthers
1058,T.J. Green24,S,25,"6' 3""",215 lbs,3,Clemson,Panthers
1059,Cole Luke32,S,24,"5' 11""",200 lbs,3,Notre Dame,Panthers
1060,Kenny Robinson27,S,21,"6' 2""",198 lbs,1,West Virginia,Panthers
1061,Gus Cumberlander,DE,--,"6' 7""",256 lbs,R,Oregon,Saints
1062,Jalen Dalton77,DE,22,"6' 6""",300 lbs,1,North Carolina,Saints
1063,Marcus Davenport92,DE,23,"6' 6""",265 lbs,3,UTSA,Saints
1064,Mario Edwards Jr.97,DE,26,"6' 3""",280 lbs,6,Florida State,Saints
1065,Carl Granderson96,DE,23,"6' 5""",261 lbs,2,Wyoming,Saints
1066,Trey Hendrickson91,DE,25,"6' 4""",270 lbs,4,Florida Atlantic,Saints
1067,Margus Hunt,DE,32,"6' 8""",295 lbs,8,SMU,Saints
1068,Cameron Jordan94,DE,30,"6' 4""",287 lbs,10,California,Saints
1069,Mitchell Loewen70,DE,27,"6' 5""",275 lbs,3,Arkansas,Saints
1070,Malcolm Roach32,DE,21,"6' 3""",290 lbs,R,Texas,Saints
1071,Noah Spence57,DE,26,"6' 2""",251 lbs,5,Eastern Kentucky,Saints
1072,Malcom Brown90,DT,26,"6' 2""",320 lbs,6,Texas,Saints
1073,David Onyemata93,DT,27,"6' 4""",300 lbs,5,Manitoba,Saints
1074,Sheldon Rankins98,DT,26,"6' 2""",305 lbs,5,Louisville,Saints
1075,Taylor Stallworth95,DT,24,"6' 2""",305 lbs,2,South Carolina,Saints
1076,Shy Tuttle99,DT,24,"6' 3""",300 lbs,2,Tennessee,Saints
1077,Kiko Alonso54,LB,29,"6' 3""",239 lbs,8,Oregon,Saints
1078,Alex Anzalone47,LB,25,"6' 3""",241 lbs,4,Florida,Saints
1079,Joe Bachie,LB,22,"6' 2""",231 lbs,R,Michigan State,Saints
1080,Zack Baun53,LB,23,"6' 3""",240 lbs,R,Wisconsin,Saints
1081,Demario Davis56,LB,31,"6' 2""",248 lbs,9,Arkansas State,Saints
1082,Andrew Dowell50,LB,23,"6' 1""",225 lbs,1,Michigan State,Saints
1083,Kaden Elliss55,LB,24,"6' 2""",238 lbs,2,Idaho,Saints
1084,Chase Hansen42,LB,26,"6' 3""",222 lbs,1,Utah,Saints
1085,Craig Robertson52,LB,32,"6' 1""",234 lbs,9,North Texas,Saints
1086,Johnson Bademosi29,CB,29,"6' 0""",219 lbs,9,Stanford,Saints
1087,Tino Ellis,CB,--,"6' 1""",195 lbs,R,Maryland,Saints
1088,Justin Hardee34,CB,26,"6' 1""",200 lbs,4,Illinois,Saints
1089,Janoris Jenkins20,CB,31,"5' 10""",190 lbs,9,North Alabama,Saints
1090,Marshon Lattimore23,CB,23,"6' 0""",192 lbs,4,Ohio State,Saints
1091,Deatrick Nichols35,CB,25,"5' 10""",189 lbs,2,South Florida,Saints
1092,Patrick Robinson21,CB,32,"5' 11""",191 lbs,11,Florida State,Saints
1093,Keith Washington Jr.,CB,--,"6' 1""",180 lbs,R,West Virginia,Saints
1094,P.J. Williams26,CB,26,"6' 0""",196 lbs,6,Florida State,Saints
1095,C.J. Gardner-Johnson22,S,22,"5' 11""",210 lbs,2,Florida,Saints
1096,J.T. Gray48,S,24,"6' 0""",202 lbs,3,Mississippi State,Saints
1097,Saquan Hampton33,S,24,"6' 1""",206 lbs,2,Rutgers,Saints
1098,Malcolm Jenkins27,S,32,"6' 0""",204 lbs,12,Ohio State,Saints
1099,Chris Johnson31,S,24,"6' 3""",200 lbs,1,North Alabama,Saints
1100,D.J. Swearinger36,S,28,"5' 10""",205 lbs,8,South Carolina,Saints
1101,Marcus Williams43,S,23,"6' 1""",195 lbs,4,Utah,Saints
1102,William Gholston92,DE,28,"6' 6""",281 lbs,8,Michigan State,Buccaneers
1103,Patrick O'Connor79,DE,26,"6' 4""",270 lbs,2,Eastern Michigan,Buccaneers
1104,Nasir Player,DE,--,"6' 5""",271 lbs,R,East Tennessee State,Buccaneers
1105,Khalil Davis94,DT,23,"6' 2""",315 lbs,R,Nebraska,Buccaneers
1106,Jeremiah Ledbetter95,DT,25,"6' 3""",295 lbs,2,Arkansas,Buccaneers
1107,Rakeem Nunez-Roches56,DT,26,"6' 2""",307 lbs,6,Southern Miss,Buccaneers
1108,Ndamukong Suh93,DT,33,"6' 4""",313 lbs,11,Nebraska,Buccaneers
1109,Vita Vea50,DT,25,"6' 4""",347 lbs,3,Washington,Buccaneers
1110,Shaquil Barrett58,LB,27,"6' 2""",250 lbs,7,Colorado State,Buccaneers
1111,Kendell Beckwith51,LB,25,"6' 2""",243 lbs,2,LSU,Buccaneers
1112,Quinton Bell57,LB,23,"6' 4""",253 lbs,1,Prairie View A&M,Buccaneers
1113,Jack Cichy48,LB,23,"6' 2""",238 lbs,3,Wisconsin,Buccaneers
1114,Kahzin Daniels41,LB,24,"6' 4""",240 lbs,2,Charleston Univ,Buccaneers
1115,Lavonte David54,LB,30,"6' 1""",233 lbs,9,Nebraska,Buccaneers
1116,Noah Dawkins52,LB,22,"6' 1""",235 lbs,2,Citadel,Buccaneers
1117,Kevin Minter51,LB,29,"6' 0""",246 lbs,8,LSU,Buccaneers
1118,Anthony Nelson98,LB,23,"6' 7""",271 lbs,2,Iowa,Buccaneers
1119,Jason Pierre-Paul90,LB,31,"6' 5""",275 lbs,11,South Florida,Buccaneers
1120,Chapelle Russell53,LB,23,"6' 1""",230 lbs,R,Temple,Buccaneers
1121,Devin White45,LB,22,"6' 0""",237 lbs,2,LSU,Buccaneers
1122,Carlton Davis24,CB,23,"6' 1""",206 lbs,3,Auburn,Buccaneers
1123,Jamel Dean35,CB,23,"6' 1""",206 lbs,2,Auburn,Buccaneers
1124,Herb Miller28,CB,22,"6' 2""",190 lbs,1,Florida Atlantic,Buccaneers
1125,Sean Murphy-Bunting23,CB,22,"6' 0""",195 lbs,2,Central Michigan,Buccaneers
1126,Ryan Smith29,CB,26,"5' 11""",189 lbs,5,North Carolina Central,Buccaneers
1127,M.J. Stewart36,CB,24,"5' 11""",200 lbs,3,North Carolina,Buccaneers
1128,Mazzi Wilkins37,CB,24,"6' 0""",191 lbs,2,South Florida,Buccaneers
1129,Andrew Adams26,S,27,"5' 11""",205 lbs,5,Connecticut,Buccaneers
1130,D'Cota Dixon38,S,25,"5' 10""",204 lbs,2,Wisconsin,Buccaneers
1131,Mike Edwards34,S,23,"5' 10""",205 lbs,2,Kentucky,Buccaneers
1132,Justin Evans21,S,24,"6' 0""",199 lbs,4,Texas A&M,Buccaneers
1133,Deiondre' Hall32,S,25,"6' 2""",206 lbs,3,Northern Iowa,Buccaneers
1134,Jordan Whitehead33,S,23,"5' 10""",198 lbs,3,Pittsburgh,Buccaneers
1135,Antoine Winfield Jr.31,S,21,"5' 10""",205 lbs,R,Minnesota,Buccaneers
1136,Zach Allen94,DE,22,"6' 5""",285 lbs,2,Boston College,Cardinals
1137,Jonathan Bullard90,DE,26,"6' 3""",296 lbs,5,Florida,Cardinals
1138,Michael Dogbe91,DE,23,"6' 3""",280 lbs,2,Temple,Cardinals
1139,Jordan Phillips97,DE,27,"6' 6""",341 lbs,6,Oklahoma,Cardinals
1140,Adam Shuler,DE,--,"6' 4""",275 lbs,R,Florida,Cardinals
1141,Miles Brown72,DT,22,"6' 2""",320 lbs,2,Wofford,Cardinals
1142,T.J. Carter,DT,--,"6' 4""",289 lbs,R,Kentucky,Cardinals
1143,Trevon Coley93,DT,25,"6' 1""",310 lbs,4,Florida Atlantic,Cardinals
1144,Leki Fotu95,DT,--,"6' 4""",335 lbs,R,Utah,Cardinals
1145,Rashard Lawrence92,DT,21,"6' 2""",308 lbs,R,LSU,Cardinals
1146,Corey Peters98,DT,31,"6' 3""",335 lbs,11,Kentucky,Cardinals
1147,De'Vondre Campbell59,LB,26,"6' 3""",232 lbs,5,Minnesota,Cardinals
1148,Vontarrius Dora54,LB,27,"6' 4""",256 lbs,1,Louisiana Tech,Cardinals
1149,Kylie Fitts49,LB,25,"6' 4""",260 lbs,2,Utah,Cardinals
1150,Dennis Gardeck45,LB,25,"6' 0""",232 lbs,3,Sioux Falls,Cardinals
1151,Jordan Hicks58,LB,27,"6' 1""",236 lbs,6,Texas,Cardinals
1152,Chandler Jones55,LB,30,"6' 5""",255 lbs,9,Syracuse,Cardinals
1153,Devon Kennard42,LB,28,"6' 3""",256 lbs,7,USC,Cardinals
1154,Haason Reddick43,LB,25,"6' 1""",235 lbs,4,Temple,Cardinals
1155,Isaiah Simmons48,LB,21,"6' 4""",230 lbs,R,Clemson,Cardinals
1156,Ezekiel Turner47,LB,23,"6' 2""",214 lbs,3,Washington,Cardinals
1157,Tanner Vallejo51,LB,25,"6' 1""",230 lbs,4,Boise State,Cardinals
1158,Reggie Walker,LB,24,"6' 2""",250 lbs,R,Kansas State,Cardinals
1159,Evan Weaver50,LB,21,"6' 2""",235 lbs,R,California,Cardinals
1160,Robert Alford23,CB,31,"5' 10""",186 lbs,8,Southeastern Louisiana,Cardinals
1161,Andre Chachere22,CB,24,"6' 0""",200 lbs,1,San Jose State,Cardinals
1162,Jalen Davis30,CB,24,"5' 10""",185 lbs,1,Utah State,Cardinals
1163,Chris Jones25,CB,24,"6' 0""",200 lbs,2,Nebraska,Cardinals
1164,Zane Lewis6,CB,--,"6' 1""",190 lbs,R,Air Force,Cardinals
1165,Byron Murphy Jr.33,CB,22,"5' 11""",190 lbs,2,Washington,Cardinals
1166,Patrick Peterson21,CB,29,"6' 1""",203 lbs,10,LSU,Cardinals
1167,Sojourn Shelton36,CB,25,"5' 9""",168 lbs,1,Wisconsin,Cardinals
1168,Duke Thomas20,CB,25,"5' 10""",192 lbs,2,Texas,Cardinals
1169,Jace Whittaker,CB,--,"5' 11""",185 lbs,R,Arizona,Cardinals
1170,Jarren Williams,CB,--,"5' 10""",187 lbs,R,Albany,Cardinals
1171,Bejour Wilson,CB,--,"5' 11""",170 lbs,R,Liberty,Cardinals
1172,Budda Baker32,S,24,"5' 10""",195 lbs,4,Washington,Cardinals
1173,Chris Banjo31,S,30,"5' 10""",207 lbs,7,SMU,Cardinals
1174,Reggie Floyd,S,--,"6' 0""",222 lbs,R,Virginia Tech,Cardinals
1175,Deionte Thompson35,S,23,"6' 1""",195 lbs,2,Alabama,Cardinals
1176,Jalen Thompson34,S,21,"5' 11""",190 lbs,2,Washington State,Cardinals
1177,Charles Washington28,S,27,"5' 10""",192 lbs,4,Fresno State,Cardinals
1178,Eric Banks,DE,22,"6' 5""",240 lbs,R,UTSA,Rams
1179,Jachai Polite95,DE,22,"6' 2""",242 lbs,1,Florida,Rams
1180,Sam Renner,DE,--,"6' 4""",275 lbs,R,Minnesota,Rams
1181,Jonah Williams,DE,24,"6' 5""",275 lbs,R,Weber State,Rams
1182,Michael Brockers90,DT,29,"6' 5""",305 lbs,9,LSU,Rams
1183,Marquise Copeland93,DT,22,"6' 2""",287 lbs,1,Cincinnati,Rams
1184,Aaron Donald99,DT,28,"6' 1""",280 lbs,7,Pittsburgh,Rams
1185,Greg Gaines91,DT,23,"6' 1""",312 lbs,2,Washington,Rams
1186,Michael Hoecht,DT,--,"6' 4""",310 lbs,R,Brown,Rams
1187,Sebastian Joseph-Day69,DT,25,"6' 4""",310 lbs,3,Rutgers,Rams
1188,A'Shawn Robinson91,DT,25,"6' 4""",330 lbs,5,Alabama,Rams
1189,Tanzel Smart92,DT,25,"6' 1""",295 lbs,4,Tulane,Rams
1190,Daniel Bituli,LB,22,"6' 3""",252 lbs,R,Tennessee,Rams
1191,Josh Carraway42,LB,26,"6' 3""",242 lbs,3,TCU,Rams
1192,Samson Ebukam50,LB,24,"6' 3""",245 lbs,4,Eastern Washington,Rams
1193,Leonard Floyd94,LB,27,"6' 5""",240 lbs,5,Georgia,Rams
1194,Travin Howard48,LB,23,"6' 1""",219 lbs,2,TCU,Rams
1195,Clay Johnston58,LB,--,"6' 1""",232 lbs,R,Baylor,Rams
1196,Micah Kiser59,LB,25,"6' 0""",244 lbs,3,Virginia,Rams
1197,Justin Lawler53,LB,25,"6' 4""",265 lbs,3,SMU,Rams
1198,Terrell Lewis52,LB,21,"6' 5""",258 lbs,R,Alabama,Rams
1199,Bryan London II,LB,--,"6' 2""",232 lbs,R,Texas State,Rams
1200,Ogbonnia Okoronkwo45,LB,25,"6' 2""",253 lbs,3,Oklahoma,Rams
1201,Natrez Patrick57,LB,22,"6' 3""",242 lbs,2,Georgia,Rams
1202,Greg Reaves,LB,23,"6' 2""",241 lbs,R,South Florida,Rams
1203,Troy Reeder51,LB,25,"6' 3""",245 lbs,2,Delaware,Rams
1204,Christian Rozeboom,LB,--,"6' 2""",230 lbs,R,South Dakota,Rams
1205,Kenny Young41,LB,25,"6' 1""",234 lbs,3,UCLA,Rams
1206,Adonis Alexander36,CB,23,"6' 3""",205 lbs,2,Virginia Tech,Rams
1207,Donte Deayon21,CB,26,"5' 9""",159 lbs,4,Boise State,Rams
1208,Troy Hill22,CB,28,"5' 11""",183 lbs,5,Oregon,Rams
1209,Dayan Ghanwoloku Lake,CB,--,"5' 11""",200 lbs,R,BYU,Rams
1210,David Long Jr.25,CB,22,"5' 11""",196 lbs,2,Michigan,Rams
1211,Tyrique McGhee,CB,--,"5' 10""",187 lbs,R,Georgia,Rams
1212,Jalen Ramsey20,CB,25,"6' 1""",208 lbs,5,Florida State,Rams
1213,Levonta Taylor,CB,22,"5' 10""",190 lbs,R,Florida State,Rams
1214,Darious Williams31,CB,27,"5' 9""",187 lbs,3,UAB,Rams
1215,Terrell Burgess26,S,22,"5' 11""",192 lbs,R,Utah,Rams
1216,Jordan Fuller4,S,22,"6' 2""",205 lbs,R,Ohio State,Rams
1217,Jake Gervase39,S,24,"6' 1""",212 lbs,2,Iowa,Rams
1218,Juju Hughes,S,--,"5' 11""",188 lbs,R,Fresno State,Rams
1219,John Johnson III43,S,24,"6' 0""",209 lbs,4,Boston College,Rams
1220,Taylor Rapp24,S,22,"6' 0""",208 lbs,2,Washington,Rams
1221,Nick Scott33,S,24,"5' 11""",200 lbs,2,Penn State,Rams
1222,Arik Armstead91,DE,26,"6' 7""",290 lbs,6,Oregon,49ers
1223,Alex Barrett96,DE,26,"6' 3""",260 lbs,1,San Diego State,49ers
1224,Ronald Blair III98,DE,27,"6' 4""",270 lbs,5,Appalachian State,49ers
1225,Nick Bosa97,DE,22,"6' 4""",266 lbs,2,Ohio State,49ers
1226,Dee Ford55,DE,29,"6' 2""",252 lbs,7,Auburn,49ers
1227,Kerry Hyder92,DE,29,"6' 2""",275 lbs,5,Texas Tech,49ers
1228,Jonathan Kongbo61,DE,24,"6' 5""",256 lbs,1,Tennessee,49ers
1229,Kentavius Street95,DE,23,"6' 2""",287 lbs,2,North Carolina State,49ers
1230,Solomon Thomas94,DE,24,"6' 3""",280 lbs,4,Stanford,49ers
1231,Darrion Daniels65,DT,22,"6' 3""",325 lbs,R,Nebraska,49ers
1232,Kevin Givens90,DT,23,"6' 1""",285 lbs,1,Penn State,49ers
1233,Willie Henry69,DT,26,"6' 3""",288 lbs,3,Michigan,49ers
1234,D.J. Jones93,DT,25,"6' 0""",305 lbs,4,Ole Miss,49ers
1235,Javon Kinlaw99,DT,22,"6' 5""",315 lbs,R,South Carolina,49ers
1236,Ray Smith77,DT,23,"6' 1""",302 lbs,1,Boston College,49ers
1237,Jullian Taylor77,DT,25,"6' 5""",305 lbs,3,Temple,49ers
1238,Azeez Al-Shaair51,LB,22,"6' 2""",228 lbs,2,Florida Atlantic,49ers
1239,Kwon Alexander56,LB,25,"6' 1""",227 lbs,6,LSU,49ers
1240,Joey Alfieri50,LB,24,"6' 2""",226 lbs,1,Stanford,49ers
1241,Demetrius Flannigan-Fowles45,LB,23,"6' 2""",210 lbs,1,Arizona,49ers
1242,Dre Greenlaw57,LB,22,"6' 0""",230 lbs,2,Arkansas,49ers
1243,Jonas Griffith47,LB,--,"6' 4""",250 lbs,R,Indiana State,49ers
1244,Mark Nzeocha53,LB,30,"6' 3""",235 lbs,6,Wyoming,49ers
1245,Joe Walker59,LB,27,"6' 2""",236 lbs,5,Oregon,49ers
1246,Fred Warner54,LB,23,"6' 3""",230 lbs,3,BYU,49ers
1247,DeMarkus Acy49,CB,22,"6' 2""",195 lbs,R,Missouri,49ers
1248,Tim Harris35,CB,24,"6' 1""",205 lbs,2,Virginia,49ers
1249,Dontae Johnson27,CB,28,"6' 2""",200 lbs,7,North Carolina State,49ers
1250,Jermaine Kelly Jr.48,CB,25,"6' 1""",204 lbs,2,San Jose State,49ers
1251,Emmanuel Moseley41,CB,24,"5' 11""",190 lbs,3,Tennessee,49ers
1252,D.J. Reed Jr.32,CB,23,"5' 9""",199 lbs,3,Kansas State,49ers
1253,Richard Sherman25,CB,32,"6' 3""",205 lbs,10,Stanford,49ers
1254,Teez Tabor40,CB,24,"6' 0""",201 lbs,3,Florida,49ers
1255,Jason Verrett22,CB,28,"5' 10""",188 lbs,7,TCU,49ers
1256,Jimmie Ward20,CB,28,"5' 11""",195 lbs,7,Northern Illinois,49ers
1257,K'Waun Williams24,CB,28,"5' 9""",185 lbs,6,Pittsburgh,49ers
1258,Ahkello Witherspoon23,CB,25,"6' 3""",195 lbs,4,Colorado,49ers
1259,Chris Edwards46,S,27,"6' 1""",218 lbs,1,Idaho,49ers
1260,Marcell Harris36,S,25,"6' 0""",208 lbs,3,Florida,49ers
1261,Derrick Kindred38,S,26,"5' 10""",210 lbs,3,TCU,49ers
1262,Jared Mayden43,S,21,"6' 0""",205 lbs,R,Alabama,49ers
1263,Tarvarius Moore33,S,23,"6' 2""",200 lbs,3,Southern Miss,49ers
1264,Ronnell Perkins,S,--,"6' 0""",205 lbs,R,Missouri,49ers
1265,Jaquiski Tartt29,S,28,"6' 1""",215 lbs,6,Samford,49ers
1266,L.J. Collier95,DE,24,"6' 3""",291 lbs,2,TCU,Seahawks
1267,Rasheem Green98,DE,22,"6' 4""",279 lbs,3,USC,Seahawks
1268,Bruce Irvin51,DE,32,"6' 3""",258 lbs,9,West Virginia,Seahawks
1269,Branden Jackson93,DE,27,"6' 4""",295 lbs,4,Texas Tech,Seahawks
1270,Benson Mayowa91,DE,28,"6' 3""",265 lbs,8,Idaho,Seahawks
1271,Alton Robinson94,DE,--,"6' 3""",260 lbs,R,Syracuse,Seahawks
1272,Shakir Soto58,DE,26,"6' 3""",290 lbs,1,Pittsburgh,Seahawks
1273,Darrell Taylor19,DE,23,"6' 4""",255 lbs,R,Tennessee,Seahawks
1274,Josh Avery,DT,--,"6' 4""",320 lbs,R,Southeast Missouri State,Seahawks
1275,Demarcus Christmas67,DT,24,"6' 3""",302 lbs,2,Florida State,Seahawks
1276,Poona Ford97,DT,24,"5' 11""",310 lbs,3,Texas,Seahawks
1277,Nazair Jones92,DT,25,"6' 5""",292 lbs,4,North Carolina,Seahawks
1278,Bryan Mone79,DT,24,"6' 3""",345 lbs,1,Michigan,Seahawks
1279,Jarran Reed91,DT,27,"6' 3""",306 lbs,5,Alabama,Seahawks
1280,Marcus Webb,DT,--,"6' 3""",279 lbs,R,Troy,Seahawks
1281,Cody Barton57,LB,23,"6' 2""",237 lbs,2,Utah,Seahawks
1282,Jordyn Brooks1,LB,22,"6' 1""",245 lbs,R,Texas Tech,Seahawks
1283,Ben Burr-Kirven55,LB,22,"6' 0""",230 lbs,2,Washington,Seahawks
1284,Emmanuel Ellerbee52,LB,23,"6' 0""",230 lbs,3,Rice,Seahawks
1285,Shaquem Griffin49,LB,24,"6' 0""",227 lbs,3,UCF,Seahawks
1286,Eli Mencer,LB,--,"6' 1""",229 lbs,R,Albany,Seahawks
1287,Sutton Smith47,LB,24,"6' 0""",235 lbs,1,Northern Illinois,Seahawks
1288,Pita Taumoepenu59,LB,26,"6' 1""",245 lbs,2,Utah,Seahawks
1289,Bobby Wagner54,LB,29,"6' 0""",242 lbs,9,Utah State,Seahawks
1290,K.J. Wright50,LB,30,"6' 4""",246 lbs,10,Mississippi State,Seahawks
1291,Brian Allen40,CB,26,"6' 3""",215 lbs,3,Utah,Seahawks
1292,Quinton Dunbar23,CB,27,"6' 2""",202 lbs,5,Florida,Seahawks
1293,Tre Flowers21,CB,24,"6' 3""",203 lbs,3,Oklahoma State,Seahawks
1294,Shaquill Griffin26,CB,24,"6' 0""",198 lbs,4,UCF,Seahawks
1295,Gavin Heslop,CB,--,"6' 1""",200 lbs,R,Stony Brook,Seahawks
1296,Ryan Neal35,CB,24,"6' 3""",200 lbs,1,Southern Illinois,Seahawks
1297,Kemah Siverand,CB,--,"6' 1""",200 lbs,R,Oklahoma State,Seahawks
1298,Jayson Stanley,CB,23,"6' 2""",207 lbs,1,Georgia,Seahawks
1299,Linden Stephens32,CB,25,"6' 0""",193 lbs,1,Cincinnati,Seahawks
1300,Neiko Thorpe23,CB,30,"6' 2""",210 lbs,8,Auburn,Seahawks
1301,Ugo Amadi28,S,22,"5' 9""",201 lbs,2,Oregon,Seahawks
1302,Marquise Blair27,S,22,"6' 1""",196 lbs,2,Utah,Seahawks
1303,Quandre Diggs37,S,27,"5' 9""",198 lbs,6,Texas,Seahawks
1304,Lano Hill42,S,24,"6' 1""",216 lbs,4,Michigan,Seahawks
1305,Bradley McDougald30,S,29,"6' 1""",215 lbs,8,Kansas,Seahawks
1306,Chris Miller,S,--,"6' 0""",191 lbs,R,Baylor,Seahawks
1307,Debione Renfro,S,--,"6' 1""",198 lbs,R,Texas A&M,Seahawks
