,GP,TACKLES_SOLO,TACKLES_AST,TACKLES_TOT,SACKS,SACKS_SCKYDS,SACKS_TFL,INTERCEPTIONS_PD,INTERCEPTIONS_INT,INTERCEPTIONS_YDS,INTERCEPTIONS_LNG,INTERCEPTIONS_TD,FUMBLES_FF,FUMBLES_FR,FUMBLES_FTD,KB,PlayerID
0,16,66,49,115,1.5,11,11.5,9,1,0,0,0,0,0,0,0,Tremaine Edmunds49
1,16,71,36,107,1.0,5,5.5,3,2,0,0,0,3,3,0,0,Jordan Poyer21
2,15,65,36,101,1.5,12,9.5,9,0,0,0,0,1,1,0,0,Matt Milano58
3,16,66,10,76,0.0,0,4.0,9,2,2,2,0,0,0,0,0,Levi Wallace39
4,16,50,22,72,0.0,0,1.5,2,1,0,0,0,2,1,0,0,Micah Hyde23
5,15,48,10,58,1.0,9,4.5,17,6,57,49,0,2,0,0,0,Tre'Davious White27
6,12,39,11,50,1.0,7,2.0,5,0,0,0,0,1,0,0,0,Taron Johnson24
7,16,24,19,43,5.0,39,7.0,2,0,0,0,0,1,0,0,0,Ed Oliver91
8,16,25,11,36,1.0,2,1.5,5,0,0,0,0,0,0,0,0,Kevin Johnson29
9,16,24,12,36,5.0,32,8.0,3,1,0,0,0,2,2,0,0,Trent Murphy93
10,15,21,11,32,6.5,49,17.0,2,0,0,0,0,1,0,0,0,Shaq Lawson90
11,16,25,6,31,9.5,71,15.0,0,0,0,0,0,1,0,0,0,Jordan Phillips97
12,16,14,9,23,4.5,27,7.0,3,0,0,0,0,0,1,0,0,Jerry Hughes55
13,16,12,7,19,2.0,4,3.5,1,1,0,0,0,0,0,0,1,Star Lotulelei98
14,16,10,5,15,1.0,4,2.5,0,0,0,0,0,0,0,0,1,Darryl Johnson92
15,9,10,1,11,0.0,0,0.0,1,0,0,0,0,0,0,0,0,Dean Marlowe31
16,13,7,1,8,0.0,0,0.0,0,0,0,0,0,0,0,0,0,Jaquan Johnson46
17,12,4,3,7,0.0,0,1.0,0,0,0,0,0,0,0,0,0,Corey Thompson52
18,11,5,1,6,0.0,0,0.0,0,0,0,0,0,0,0,0,0,Senorise Perry
19,3,6,0,6,0.0,0,1.0,1,0,0,0,0,0,0,0,0,Vincent Taylor96
20,13,5,0,5,0.0,0,0.0,0,0,0,0,0,0,0,0,0,Robert Foster16
21,4,1,3,4,0.0,0,0.0,0,0,0,0,0,0,0,0,0,Kyle Peko77
22,2,0,1,1,0.0,0,0.0,0,0,0,0,0,0,0,0,0,Kyle Peko77
23,16,3,0,3,0.0,0,0.0,0,0,0,0,0,0,0,0,0,Quinton Spain67
24,3,1,2,3,0.5,4,0.5,2,0,0,0,0,0,0,0,0,Harrison Phillips99
25,16,2,0,2,0.0,0,0.0,0,0,0,0,0,0,0,0,0,Lee Smith85
26,5,2,0,2,0.0,0,0.0,0,0,0,0,0,0,0,0,0,Zay Jones12
27,6,1,1,2,0.0,0,0.0,0,0,0,0,0,0,0,0,0,T.J. Yeldon22
28,14,1,1,2,0.0,0,0.0,0,0,0,0,0,0,0,0,0,Spencer Long61
29,16,2,0,2,0.0,0,0.0,0,0,0,0,0,0,0,0,0,Jon Feliciano76
30,16,1,0,1,0.0,0,0.0,0,0,0,0,0,0,0,0,0,Reid Ferguson69
31,16,1,0,1,0.0,0,0.0,0,0,0,0,0,0,0,0,0,Dion Dawkins73
32,16,1,0,1,0.0,0,0.0,0,0,0,0,0,0,0,0,0,Josh Allen41
33,16,1,0,1,0.0,0,0.0,0,0,0,0,0,0,0,0,0,Josh Allen17
34,16,31,13,44,10.5,74,11.5,0,0,0,0,0,2,0,0,0,Josh Allen41
35,16,31,13,44,10.5,74,11.5,0,0,0,0,0,2,0,0,0,Josh Allen17
36,16,1,0,1,0.0,0,0.0,0,0,0,0,0,0,0,0,0,Patrick DiMarco42
37,16,76,50,126,1.5,13,6.5,4,1,34,34,0,2,0,0,0,Jerome Baker55
38,16,54,27,81,0.0,0,1.0,8,1,35,35,1,1,0,0,0,Eric Rowe21
39,16,33,42,75,2.0,9,5.0,1,0,0,0,0,0,0,0,0,Davon Godchaux56
40,13,35,37,72,0.0,0,2.0,1,0,0,0,0,0,0,0,0,Raekwon McMillan52
41,15,27,32,59,2.5,18,6.0,1,1,7,7,0,0,0,0,0,Vince Biegel47
42,14,39,19,58,0.0,0,2.5,6,1,0,0,0,0,0,0,0,Jamal Perry33
43,16,30,26,56,2.0,14,4.0,2,0,0,0,0,0,0,0,0,Christian Wilkins94
44,12,41,13,54,1.0,7,1.0,11,2,23,23,0,1,0,0,0,Nik Needham40
45,16,22,20,42,3.5,22,7.0,1,0,0,0,0,0,1,0,0,Sam Eguavoen49
46,16,20,14,34,1.0,7,2.5,1,0,0,0,0,0,0,0,0,John Jenkins
47,9,19,6,25,0.0,0,0.0,3,2,53,32,0,0,0,0,0,Bobby McCain28
48,11,11,14,25,0.0,0,0.0,0,0,0,0,0,1,0,0,0,Avery Moss93
49,8,19,5,24,0.0,0,1.0,5,1,3,3,0,0,0,0,0,Ryan Lewis24
50,3,1,2,3,0.0,0,0.0,0,0,0,0,0,0,0,0,0,Ryan Lewis24
51,2,0,1,1,0.0,0,0.0,0,0,0,0,0,0,0,0,0,Ryan Lewis24
52,14,11,12,23,0.5,3,2.5,0,0,0,0,0,0,0,0,0,Charles Harris
53,6,16,6,22,0.0,0,0.0,2,0,0,0,0,0,0,0,0,Adrian Colbert36
54,11,16,6,22,1.5,10,1.5,0,0,0,0,0,1,0,0,0,Trent Harris97
55,10,14,7,21,5.0,34,5.5,0,0,0,0,0,2,0,0,0,Taco Charlton96
56,8,17,2,19,0.0,0,0.0,1,0,0,0,0,0,0,0,0,Ken Webster31
57,5,12,5,17,0.0,0,0.0,4,1,0,0,0,0,0,0,0,Xavien Howard25
58,6,11,4,15,1.0,8,4.0,0,0,0,0,0,0,1,0,0,Andrew Van Ginkel43
59,12,8,5,13,0.0,0,0.0,3,1,0,0,0,0,0,0,0,Chris Lammons38
60,2,8,4,12,0.0,0,0.0,0,0,0,0,0,1,1,0,0,Minkah Fitzpatrick39
61,14,36,21,57,0.0,0,1.0,9,5,130,96,1,1,2,1,0,Minkah Fitzpatrick39
62,3,10,1,11,0.0,0,0.0,2,0,0,0,0,0,0,0,0,Nate Brooks30
63,3,3,5,8,1.0,8,1.0,2,0,0,0,0,0,0,0,0,Zach Sieler92
64,4,2,1,3,0.0,0,0.0,0,0,0,0,0,0,0,0,0,Zach Sieler92
65,16,7,1,8,0.0,0,0.0,0,0,0,0,0,0,0,0,0,Durham Smythe81
66,4,6,2,8,0.0,0,0.0,1,0,0,0,0,0,0,0,0,Montre Hartage
67,2,5,2,7,0.0,0,0.0,0,0,0,0,0,0,0,0,0,Calvin Munson48
68,2,4,3,7,0.0,0,0.0,2,0,0,0,0,0,0,0,0,Tae Hayes22
69,15,5,1,6,0.0,0,1.0,0,0,0,0,0,0,0,0,0,Patrick Laird42
70,4,6,0,6,0.0,0,0.0,0,0,0,0,0,0,0,0,0,Ken Crawley32
71,4,4,1,5,0.0,0,0.0,0,0,0,0,0,0,0,0,0,Johnson Bademosi29
72,6,1,0,1,0.0,0,0.0,0,0,0,0,0,0,0,0,0,Johnson Bademosi29
73,3,3,0,3,0.0,0,0.0,0,0,0,0,0,0,0,0,0,Linden Stephens32
74,16,3,0,3,0.0,0,0.0,0,0,0,0,0,0,0,0,0,Michael Deiter63
75,8,2,1,3,0.0,0,0.0,0,0,0,0,0,0,0,0,0,De'Lance Turner34
76,10,3,0,3,0.0,0,0.0,0,0,0,0,0,0,0,0,0,Jakeem Grant19
77,14,2,0,2,0.0,0,0.0,0,0,0,0,0,0,0,0,0,Allen Hurns17
78,16,2,0,2,0.0,0,0.0,0,0,0,0,0,0,0,0,0,Mike Gesicki88
79,8,2,0,2,0.0,0,0.0,0,0,0,0,0,0,0,0,0,Preston Williams18
80,16,2,0,2,0.0,0,0.0,0,0,0,0,0,0,0,0,0,DeVante Parker11
81,2,0,2,2,0.0,0,0.0,0,0,0,0,0,0,0,0,0,Gerald Willis53
82,4,0,1,1,0.0,0,0.0,0,0,0,0,0,0,0,0,0,Mack Hollins86
83,12,2,0,2,0.0,0,0.0,0,0,0,0,0,0,0,0,0,Mack Hollins86
84,16,0,1,1,0.0,0,0.0,0,0,0,0,0,0,0,0,0,Matt Haack2
85,8,1,0,1,0.0,0,0.0,0,0,0,0,0,0,0,0,0,Julie'n Davenport70
86,3,0,1,1,0.0,0,0.0,0,0,0,0,0,0,0,0,0,James Crawford51
87,3,1,0,1,0.0,0,0.0,0,0,0,0,0,0,0,0,0,Danny Isidora65
88,8,1,0,1,0.0,0,0.0,0,0,0,0,0,0,0,0,0,Isaiah Ford84
89,15,1,0,1,0.0,0,0.0,0,0,0,0,0,0,0,0,0,Jesse Davis77
90,16,1,0,1,0.0,0,0.0,0,0,0,0,0,0,0,0,0,Jason Sanders7
91,12,0,1,1,0.0,0,0.0,0,0,0,0,0,0,0,0,0,Kalen Ballage27
92,16,58,23,81,7.0,54,14.0,7,3,85,69,1,3,1,0,0,Jamie Collins Sr.58
93,15,47,24,71,5.5,42,9.5,4,0,0,0,0,0,1,1,0,Dont'a Hightower54
94,16,35,26,61,3.0,21,6.0,1,1,5,5,0,0,2,0,0,Lawrence Guy93
95,16,30,31,61,3.0,24,3.5,0,0,0,0,0,1,0,0,0,Danny Shelton71
96,16,46,12,58,0.0,0,1.5,7,5,49,24,0,2,1,0,0,Devin McCourty32
97,15,41,15,56,6.5,42,9.0,3,0,0,0,0,3,2,1,0,Kyle Van Noy53
98,15,38,15,53,0.0,0,0.0,8,0,0,0,0,2,0,0,0,Jonathan Jones31
99,16,44,9,53,0.0,0,0.0,20,6,126,64,2,0,1,0,0,Stephon Gilmore24
100,13,38,13,51,0.0,0,1.0,3,0,0,0,0,0,0,0,0,Patrick Chung23
101,16,28,16,44,4.0,24,5.5,4,1,6,6,0,1,0,0,0,John Simon55
102,16,29,15,44,0.0,0,2.5,1,0,0,0,0,0,0,0,0,Ja'Whaun Bentley51
103,12,31,9,40,0.0,0,0.0,6,1,16,16,0,0,0,0,0,Jason McCourty30
104,16,29,7,36,0.0,0,0.0,10,5,39,19,0,0,0,0,1,J.C. Jackson27
105,16,18,11,29,1.0,11,1.5,1,0,0,0,0,0,0,0,0,Elandon Roberts52
106,16,17,9,26,6.0,35,8.0,5,0,0,0,0,0,0,0,0,Adam Butler70
107,14,20,6,26,2.0,12,3.0,0,0,0,0,0,1,0,0,0,Deatrich Wise Jr.91
108,16,17,9,26,5.5,37,5.5,0,0,0,0,0,0,0,0,0,Chase Winovich50
109,15,17,7,24,0.0,0,0.5,3,1,0,0,0,0,0,0,0,Terrence Brooks25
110,16,19,3,22,0.0,0,1.5,5,2,27,27,0,0,0,0,0,Duron Harmon21
111,16,7,3,10,0.0,0,0.0,0,0,0,0,0,0,1,0,1,Matthew Slater18
112,15,6,3,9,0.0,0,1.0,0,0,0,0,0,1,0,0,0,Shilique Calhoun90
113,14,7,1,8,0.0,0,0.0,0,0,0,0,0,0,0,0,1,Nate Ebner43
114,15,7,0,7,0.0,0,0.0,0,0,0,0,0,1,0,0,1,Brandon Bolden38
115,9,5,1,6,0.0,0,0.0,0,0,0,0,0,0,2,0,0,Justin Bethel29
116,7,4,2,6,0.0,0,0.0,0,0,0,0,0,0,1,0,0,Justin Bethel29
117,13,4,1,5,0.0,0,0.0,0,0,0,0,0,0,0,0,0,Rex Burkhead34
118,9,4,1,5,0.0,0,0.0,1,0,0,0,0,0,0,0,0,Joejuan Williams33
119,16,0,2,2,0.0,0,0.0,0,0,0,0,0,0,0,0,0,Joe Cardona49
120,15,2,0,2,0.0,0,0.0,0,0,0,0,0,0,0,0,0,James White28
121,5,1,1,2,0.0,0,0.0,0,0,0,0,0,0,0,0,0,Byron Cowart99
122,3,2,0,2,0.0,0,0.0,0,0,0,0,0,0,0,0,0,Jordan Richards28
123,9,4,1,5,0.0,0,0.0,0,0,0,0,0,0,1,1,0,Jordan Richards28
124,16,1,0,1,0.0,0,0.0,0,0,0,0,0,0,0,0,0,Tom Brady12
125,15,1,0,1,0.0,0,0.0,0,0,0,0,0,0,0,0,0,Shaq Mason69
126,16,1,0,1,0.0,0,0.0,0,0,0,0,0,0,0,0,0,Jake Bailey7
127,16,1,0,1,0.0,0,0.0,0,0,0,0,0,0,0,0,0,Sony Michel26
128,8,1,0,1,0.0,0,0.0,0,0,0,0,0,0,0,0,0,Mohamed Sanu Sr.14
129,7,1,0,1,0.0,0,0.0,0,0,0,0,0,0,0,0,0,Mohamed Sanu Sr.14
130,16,1,0,1,0.0,0,0.0,0,0,0,0,0,0,0,0,0,Julian Edelman11
131,8,1,0,1,0.0,0,0.0,0,0,0,0,0,0,0,0,0,Gunner Olszewski80
132,10,51,29,80,0.5,5,9.5,5,1,2,2,0,1,1,0,0,James Burgess58
133,12,44,31,75,3.0,18,6.0,5,2,13,9,0,0,0,0,0,Neville Hewitt46
134,14,61,14,75,6.5,45,13.5,7,1,61,61,1,2,1,1,0,Jamal Adams33
135,16,50,15,65,0.0,0,1.0,7,1,0,0,0,0,0,0,0,Marcus Maye20
136,13,58,5,63,0.0,0,2.0,6,1,13,13,0,0,0,0,0,Darryl Roberts27
137,14,48,11,59,0.0,0,4.5,5,1,15,15,1,1,0,0,0,Brian Poole34
138,12,27,15,42,1.5,8,6.5,2,0,0,0,0,1,0,0,0,Brandon Copeland51
139,7,27,13,40,0.5,4,4.0,1,0,0,0,0,0,1,0,0,Blake Cashman53
140,15,21,18,39,1.5,5,9.0,1,0,0,0,0,0,0,0,0,Kyle Phillips98
141,12,26,12,38,0.0,0,4.5,2,1,13,13,0,0,1,1,0,Arthur Maulet23
142,16,21,15,36,2.5,23,10.0,0,0,0,0,0,0,1,0,0,Steve McLendon99
143,16,18,15,33,2.0,10,4.0,6,1,1,1,0,0,1,0,1,Tarell Basham93
144,14,21,11,32,8.0,42,12.0,3,0,0,0,0,2,0,0,0,Jordan Jenkins48
145,13,15,13,28,2.5,16,6.0,1,0,0,0,0,0,1,0,0,Quinnen Williams95
146,14,14,13,27,1.0,5,8.0,1,0,0,0,0,0,0,0,0,Folorunso Fatukasi94
147,7,19,6,25,0.0,0,0.0,4,0,0,0,0,1,0,0,0,Blessuan Austin31
148,13,14,11,25,1.0,3,2.0,0,0,0,0,0,0,0,0,0,Henry Anderson96
149,8,18,7,25,0.0,0,1.0,2,0,0,0,0,0,0,0,0,Maurice Canady28
150,5,19,2,21,0.0,0,0.0,3,1,3,3,0,1,0,0,0,Maurice Canady28
151,11,21,3,24,0.0,0,2.0,3,1,0,0,0,0,0,0,0,Nate Hairston21
152,7,8,12,20,0.0,0,1.0,1,0,0,0,0,0,0,0,0,Leonard Williams99
153,8,13,13,26,0.5,5,2.5,2,0,0,0,0,1,0,0,0,Leonard Williams99
154,16,10,6,16,0.0,0,1.5,1,0,0,0,0,0,0,0,0,Harvey Langi44
155,13,10,2,12,1.0,9,1.0,0,0,0,0,0,0,0,0,0,Frankie Luvu50
156,9,6,5,11,2.0,23,5.0,0,0,0,0,0,0,0,0,0,Nathan Shepherd97
157,2,4,5,9,0.0,0,0.0,2,1,17,17,1,0,1,0,0,C.J. Mosley57
158,9,4,3,7,1.0,1,1.5,0,0,0,0,0,1,0,0,0,Jordan Willis60
159,13,5,1,6,0.0,0,0.0,0,0,0,0,0,0,0,0,0,Ryan Griffin84
160,13,5,1,6,0.0,0,0.0,0,0,0,0,0,0,0,0,0,Ryan Griffin4
161,13,5,1,6,0.0,0,0.0,0,0,0,0,0,0,0,0,0,Matthias Farley41
162,16,4,2,6,0.0,0,0.0,0,0,0,0,0,0,0,0,0,Daniel Brown87
163,8,3,2,5,0.0,0,0.0,0,0,0,0,0,0,0,0,0,B.J. Bello49
164,3,5,0,5,0.0,0,0.0,0,0,0,0,0,0,0,0,0,Kyron Brown35
165,16,5,0,5,0.0,0,0.0,0,0,0,0,0,0,0,0,0,Jamison Crowder82
166,16,3,1,4,0.0,0,0.0,0,0,0,0,0,0,0,0,0,Thomas Hennessy42
167,7,1,2,3,0.0,0,0.0,0,0,0,0,0,0,0,0,0,Josh Bellamy15
168,13,2,1,3,0.0,0,0.0,0,0,0,0,0,0,0,0,0,Vyncint Smith17
169,4,1,2,3,0.0,0,0.0,0,0,0,0,0,0,1,0,0,Trenton Cannon25
170,16,2,1,3,0.0,0,0.0,0,0,0,0,0,0,0,0,0,Trevon Wesco85
171,3,2,1,3,0.5,4,0.5,0,0,0,0,0,0,0,0,0,Bronson Kaufusi91
172,16,3,0,3,0.0,0,0.0,0,0,0,0,0,0,0,0,0,Robby Anderson11
173,16,1,1,2,0.0,0,0.0,0,0,0,0,0,0,0,0,0,Braxton Berrios10
174,15,2,0,2,0.0,0,0.0,0,0,0,0,0,0,0,0,0,Sam Ficken9
175,15,1,0,1,0.0,0,0.0,0,0,0,0,0,0,0,0,0,Brandon Shell72
176,15,0,1,1,0.0,0,0.0,0,0,0,0,0,0,0,0,0,Alex Lewis71
177,2,1,0,1,0.0,0,0.0,0,0,0,0,0,0,0,0,0,Bennett Jackson39
178,4,2,3,5,0.0,0,0.0,0,0,0,0,0,0,0,0,0,Bennett Jackson39
179,8,1,0,1,0.0,0,0.0,0,0,0,0,0,0,0,0,0,Chuma Edoga75
180,16,45,28,73,1.0,8,3.5,9,1,12,12,0,2,0,0,0,Chuck Clark36
181,16,53,12,65,0.0,0,5.0,14,3,14,14,0,2,3,2,1,Marlon Humphrey44
182,14,48,16,64,3.0,23,5.0,1,0,0,0,0,1,0,0,0,Patrick Onwuasor48
183,16,43,11,54,9.5,85,18.0,0,0,0,0,0,4,0,0,0,Matthew Judon99
184,15,32,17,49,2.0,12,3.5,4,2,38,24,0,1,1,0,0,Earl Thomas III29
185,12,23,23,46,1.0,0,7.0,4,2,7,6,0,0,0,0,0,Josh Bynes56
186,10,31,8,39,0.0,0,0.0,10,3,178,89,2,0,0,0,0,Marcus Peters24
187,6,9,5,14,0.0,0,1.0,4,2,32,32,1,0,1,0,0,Marcus Peters24
188,12,21,14,35,2.0,12,4.0,1,0,0,0,0,0,0,0,0,L.J. Fort58
189,4,1,1,2,0.0,0,0.0,0,0,0,0,0,0,0,0,0,L.J. Fort58
190,14,19,16,35,0.5,3,4.0,0,0,0,0,0,0,1,0,0,Michael Pierce98
191,14,13,21,34,1.0,6,2.0,0,0,0,0,0,0,1,0,0,Brandon Williams98
192,16,17,16,33,1.5,7,3.0,2,0,0,0,0,0,0,0,0,Chris Wormley93
193,14,20,11,31,2.5,18,6.5,1,0,0,0,0,0,1,0,0,Jaylon Ferguson45
194,9,28,2,30,1.0,8,1.5,6,1,7,7,0,0,0,0,0,Jimmy Smith22
195,16,20,4,24,5.0,35,4.5,2,0,0,0,0,1,1,1,0,Tyus Bowser54
196,9,14,1,15,0.0,0,1.0,2,0,0,0,0,0,0,0,0,Anthony Averett34
197,5,11,2,13,0.0,0,3.0,0,0,0,0,0,1,0,0,0,Kenny Young41
198,9,4,0,4,0.0,0,0.0,0,0,0,0,0,0,0,0,0,Kenny Young41
199,15,6,4,10,0.0,0,2.0,0,0,0,0,0,1,0,0,0,Chris Board49
200,16,8,1,9,1.0,10,2.0,1,0,0,0,0,1,0,0,1,Patrick Ricard42
201,11,3,4,7,1.0,8,1.0,0,0,0,0,0,0,2,0,0,Jihad Ward53
202,4,2,4,6,0.0,0,0.0,0,0,0,0,0,0,0,0,0,Justin Ellis71
203,8,5,0,5,0.0,0,0.0,0,0,0,0,0,0,0,0,0,De'Anthony Thomas16
204,14,2,2,4,0.0,0,0.0,0,0,0,0,0,0,0,0,0,Chris Moore10
205,16,3,0,3,0.0,0,0.0,0,0,0,0,0,0,0,0,0,Gus Edwards35
206,4,2,0,2,0.0,0,0.0,0,0,0,0,0,0,0,0,0,Tim Williams47
207,16,2,0,2,0.0,0,0.0,0,0,0,0,0,0,0,0,0,Nick Boyle86
208,14,1,0,1,0.0,0,0.0,0,0,0,0,0,0,0,0,0,Ronnie Stanley79
209,16,1,0,1,0.0,0,0.0,0,0,0,0,0,0,0,0,0,Justice Hill43
210,15,1,0,1,0.0,0,0.0,0,0,0,0,0,0,0,0,0,Mark Ingram II21
211,11,1,0,1,0.0,0,0.0,0,0,0,0,0,0,0,0,0,Patrick Mekari65
212,16,1,0,1,0.0,0,0.0,0,0,0,0,0,0,0,0,0,Sam Koch4
213,16,1,0,1,0.0,0,0.0,0,0,0,0,0,0,0,0,0,Bradley Bozeman77
214,15,1,0,1,0.0,0,0.0,0,0,0,0,0,0,0,0,0,Lamar Jackson21
215,15,1,0,1,0.0,0,0.0,0,0,0,0,0,0,0,0,0,Lamar Jackson8
216,3,1,0,1,0.0,0,0.0,0,0,0,0,0,0,0,0,0,Iman Marshall37
217,15,1,0,1,0.0,0,0.0,0,0,0,0,0,0,0,0,0,Mark Andrews89
218,16,1,0,1,0.0,0,0.0,0,0,0,0,0,0,0,0,0,Willie Snead IV83
219,16,60,51,111,1.0,0,5.0,5,1,34,34,0,1,2,0,0,Nick Vigil59
220,16,70,29,99,0.0,0,0.5,9,3,33,20,0,1,1,0,0,Jessie Bates III30
221,16,50,26,76,0.0,0,3.5,0,0,0,0,0,0,0,0,0,Germaine Pratt57
222,15,46,30,76,8.5,56,11.0,3,0,0,0,0,1,0,0,0,Sam Hubbard94
223,14,39,24,63,9.0,63,17.0,8,0,0,0,0,2,0,0,0,Carlos Dunlap96
224,16,18,29,47,4.5,23,6.5,0,0,0,0,0,0,0,0,0,Geno Atkins97
225,14,26,11,37,0.0,0,1.0,3,1,19,19,0,0,0,0,0,William Jackson III22
226,16,18,17,35,1.0,13,5.0,0,0,0,0,0,0,0,0,0,Andrew Billings99
227,16,14,13,27,0.0,0,4.0,0,0,0,0,0,1,0,0,0,Josh Tupou91
228,12,14,10,24,0.0,0,0.0,0,0,0,0,0,2,0,0,0,Brandon Wilson40
229,12,17,6,23,5.0,36,6.5,0,0,0,0,0,0,0,0,0,Carl Lawson58
230,16,17,5,22,0.0,0,1.0,1,0,0,0,0,0,0,0,0,Tony McRae29
231,16,13,2,15,0.0,0,0.0,0,0,0,0,0,0,0,0,0,Clayton Fejedelem42
232,14,10,4,14,0.0,0,0.0,0,0,0,0,0,0,0,0,0,Andrew Brown93
233,16,6,6,12,0.0,0,0.0,1,0,0,0,0,0,0,0,0,Jordan Evans50
234,11,4,4,8,0.0,0,0.0,0,0,0,0,0,0,0,0,0,Renell Wren95
235,5,1,6,7,0.0,0,0.0,0,0,0,0,0,0,0,0,0,Ryan Glasgow98
236,15,4,3,7,0.0,0,0.0,0,0,0,0,0,0,0,0,0,Cethan Carter82
237,15,5,1,6,0.0,0,0.0,1,0,0,0,0,0,0,0,0,LaRoy Reynolds59
238,11,4,1,5,0.0,0,0.0,0,0,0,0,0,0,0,0,0,Stanley Morgan17
239,4,3,2,5,0.0,0,0.0,0,0,0,0,0,0,0,0,0,Anthony Zettel92
240,1,0,1,1,0.0,0,0.0,0,0,0,0,0,0,0,0,0,Anthony Zettel92
241,8,4,1,5,0.0,0,0.0,7,4,82,28,0,0,0,0,0,Darius Phillips24
242,6,3,1,4,0.0,0,0.0,0,0,0,0,0,0,0,0,0,Samaje Perine
243,16,3,0,3,0.0,0,0.0,0,0,0,0,0,0,0,0,0,Tyler Eifert88
244,16,3,0,3,0.0,0,0.0,0,0,0,0,0,0,0,0,0,Tyler Boyd83
245,16,1,1,2,0.0,0,0.0,0,0,0,0,0,0,0,0,0,Trey Hopkins66
246,9,2,0,2,0.0,0,0.0,1,0,0,0,0,0,0,0,0,Greg Mabin29
247,5,2,0,2,0.0,0,1.0,0,0,0,0,0,0,0,0,0,Torry McTyer20
248,13,2,0,2,0.0,0,0.0,0,0,0,0,0,0,0,0,0,Andy Dalton
249,16,1,1,2,0.0,0,0.0,0,0,0,0,0,0,0,0,0,C.J. Uzomah87
250,9,1,0,1,0.0,0,0.0,0,0,0,0,0,0,0,0,0,Drew Sample89
251,16,1,0,1,0.0,0,0.0,0,0,0,0,0,0,0,0,0,Alex Erickson12
252,8,1,0,1,0.0,0,0.0,0,0,0,0,0,0,0,0,0,John Ross III11
253,4,0,1,1,0.0,0,0.0,0,0,0,0,0,0,0,0,0,Trayvon Henderson41
254,6,1,0,1,0.0,0,0.0,0,0,0,0,0,0,0,0,0,Andre Smith57
255,6,1,0,1,0.0,0,0.0,0,0,0,0,0,0,0,0,0,Andre Smith76
256,16,5,0,5,0.0,0,0.0,0,0,0,0,0,0,0,0,0,Andre Smith57
257,16,5,0,5,0.0,0,0.0,0,0,0,0,0,0,0,0,0,Andre Smith76
258,16,1,0,1,0.0,0,0.0,0,0,0,0,0,0,0,0,0,Giovani Bernard25
259,13,0,1,1,0.0,0,0.0,0,0,0,0,0,0,0,0,0,John Miller67
260,16,89,44,133,2.0,19,6.5,9,4,24,20,0,2,1,0,0,Joe Schobert47
261,16,57,25,82,1.0,8,5.0,7,1,21,21,0,1,0,0,0,Mack Wilson51
262,16,43,19,62,3.0,17,5.5,4,0,0,0,0,3,0,0,0,Sheldon Richardson98
263,11,45,16,61,2.5,13,3.5,6,0,0,0,0,0,0,0,0,Damarious Randall23
264,16,40,12,52,1.0,3,4.0,4,1,0,0,0,1,1,0,0,T.J. Carrie38
265,15,35,15,50,5.5,40,10.0,1,0,0,0,0,0,0,0,0,Larry Ogunjobi65
266,12,37,10,47,0.0,0,3.0,2,0,0,0,0,0,0,0,0,Greedy Williams26
267,12,38,6,44,0.0,0,1.0,11,2,61,61,1,0,1,0,1,Denzel Ward21
268,14,26,6,32,1.0,14,3.5,7,2,42,27,0,1,0,0,0,Juston Burris31
269,10,20,9,29,10.0,63,13.0,0,0,0,0,0,2,0,0,0,Myles Garrett95
270,10,20,6,26,3.5,24,5.5,0,0,0,0,0,1,0,0,0,Olivier Vernon54
271,16,17,9,26,4.0,32,5.0,1,0,0,0,0,0,1,0,0,Chad Thomas92
272,9,15,9,24,1.0,4,3.5,1,0,0,0,0,0,0,0,0,Eric Murray22
273,15,17,4,21,0.0,0,2.0,3,1,28,28,0,0,0,0,0,Terrance Mitchell39
274,15,14,7,21,0.0,0,0.5,0,0,0,0,0,0,0,0,0,Sione Takitaki44
275,6,7,6,13,1.0,10,1.0,0,0,0,0,0,0,1,0,0,Porter Gustin97
276,16,10,3,13,0.0,0,0.0,0,0,0,0,0,0,0,0,0,KhaDarel Hodge12
277,6,9,3,12,0.5,4,2.5,0,0,0,0,0,0,0,0,0,Bryan Cox Jr.94
278,1,1,1,2,0.0,0,0.0,0,0,0,0,0,0,0,0,0,Bryan Cox Jr.94
279,14,8,3,11,0.0,0,0.0,0,0,0,0,0,0,0,0,0,Dontrell Hilliard25
280,2,6,5,11,0.0,0,2.0,0,0,0,0,0,0,0,0,0,Christian Kirksey58
281,16,4,5,9,0.0,0,0.0,0,0,0,0,0,0,0,0,1,Tavierre Thomas20
282,11,4,4,8,0.0,0,2.0,1,1,0,0,0,0,1,0,0,Devaroe Lawrence93
283,9,5,2,7,0.0,0,0.0,0,0,0,0,0,0,0,0,0,Eli Ankou91
284,16,5,2,7,0.0,0,0.0,0,0,0,0,0,0,0,0,0,D'Ernest Johnson30
285,4,5,2,7,0.0,0,0.0,0,0,0,0,0,0,0,0,0,J.T. Hassell49
286,9,4,2,6,0.0,0,1.0,0,0,0,0,0,0,0,0,0,Tae Davis55
287,4,3,3,6,0.0,0,0.0,0,0,0,0,0,0,0,0,0,Tae Davis55
288,2,2,3,5,0.0,0,0.0,0,0,0,0,0,0,0,0,0,Justin Zimmer99
289,7,3,1,4,0.0,0,1.5,0,0,0,0,0,0,0,0,0,Daniel Ekuale96
290,6,3,0,3,0.0,0,0.0,0,0,0,0,0,0,0,0,0,Robert Jackson34
291,4,2,1,3,0.0,0,0.0,0,0,0,0,0,0,0,0,0,Brandin Bryant90
292,16,1,1,2,0.0,0,0.0,0,0,0,0,0,0,0,0,0,Charley Hughlett47
293,16,2,0,2,0.0,0,0.0,0,0,0,0,0,0,0,0,0,Jarvis Landry80
294,9,1,1,2,0.0,0,0.0,0,0,0,0,0,0,0,0,0,Pharaoh Brown86
295,14,2,0,2,0.0,0,0.0,0,0,0,0,0,0,0,0,0,Chris Hubbard74
296,15,2,0,2,0.0,0,0.0,0,0,0,0,0,0,0,0,0,Wyatt Teller77
297,16,2,0,2,0.0,0,0.0,0,0,0,0,0,0,0,0,0,Odell Beckham Jr.13
298,16,1,0,1,0.0,0,0.0,0,0,0,0,0,0,0,0,0,Baker Mayfield6
299,16,1,0,1,0.0,0,0.0,0,0,0,0,0,0,0,0,0,Jamie Gillan7
300,13,1,0,1,0.0,0,0.0,0,0,0,0,0,0,0,0,0,Damion Ratley18
301,2,1,0,1,0.0,0,0.0,0,0,0,0,0,0,0,0,0,Genard Avery58
302,8,2,3,5,0.5,5,0.5,0,0,0,0,0,0,0,0,0,Genard Avery58
303,9,0,1,1,0.0,0,0.0,1,0,0,0,0,0,0,0,0,Chris Smith50
304,4,1,0,1,0.0,0,0.0,0,0,0,0,0,0,0,0,0,Kendall Lamm70
305,16,1,0,1,0.0,0,0.0,0,0,0,0,0,0,0,0,0,Eric Kush72
306,4,1,0,1,0.0,0,0.0,0,0,0,0,0,0,0,0,0,David Njoku85
307,9,1,0,1,0.0,0,0.0,0,0,0,0,0,0,0,0,0,Malik Jefferson46
308,15,1,0,1,0.0,0,0.0,0,0,0,0,0,0,0,0,0,Demetrius Harris86
309,16,1,0,1,0.0,0,0.0,0,0,0,0,0,0,0,0,0,Nick Chubb24
310,2,0,1,1,0.0,0,0.0,0,0,0,0,0,0,0,0,0,Willie Harvey56
311,16,1,0,1,0.0,0,0.0,0,0,0,0,0,0,0,0,0,Joel Bitonio75
312,8,1,0,1,0.0,0,0.0,0,0,0,0,0,0,0,0,0,Kareem Hunt27
313,1,1,0,1,0.0,0,0.0,0,0,0,0,0,0,0,0,0,Robert McCray52
314,16,72,37,109,1.0,9,10.0,4,2,6,6,0,1,4,1,0,Devin Bush55
315,16,71,34,105,0.0,0,4.0,3,0,0,0,0,0,0,0,0,Terrell Edmunds34
316,16,51,32,83,9.0,61,14.5,6,0,0,0,0,1,1,0,1,Cameron Heyward97
317,16,49,19,68,11.5,57,19.5,3,0,0,0,0,4,2,0,0,Bud Dupree48
318,16,52,13,65,1.5,10,5.5,11,1,1,1,0,1,1,0,0,Mike Hilton28
319,16,59,6,65,0.0,0,3.0,17,5,20,16,0,1,1,0,0,Joe Haden23
320,15,52,9,61,0.0,0,0.0,8,1,33,33,0,0,1,0,0,Steven Nelson22
321,16,35,25,60,4.0,20,5.5,0,0,0,0,0,1,0,0,0,Javon Hargrave93
322,16,35,20,55,14.5,104,23.0,8,2,7,7,0,8,4,0,0,T.J. Watt90
323,14,28,27,55,2.5,18,7.5,1,0,0,0,0,0,0,0,0,Vince Williams98
324,16,21,20,41,1.0,8,4.5,2,0,0,0,0,1,0,0,0,Tyson Alualu94
325,6,18,4,22,3.5,24,6.5,0,0,0,0,0,0,0,0,0,Stephon Tuitt91
326,16,16,2,18,0.0,0,0.0,0,0,0,0,0,0,0,0,0,Tyler Matakevich44
327,16,13,3,16,1.0,1,2.0,5,1,26,26,0,0,0,0,0,Cameron Sutton20
328,16,6,7,13,0.0,0,1.0,0,0,0,0,0,1,0,0,0,Jordan Dangerfield37
329,8,8,3,11,0.0,0,0.0,0,0,0,0,0,0,0,0,0,Robert Spillane41
330,16,3,5,8,0.0,0,0.5,1,0,0,0,0,0,0,0,0,Dan McCullers93
331,10,5,3,8,0.0,0,0.5,0,0,0,0,0,0,0,0,0,Artie Burns25
332,16,5,3,8,0.0,0,0.0,0,0,0,0,0,2,0,0,0,Olasunkanmi Adeniyi92
333,11,4,2,6,0.0,0,0.0,1,1,2,2,0,0,0,0,0,Trey Edmunds33
334,7,3,2,5,0.0,0,0.0,0,0,0,0,0,0,0,0,0,Ulysees Gilbert III54
335,12,5,0,5,0.0,0,0.0,0,0,0,0,0,0,0,0,0,JuJu Smith-Schuster19
336,13,4,0,4,0.0,0,0.0,0,0,0,0,0,0,0,0,0,Benny Snell Jr.24
337,10,3,0,3,0.0,0,1.0,0,0,0,0,0,0,0,0,0,Justin Layne31
338,10,3,0,3,0.0,0,0.0,0,0,0,0,0,0,0,0,0,Mason Rudolph2
339,9,2,1,3,0.0,0,0.0,0,0,0,0,0,0,0,0,0,Isaiah Buggs96
340,15,2,0,2,0.0,0,0.0,0,0,0,0,0,0,0,0,0,James Washington13
341,16,2,0,2,0.0,0,0.0,0,0,0,0,0,0,0,0,0,Matt Feiler71
342,16,1,0,1,0.0,0,0.0,0,0,0,0,0,0,0,0,0,B.J. Finney67
343,13,1,0,1,0.0,0,0.0,0,0,0,0,0,0,0,0,0,Nick Vannett88
344,13,1,0,1,0.0,0,0.0,0,0,0,0,0,0,0,0,0,Maurkice Pouncey53
345,16,1,0,1,0.0,0,0.0,0,0,0,0,0,0,0,0,0,Diontae Johnson18
346,16,1,0,1,0.0,0,0.0,0,0,0,0,0,0,0,0,0,David DeCastro66
347,16,1,0,1,0.0,0,0.0,0,0,0,0,0,0,0,0,0,Chris Boswell9
348,5,1,0,1,0.0,0,0.0,0,0,0,0,0,0,0,0,0,Tevin Jones14
349,14,1,0,1,0.0,0,0.0,0,0,0,0,0,0,0,0,0,Vance McDonald89
350,4,1,0,1,0.0,0,0.0,0,0,0,0,0,0,0,0,0,Zach Gentry81
351,16,99,43,142,2.0,11,9.5,2,0,0,0,0,0,2,0,0,Zach Cunningham41
352,14,54,47,101,1.0,4,5.5,3,0,0,0,0,1,2,0,0,Benardrick McKinney55
353,15,57,21,78,0.0,0,1.5,5,2,55,37,0,0,1,0,0,Justin Reid20
354,15,28,24,52,2.5,17,6.0,0,0,0,0,0,0,0,0,0,D.J. Reader98
355,15,31,20,51,3.5,7,3.5,1,0,0,0,0,2,0,0,0,Brennan Scarlett57
356,16,33,15,48,7.5,44,14.0,2,2,88,86,0,4,1,0,0,Whitney Mercilus59
357,14,34,7,41,0.0,0,0.0,7,0,0,0,0,0,0,0,0,Lonnie Johnson Jr.32
358,10,35,3,38,1.0,10,2.0,8,2,49,27,1,1,0,0,0,Bradley Roby21
359,8,20,7,27,0.0,0,0.0,11,0,0,0,0,0,0,0,0,Gareon Conley22
360,6,16,7,23,0.0,0,0.0,2,1,3,3,0,0,0,0,0,Gareon Conley22
361,16,11,14,25,1.0,3,1.0,0,0,0,0,0,0,0,0,0,Brandon Dunn92
362,8,15,9,24,4.0,34,6.5,3,0,0,0,0,1,2,0,0,J.J. Watt99
363,10,10,13,23,1.0,3,1.5,1,0,0,0,0,0,1,0,0,Carlos Watkins91
364,6,16,5,21,0.0,0,1.0,2,0,0,0,0,0,0,0,0,Vernon Hargreaves III28
365,9,36,4,40,0.0,0,0.0,4,1,15,15,1,0,1,0,0,Vernon Hargreaves III28
366,15,11,9,20,0.0,0,1.5,0,0,0,0,0,0,0,0,2,Angelo Blackson97
367,16,10,8,18,0.0,0,0.0,0,0,0,0,0,0,0,0,0,Peter Kalambayi58
368,11,13,3,16,0.0,0,0.0,1,0,0,0,0,0,1,0,0,Dylan Cole51
369,16,9,5,14,0.0,0,1.0,0,0,0,0,0,0,0,0,0,A.J. Moore Jr.33
370,5,7,6,13,0.0,0,0.0,0,0,0,0,0,1,0,0,0,Tyrell Adams50
371,14,8,5,13,3.0,34,4.0,2,0,0,0,0,2,0,0,0,Charles Omenihu94
372,16,10,3,13,0.0,0,1.0,1,0,0,0,0,0,0,0,0,Keion Crossen35
373,6,12,1,13,0.0,0,1.0,2,0,0,0,0,0,0,0,0,Phillip Gaines29
374,14,6,5,11,3.5,27,3.5,0,0,0,0,0,1,0,0,0,Jacob Martin54
375,11,4,5,9,0.0,0,0.0,0,0,0,0,0,0,0,0,0,Taiwan Jones26
376,3,5,3,8,0.0,0,0.0,0,0,0,0,0,0,0,0,0,Eddie Vanderdoes95
377,16,3,3,6,0.0,0,0.0,0,0,0,0,0,0,0,0,0,Buddy Howell38
378,16,5,1,6,0.0,0,0.0,0,0,0,0,0,0,0,0,0,Barkevious Mingo50
379,16,3,3,6,0.0,0,0.0,0,0,0,0,0,0,0,0,0,Cullen Gillaspia44
380,5,3,1,4,0.0,0,0.0,0,0,0,0,0,0,0,0,0,Cornell Armstrong30
381,16,3,0,3,0.0,0,0.0,0,0,0,0,0,0,0,0,0,Max Scharping74
382,16,3,0,3,0.0,0,0.0,0,0,0,0,0,0,0,0,0,Duke Johnson25
383,4,1,1,2,0.0,0,0.0,0,0,0,0,0,0,0,0,0,Xavier Crawford20
384,9,2,0,2,0.0,0,0.0,0,0,0,0,0,0,0,0,0,Keke Coutee16
385,16,0,2,2,0.0,0,0.0,0,0,0,0,0,0,0,0,0,Jon Weeks46
386,13,1,0,1,0.0,0,0.0,0,0,0,0,0,0,0,0,0,Kenny Stills12
387,16,0,1,1,0.0,0,0.0,0,0,0,0,0,0,0,0,0,Ka'imi Fairbairn7
388,16,1,0,1,0.0,0,0.0,0,0,0,0,0,0,0,0,0,Darren Fells87
389,15,1,0,1,0.0,0,0.0,0,0,0,0,0,0,0,0,0,DeAndre Hopkins10
390,15,1,0,1,0.0,0,0.0,0,0,0,0,0,0,0,0,0,Deshaun Watson4
391,16,84,40,124,2.5,3,8.0,2,1,0,0,0,1,0,0,0,Anthony Walker54
392,13,71,50,121,5.0,26,9.5,7,5,92,80,1,2,0,0,0,Darius Leonard53
393,14,53,18,71,0.0,0,3.0,1,0,0,0,0,0,0,0,0,Khari Willis37
394,16,48,17,65,1.0,12,3.5,2,0,0,0,0,2,1,0,0,Bobby Okereke58
395,15,54,8,62,0.0,0,2.0,5,1,0,0,0,0,1,0,0,Rock Ya-Sin26
396,11,50,11,61,2.5,15,5.0,3,2,36,35,0,0,1,0,0,Kenny Moore II23
397,13,30,21,51,0.0,0,1.5,3,2,39,26,0,0,1,0,0,Malik Hooker29
398,12,38,12,50,0.0,0,1.0,11,3,0,0,0,0,0,0,0,Pierre Desir35
399,16,33,11,44,11.0,66,15.0,0,0,0,0,0,2,3,0,0,Justin Houston50
400,16,30,7,37,0.0,0,0.0,0,0,0,0,0,2,1,0,0,George Odum30
401,14,20,12,32,3.5,28,7.0,4,0,0,0,0,1,0,0,0,Denico Autry96
402,16,14,16,30,3.0,29,5.0,1,0,0,0,0,0,0,0,0,Grover Stewart90
403,16,21,7,28,3.0,24,7.5,0,0,0,0,0,1,0,0,0,Al-Quadin Muhammad97
404,13,23,3,26,0.0,0,0.0,5,0,0,0,0,1,0,0,0,Marvell Tell III39
405,16,14,3,17,0.0,0,0.0,0,0,0,0,0,0,0,0,0,Margus Hunt
406,11,11,4,15,0.0,0,0.0,0,0,0,0,0,0,0,0,0,Rolan Milligan42
407,16,7,4,11,2.5,5,4.5,1,0,0,0,0,1,0,0,0,Ben Banogu52
408,9,9,2,11,0.0,0,0.0,0,0,0,0,0,0,0,0,0,Quincy Wilson31
409,16,8,2,10,0.0,0,1.0,0,0,0,0,0,0,0,0,0,Matthew Adams49
410,13,7,0,7,0.0,0,1.0,0,0,0,0,0,0,0,0,0,Ashton Dulin16
411,12,4,3,7,0.0,0,1.0,0,0,0,0,0,0,0,0,0,E.J. Speed45
412,5,6,1,7,0.0,0,0.0,1,0,0,0,0,0,0,0,0,Shakial Taylor38
413,16,4,2,6,0.0,0,0.0,0,0,0,0,0,0,0,0,0,Zaire Franklin44
414,16,6,0,6,0.0,0,1.0,0,0,0,0,0,0,0,0,0,Zach Pascal14
415,7,3,3,6,0.0,0,0.0,0,0,0,0,0,0,0,0,0,Trevon Coley93
416,9,3,2,5,0.0,0,1.0,0,0,0,0,0,0,0,0,0,Tyquan Lewis94
417,4,2,3,5,1.5,12,1.5,0,0,0,0,0,1,0,0,0,Kemoko Turay57
418,16,3,1,4,0.0,0,1.0,0,0,0,0,0,0,0,0,0,Nyheim Hines21
419,15,3,0,3,0.0,0,0.0,0,0,0,0,0,0,0,0,0,Jacoby Brissett7
420,16,2,0,2,0.0,0,0.0,0,0,0,0,0,0,0,0,0,Ryan Kelly78
421,16,1,0,1,0.0,0,0.0,0,0,0,0,0,0,0,0,0,Mo Alie-Cox81
422,16,1,0,1,0.0,0,0.0,0,0,0,0,0,0,0,0,0,Anthony Castonzo74
423,16,1,0,1,0.0,0,0.0,0,0,0,0,0,0,0,0,0,Luke Rhodes46
424,10,1,0,1,0.0,0,0.0,0,0,0,0,0,0,0,0,0,T.Y. Hilton13
425,11,1,0,1,0.0,0,0.0,0,0,0,0,0,0,0,0,0,Eric Ebron85
426,14,1,0,1,0.0,0,1.0,0,0,0,0,0,0,0,0,0,Jordan Wilkins20
427,16,57,22,79,0.0,0,5.5,4,2,4,4,0,1,0,0,0,Jarrod Wilson26
428,14,44,27,71,2.0,6,3.0,9,2,66,35,0,0,1,0,0,Ronnie Harrison36
429,11,42,24,66,0.5,4,3.5,4,1,14,14,0,0,0,0,0,Myles Jack44
430,14,50,15,65,0.0,0,1.5,8,1,25,25,0,0,0,0,0,A.J. Bouye21
431,16,37,19,56,6.5,47,12.5,1,0,0,0,0,2,1,1,1,Calais Campbell93
432,16,42,13,55,0.0,0,1.0,13,3,0,0,0,0,0,0,0,Tre Herndon37
433,11,30,18,48,0.0,0,2.0,0,0,0,0,0,0,0,0,0,Quincy Williams56
434,14,31,11,42,2.0,13,4.5,1,0,0,0,0,0,1,0,0,Leon Jacobs48
435,15,32,9,41,2.0,17,5.0,6,0,0,0,0,1,1,0,0,D.J. Hayden25
436,15,36,5,41,8.0,56,15.0,6,1,23,23,1,4,1,0,0,Yannick Ngakoue91
437,13,30,10,40,1.0,8,4.0,1,0,0,0,0,0,0,0,0,Austin Calitro47
438,16,18,15,33,2.0,16,5.5,1,0,0,0,0,1,0,0,0,Taven Bryan90
439,16,15,16,31,2.0,10,3.0,0,0,0,0,0,0,1,0,0,Abry Jones95
440,16,20,8,28,1.0,3,1.0,0,0,0,0,0,1,0,0,0,Andrew Wingard42
441,16,12,5,17,6.0,32,6.0,0,0,0,0,0,0,1,0,0,Dawuane Smoot94
442,3,13,4,17,0.0,0,0.0,1,0,0,0,0,1,0,0,0,Jalen Ramsey20
443,9,31,2,33,0.0,0,1.0,4,1,13,13,0,1,0,0,0,Jalen Ramsey20
444,16,8,5,13,0.0,0,0.0,1,0,0,0,0,0,0,0,1,Cody Davis22
445,11,6,1,7,0.0,0,0.0,0,0,0,0,0,0,1,0,0,Breon Borders48
446,4,4,2,6,0.0,0,0.0,0,0,0,0,0,0,0,0,0,Parry Nickerson35
447,9,3,2,5,0.0,0,0.0,0,0,0,0,0,0,0,0,0,Lerentee McCray55
448,8,4,1,5,0.0,0,0.0,0,0,0,0,0,0,0,0,0,Brandon Watson40
449,3,3,1,4,0.0,0,0.0,0,0,0,0,0,0,0,0,0,Dontavius Russell98
450,15,3,1,4,0.0,0,0.0,0,0,0,0,0,0,0,0,0,Dede Westbrook12
451,16,3,1,4,0.0,0,0.0,0,0,0,0,0,0,0,0,0,Ryquell Armstead23
452,5,2,1,3,0.0,0,0.0,0,0,0,0,0,0,0,0,0,Joe Giles-Harris43
453,2,2,0,2,0.0,0,0.0,0,0,0,0,0,0,0,0,0,Doug Middleton39
454,7,2,0,2,0.0,0,0.0,0,0,0,0,0,0,0,0,0,Michael Walker13
455,15,1,1,2,0.0,0,0.0,0,0,0,0,0,0,0,0,0,Leonard Fournette27
456,10,2,0,2,0.0,0,0.0,0,0,0,0,0,0,0,0,0,Devine Ozigbo33
457,16,1,0,1,0.0,0,0.0,0,0,0,0,0,0,0,0,0,Brandon Linder65
458,14,0,1,1,0.0,0,0.0,0,0,0,0,0,0,0,0,0,Cam Robinson74
459,4,0,1,1,0.0,0,0.0,0,0,0,0,0,0,0,0,0,Josh Oliver89
460,16,1,0,1,0.0,0,0.0,0,0,0,0,0,0,0,0,0,Jawaan Taylor75
461,15,1,0,1,0.0,0,0.0,0,0,0,0,0,0,0,0,0,DJ Chark Jr.17
462,14,1,0,1,0.0,0,0.0,0,0,0,0,0,0,0,0,0,Gardner Minshew II15
463,16,1,0,1,0.0,0,0.0,0,0,0,0,0,0,0,0,0,Chris Conley18
464,16,0,1,1,0.0,0,0.0,0,0,0,0,0,0,0,0,0,A.J. Cann60
465,16,1,0,1,0.0,0,0.0,0,0,0,0,0,0,0,0,0,Josh Lambo4
466,3,1,0,1,0.0,0,0.0,0,0,0,0,0,0,0,0,0,Dakota Allen53
467,2,1,0,1,0.0,0,0.0,0,0,0,0,0,0,0,0,0,Carl Davis79
468,15,1,0,1,0.0,0,0.0,0,0,0,0,0,0,0,0,0,Will Richardson Jr.76
469,16,1,0,1,0.0,0,0.0,0,0,0,0,0,0,0,0,0,Keelan Cole84
470,16,69,42,111,2.5,13,11.0,0,0,0,0,0,0,1,1,0,Rashaan Evans54
471,14,69,36,105,1.0,1,3.0,8,1,0,0,0,0,1,1,0,Jayon Brown55
472,16,51,33,84,1.0,6,3.5,5,1,2,2,0,0,0,0,0,Kenny Vaccaro24
473,16,60,24,84,0.0,0,2.0,9,5,79,28,0,0,0,0,0,Kevin Byard31
474,16,43,25,68,9.0,53,13.5,1,1,0,0,0,1,2,0,0,Harold Landry III58
475,11,39,6,45,0.0,0,3.0,6,0,0,0,0,0,0,0,0,Adoree' Jackson25
476,14,26,18,44,5.0,42,7.0,0,0,0,0,0,1,2,0,0,Jurrell Casey99
477,16,21,21,42,1.0,0,0.5,3,0,0,0,0,0,0,0,0,DaQuan Jones90
478,16,27,10,37,5.0,21,6.0,2,0,0,0,0,0,1,0,0,Kamalei Correa44
479,14,24,11,35,0.0,0,0.0,2,0,0,0,0,0,0,0,0,LeShaun Sims38
480,9,18,14,32,2.0,7,4.5,1,0,0,0,0,0,0,0,0,Jeffery Simmons98
481,9,25,7,32,0.0,0,1.0,9,2,61,38,1,0,0,0,0,Malcolm Butler21
482,9,18,8,26,0.0,0,0.0,0,0,0,0,0,2,0,0,0,Tye Smith23
483,16,11,12,23,0.0,0,1.0,1,0,0,0,0,0,0,0,1,Austin Johnson98
484,11,13,9,22,1.0,4,2.0,1,0,0,0,0,0,0,0,0,Reggie Gilbert93
485,16,14,5,19,0.0,0,1.0,0,0,0,0,0,0,0,0,0,Amani Hooker37
486,14,9,6,15,0.0,0,3.0,1,0,0,0,0,1,0,0,0,David Long51
487,16,6,4,10,0.0,0,1.0,0,0,0,0,0,0,0,0,2,Dane Cruikshank29
488,2,8,1,9,0.0,0,0.0,0,0,0,0,0,0,0,0,0,Kareem Orr20
489,13,4,4,8,1.5,9,1.5,0,0,0,0,0,0,1,0,0,Isaiah Mack97
490,3,5,1,6,3.0,23,3.0,0,0,0,0,0,0,0,0,0,Derick Roberson50
491,8,6,0,6,0.0,0,0.0,1,0,0,0,0,0,0,0,1,Joshua Kalu46
492,8,4,1,5,0.0,0,0.0,0,0,0,0,0,0,0,0,0,Darius Jennings11
493,6,4,1,5,0.0,0,0.0,0,0,0,0,0,0,0,0,0,Chris Milton30
494,8,4,1,5,0.0,0,0.0,0,0,0,0,0,0,0,0,0,Kalif Raymond14
495,16,4,0,4,0.0,0,0.0,0,0,0,0,0,0,0,0,0,Jonnu Smith81
496,16,2,1,3,0.0,0,0.0,0,0,0,0,0,0,0,0,0,Jack Conklin78
497,13,3,0,3,0.0,0,1.0,0,0,0,0,0,0,0,0,0,Nate Davis64
498,16,0,3,3,0.0,0,0.0,0,0,0,0,0,0,0,0,0,Beau Brinkley48
499,12,2,0,2,0.0,0,0.0,0,0,0,0,0,0,0,0,0,Ryan Tannehill17
500,5,1,1,2,0.0,0,0.0,0,0,0,0,0,0,0,0,0,Cody Hollister16
501,5,1,1,2,0.0,0,1.0,0,0,0,0,0,0,0,0,0,Matt Dickerson92
502,6,2,0,2,0.0,0,0.0,0,0,0,0,0,0,0,0,0,Khari Blasingame41
503,16,1,1,2,0.0,0,0.0,0,0,0,0,0,0,0,0,0,MyCole Pruitt85
504,15,0,1,1,0.0,0,0.0,0,0,0,0,0,0,0,0,0,Ben Jones60
505,16,1,0,1,0.0,0,0.0,0,0,0,0,0,0,0,0,0,A.J. Brown11
506,15,1,0,1,0.0,0,0.0,0,0,0,0,0,0,0,0,0,Derrick Henry22
507,12,1,0,1,0.0,0,0.0,0,0,0,0,0,0,0,0,0,Taylor Lewan77
508,3,1,0,1,0.0,0,0.0,0,0,0,0,0,0,0,0,0,Rod Smith34
509,3,2,0,2,0.0,0,0.0,0,0,0,0,0,1,0,0,0,Rod Smith34
510,2,1,0,1,0.0,0,0.0,0,0,0,0,0,0,0,0,0,Greg Joseph7
511,15,1,0,1,0.0,0,0.0,0,0,0,0,0,0,0,0,0,Corey Davis84
512,14,78,56,134,0.0,0,6.0,1,0,0,0,0,0,0,0,0,Todd Davis51
513,15,51,42,93,1.5,3,7.0,3,1,0,0,0,2,1,0,0,Alexander Johnson45
514,13,48,23,71,0.0,0,4.5,10,2,28,24,0,1,0,1,0,Kareem Jackson22
515,16,44,12,56,0.0,0,1.0,6,1,11,11,0,1,0,0,0,Chris Harris Jr.25
516,16,28,21,49,6.0,33,9.0,9,0,0,0,0,1,0,0,0,Shelby Harris96
517,13,28,20,48,0.0,0,8.5,0,0,0,0,0,0,0,0,0,Mike Purcell98
518,15,33,13,46,8.0,32,11.0,2,0,0,0,0,0,0,0,0,Von Miller58
519,16,32,11,43,0.0,0,1.0,4,0,0,0,0,0,0,0,0,Isaac Yiadom26
520,15,21,17,38,1.5,5,1.5,0,0,0,0,0,0,2,0,0,Josey Jewell47
521,16,30,5,35,0.0,0,2.5,3,0,0,0,0,0,0,0,0,Davontae Harris27
522,14,26,9,35,1.0,7,1.0,2,1,11,11,0,1,0,0,0,Will Parks28
523,12,23,11,34,7.0,41,8.0,1,0,0,0,0,1,0,0,0,Derek Wolfe95
524,15,16,11,27,2.0,11,5.5,1,0,0,0,0,0,1,0,0,Malik Reed59
525,16,19,6,25,0.0,0,0.0,0,0,0,0,0,1,1,0,0,Trey Marshall36
526,10,13,9,22,4.0,24,5.0,1,0,0,0,0,0,0,0,0,DeMarcus Walker57
527,4,16,5,21,1.0,7,5.0,1,0,0,0,0,1,0,0,0,Bradley Chubb55
528,15,12,9,21,1.0,7,1.5,2,0,0,0,0,0,0,0,0,Justin Hollins52
529,12,14,7,21,3.5,19,5.5,0,0,0,0,0,0,1,0,0,Jeremiah Attaochu97
530,14,15,4,19,0.0,0,0.0,2,0,0,0,0,0,0,0,0,Duke Dawson Jr.20
531,14,8,6,14,3.5,22,3.5,2,1,7,7,0,0,0,0,1,Dre'Mont Jones93
532,5,9,4,13,0.0,0,0.0,3,0,0,0,0,0,0,0,0,De'Vante Bausby41
533,12,5,3,8,0.0,0,0.0,0,0,0,0,0,0,0,0,0,Joe Jones43
534,3,4,3,7,0.0,0,0.0,0,0,0,0,0,0,0,0,0,Jonathan Harris92
535,2,0,1,1,0.0,0,0.0,0,0,0,0,0,0,0,0,0,Jonathan Harris92
536,13,3,2,5,0.0,0,0.0,0,0,0,0,0,0,0,0,0,Fred Brown19
537,8,2,0,2,0.0,0,0.0,0,0,0,0,0,0,0,0,0,Josh Watson54
538,16,2,0,2,0.0,0,0.0,0,0,0,0,0,0,0,0,0,Casey Kreiter58
539,16,2,0,2,0.0,0,0.0,0,0,0,0,0,0,0,0,0,Noah Fant87
540,8,1,1,2,0.0,0,0.0,0,0,0,0,0,0,0,0,0,Tim Patrick81
541,16,2,0,2,0.0,0,0.0,0,0,0,0,0,0,0,0,0,Andrew Beck83
542,16,2,0,2,0.0,0,0.0,0,0,0,0,0,0,0,0,0,Garett Bolles72
543,3,1,0,1,0.0,0,0.0,0,0,0,0,0,0,0,0,0,Ahmad Gooden94
544,14,1,0,1,0.0,0,0.0,0,0,0,0,0,0,0,0,0,Jeff Heuerman82
545,11,1,0,1,0.0,0,0.0,0,0,0,0,0,0,0,0,0,Troy Fumagalli84
546,7,1,0,1,0.0,0,0.0,0,0,0,0,0,0,0,0,0,Andy Janovich32
547,16,1,0,1,0.0,0,0.0,0,0,0,0,0,0,0,0,0,Courtland Sutton14
548,15,1,0,1,0.0,0,0.0,0,0,0,0,0,0,0,0,0,Elijah Wilkinson68
549,16,1,0,1,0.0,0,0.0,0,0,0,0,0,0,0,0,0,Brandon McManus8
550,16,1,0,1,0.0,0,0.0,0,0,0,0,0,0,0,0,0,Royce Freeman28
551,16,1,0,1,0.0,0,0.0,0,0,0,0,0,0,0,0,0,DaeSean Hamilton17
552,7,1,0,1,0.0,0,0.0,0,0,0,0,0,0,0,0,0,Emmanuel Sanders17
553,16,1,0,1,0.0,0,0.0,0,0,0,0,0,0,0,0,0,Dalton Risner66
554,16,1,0,1,0.0,0,0.0,0,0,0,0,0,0,0,0,0,Phillip Lindsay30
555,15,51,37,88,2.0,31,6.0,1,0,0,0,0,1,0,0,0,Anthony Hitchens53
556,16,52,29,81,1.5,9,3.5,1,0,0,0,0,1,0,0,0,Damien Wilson54
557,16,63,12,75,2.0,14,3.5,12,4,70,35,0,0,0,0,0,Tyrann Mathieu32
558,16,56,18,74,0.0,0,0.0,10,2,10,10,0,1,0,0,0,Charvarius Ward35
559,16,42,16,58,0.0,0,0.0,5,3,46,46,1,0,0,0,0,Juan Thornhill22
560,16,35,21,56,0.0,0,1.0,1,0,0,0,0,0,0,0,0,Ben Niemann56
561,11,34,15,49,1.0,7,3.0,2,0,0,0,0,0,0,0,0,Kendall Fuller29
562,16,18,30,48,1.0,1,5.0,1,1,0,0,0,1,0,0,0,Derrick Nnadi91
563,16,37,11,48,0.0,0,0.0,8,2,4,4,0,0,2,1,0,Bashaud Breeland21
564,14,27,10,37,8.0,51,13.0,4,1,5,5,0,3,1,0,0,Frank Clark55
565,13,23,13,36,9.0,75,9.5,4,0,0,0,0,1,1,0,0,Chris Jones95
566,13,23,13,36,9.0,75,9.5,4,0,0,0,0,1,1,0,0,Chris Jones25
567,13,23,13,36,9.0,75,9.5,4,0,0,0,0,1,1,0,0,Chris Jones6
568,11,17,5,22,0.0,0,0.0,6,0,0,0,0,0,0,0,0,Chris Jones95
569,11,17,5,22,0.0,0,0.0,6,0,0,0,0,0,0,0,0,Chris Jones25
570,11,17,5,22,0.0,0,0.0,6,0,0,0,0,0,0,0,0,Chris Jones6
571,10,23,9,32,5.5,37,8.0,3,0,0,0,0,1,0,0,0,Emmanuel Ogbah90
572,14,23,7,30,2.0,9,4.0,0,0,0,0,0,0,1,1,0,Reggie Ragland59
573,16,21,8,29,4.0,47,7.5,2,0,0,0,0,1,1,0,2,Tanoh Kpassagnon92
574,8,13,11,24,1.0,8,3.0,0,0,0,0,0,0,0,0,0,Mike Pennel64
575,12,13,9,22,1.0,0,0.0,1,0,0,0,0,0,0,0,0,Khalen Saunders99
576,10,15,7,22,5.0,33,5.0,1,0,0,0,0,1,0,0,0,Alex Okafor97
577,16,13,4,17,1.0,7,1.0,0,0,0,0,0,0,0,0,0,Armani Watts23
578,12,11,4,15,0.0,0,0.0,4,1,0,0,0,1,0,0,0,Rashad Fenton27
579,14,5,3,8,0.0,0,0.0,0,0,0,0,0,0,1,0,0,Dorian O'Daniel44
580,16,5,3,8,0.0,0,1.0,0,0,0,0,0,0,0,0,0,Anthony Sherman42
581,14,3,4,7,0.0,0,0.0,1,0,0,0,0,0,0,0,0,Jordan Lucas21
582,16,4,3,7,0.0,0,0.0,0,0,0,0,0,0,0,0,0,Byron Pringle13
583,4,4,0,4,0.0,0,1.0,0,0,0,0,0,0,0,0,0,Demone Harris52
584,16,2,0,2,0.0,0,0.0,0,0,0,0,0,0,0,0,0,Demarcus Robinson11
585,3,2,0,2,0.0,0,0.0,0,0,0,0,0,0,0,0,0,Alex Brown30
586,5,0,2,2,0.0,0,0.0,0,0,0,0,0,0,0,0,0,Joey Ivie96
587,16,1,1,2,0.0,0,0.0,0,0,0,0,0,0,0,0,0,James Winchester41
588,15,2,0,2,0.0,0,0.0,0,0,0,0,0,0,0,0,0,Blake Bell80
589,2,1,1,2,0.0,0,0.0,0,0,0,0,0,0,0,0,0,Gehrig Dieter12
590,16,2,0,2,0.0,0,0.0,0,0,0,0,0,0,0,0,0,Mitchell Schwartz71
591,6,1,0,1,0.0,0,0.0,0,0,0,0,0,0,0,0,0,Martinas Rankin74
592,12,1,0,1,0.0,0,0.0,0,0,0,0,0,0,0,0,0,Darwin Thompson34
593,14,1,0,1,0.0,0,0.0,0,0,0,0,0,0,0,0,0,Sammy Watkins14
594,12,1,0,1,0.0,0,0.0,0,0,0,0,0,0,0,0,0,Tyreek Hill10
595,16,1,0,1,0.0,0,0.0,0,0,0,0,0,0,0,0,0,Travis Kelce87
596,16,79,29,108,0.0,0,6.5,1,0,0,0,0,0,0,0,0,Tahir Whitehead52
597,16,64,10,74,0.0,0,1.5,8,3,145,59,2,0,0,0,0,Erik Harris25
598,16,53,20,73,0.0,0,4.0,4,1,11,11,0,0,0,0,0,Nicholas Morrow50
599,15,51,7,58,0.0,0,1.0,8,1,0,0,0,0,1,0,0,Daryl Worley20
600,16,42,8,50,0.0,0,0.0,10,1,0,0,0,0,0,0,0,Trayvon Mullen27
601,16,28,22,50,1.5,7,9.5,1,0,0,0,0,0,0,0,0,Johnathan Hankins90
602,14,41,8,49,0.0,0,3.0,3,0,0,0,0,0,0,0,0,Lamarcus Joyner29
603,9,38,11,49,0.0,0,4.0,3,1,0,0,0,0,1,0,0,Karl Joseph42
604,16,36,11,47,10.0,69,19.0,4,0,0,0,0,4,0,0,0,Maxx Crosby98
605,15,24,14,38,4.5,35,10.5,5,0,0,0,0,0,1,0,0,Clelin Ferrell96
606,16,18,8,26,1.5,10,5.0,0,0,0,0,0,0,0,0,0,P.J. Hall92
607,11,20,4,24,0.0,0,2.0,5,0,0,0,0,0,0,0,0,Nevin Lawson26
608,16,11,7,18,3.5,39,4.5,3,1,55,55,0,0,2,0,0,Maurice Hurst73
609,15,10,5,15,7.0,51,6.5,0,0,0,0,0,3,0,0,0,Benson Mayowa91
610,14,12,0,12,0.0,0,0.0,1,0,0,0,0,0,0,0,0,Keisean Nixon22
611,5,11,0,11,0.0,0,1.0,0,0,0,0,0,0,0,0,0,Marquel Lee52
612,15,6,4,10,0.0,0,0.0,0,0,0,0,0,0,0,0,0,Dallin Leavitt32
613,16,5,2,7,0.0,0,0.0,0,0,0,0,0,0,0,0,0,Derek Carrier85
614,14,5,1,6,0.0,0,0.0,2,0,0,0,0,0,0,0,0,Kyle Wilber58
615,1,1,4,5,0.0,0,0.0,1,0,0,0,0,0,0,0,0,Johnathan Abram24
616,7,3,1,4,2.0,23,2.0,0,0,0,0,0,0,0,0,0,Arden Key99
617,13,4,0,4,0.0,0,0.0,0,0,0,0,0,0,0,0,0,Foster Moreau87
618,15,3,0,3,0.0,0,0.0,0,0,0,0,0,0,0,0,0,Rodney Hudson61
619,5,1,1,2,0.0,0,0.0,1,0,0,0,0,0,0,0,0,Isaiah Johnson31
620,16,2,0,2,0.0,0,0.0,0,0,0,0,0,0,0,0,0,DeAndre Washington24
621,16,1,1,2,0.0,0,0.0,0,0,0,0,0,0,0,0,0,Alec Ingold45
622,16,1,1,2,0.0,0,0.0,0,0,0,0,0,0,0,0,0,Trent Sieg47
623,16,1,0,1,0.0,0,0.0,0,0,0,0,0,0,0,0,0,AJ Cole6
624,16,1,0,1,0.0,0,0.0,0,0,0,0,0,0,0,0,0,Daniel Carlson8
625,13,1,0,1,0.0,0,0.0,0,0,0,0,0,0,0,0,0,Josh Jacobs28
626,16,1,0,1,0.0,0,0.0,0,0,0,0,0,0,0,0,0,Darren Waller83
627,16,1,0,1,0.0,0,0.0,0,0,0,0,0,0,1,0,0,Kolton Miller74
628,4,1,0,1,0.0,0,0.0,0,0,0,0,0,0,0,0,0,Rico Gafford10
629,16,65,47,112,1.0,5,4.0,2,0,0,0,0,0,0,0,0,Thomas Davis Sr.58
630,15,61,14,75,0.0,0,4.0,1,0,0,0,0,0,0,0,0,Drue Tranquill49
631,14,50,18,68,0.0,0,5.0,1,1,0,0,0,1,0,0,0,Denzel Perryman52
632,16,47,20,67,11.5,78,20.0,0,0,0,0,0,1,0,0,0,Joey Bosa97
633,16,34,20,54,0.0,0,1.0,4,3,10,8,0,0,0,0,0,Rayshawn Jenkins23
634,15,40,11,51,2.5,14,5.5,2,0,0,0,0,1,1,0,0,Desmond King II20
635,13,39,9,48,7.0,42,12.0,5,1,9,9,0,0,1,0,0,Melvin Ingram III54
636,16,30,11,41,0.0,0,2.5,1,0,0,0,0,0,0,0,0,Brandon Facyson28
637,7,30,10,40,1.0,0,0.0,2,1,3,3,0,0,0,0,0,Roderic Teamer36
638,16,25,15,40,0.0,0,0.0,2,1,0,0,0,0,0,0,0,Kyzir White44
639,12,31,8,39,0.0,0,0.0,9,2,15,15,0,0,0,0,0,Michael Davis43
640,7,23,13,36,0.0,0,1.5,0,0,0,0,0,0,0,0,0,Adrian Phillips31
641,5,23,11,34,0.0,0,3.5,1,0,0,0,0,0,0,0,0,Derwin James33
642,16,28,4,32,0.0,0,0.0,8,2,37,37,0,0,0,0,0,Casey Hayward Jr.26
643,16,23,8,31,2.0,18,5.5,1,0,0,0,0,1,0,0,0,Uchenna Nwosu42
644,12,18,12,30,0.0,0,2.0,1,0,0,0,0,1,0,0,0,Justin Jones93
645,14,20,9,29,0.0,0,1.0,1,0,0,0,0,0,0,0,0,Jaylen Watkins27
646,15,9,8,17,2.0,11,3.0,0,0,0,0,0,0,0,0,0,Jerry Tillery99
647,16,13,3,16,0.0,0,0.5,0,0,0,0,0,0,0,0,0,Derek Watt34
648,16,3,9,12,1.0,1,1.5,1,0,0,0,0,0,0,0,0,Isaac Rochell98
649,13,8,2,10,0.0,0,0.0,0,0,0,0,0,0,1,0,0,Jatavis Brown53
650,16,3,5,8,0.0,0,0.0,0,0,0,0,0,0,0,0,0,Nick Dzubnar48
651,13,5,1,6,0.0,0,0.0,0,0,0,0,0,0,0,0,0,Andre Patton16
652,7,5,0,5,0.0,0,0.0,0,0,0,0,0,0,0,0,0,Geremy Davis11
653,2,4,1,5,0.0,0,0.0,0,0,0,0,0,0,0,0,0,Cortez Broughton91
654,15,4,0,4,0.0,0,0.0,0,0,0,0,0,0,0,0,0,Emeke Egbule51
655,12,3,0,3,0.0,0,0.0,0,0,0,0,0,0,0,0,0,Melvin Gordon25
656,15,2,1,3,0.0,0,0.0,0,0,0,0,0,0,0,0,0,Mike Williams81
657,16,3,0,3,0.0,0,0.0,0,0,0,0,0,0,0,0,0,Keenan Allen13
658,12,2,0,2,0.0,0,0.0,0,0,0,0,0,0,0,0,0,Hunter Henry86
659,10,0,2,2,0.0,0,0.0,0,0,0,0,0,0,0,0,0,Jason Moore89
660,16,2,0,2,0.0,0,0.0,0,0,0,0,0,0,0,0,0,Michael Schofield III75
661,4,2,0,2,0.0,0,0.0,0,0,0,0,0,0,0,0,0,Nasir Adderley24
662,5,1,0,1,0.0,0,0.0,0,0,0,0,0,0,0,0,0,Mike Pouncey53
663,16,1,0,1,0.0,0,0.0,0,0,0,0,0,0,0,0,0,Cole Mazza45
664,3,1,0,1,0.0,0,0.0,0,0,0,0,0,0,0,0,0,Jalen Guyton15
665,6,0,1,1,0.0,0,0.0,0,0,0,0,0,0,0,0,0,Russell Okung76
666,16,1,0,1,0.0,0,0.0,0,0,0,0,0,0,0,0,0,Trent Scott78
667,14,0,1,1,0.0,0,0.0,0,0,0,0,0,0,0,0,0,Sam Tevi69
668,5,1,0,1,0.0,0,0.0,0,0,0,0,0,0,0,0,0,Travis Benjamin17
669,16,83,59,142,2.5,31,8.0,9,1,0,0,0,2,1,0,0,Jaylon Smith54
670,16,55,31,86,1.0,12,4.5,4,1,25,25,0,0,0,0,0,Sean Lee50
671,16,48,31,79,0.0,0,1.0,14,1,0,0,0,0,1,0,0,Chidobe Awuzie24
672,15,52,25,77,0.0,0,1.5,5,2,38,29,0,2,1,0,0,Xavier Woods25
673,9,43,29,72,0.5,2,4.0,3,0,0,0,0,1,0,0,0,Leighton Vander Esch55
674,13,41,22,63,0.0,0,4.0,7,0,0,0,0,0,0,0,0,Jeff Heath38
675,16,38,13,51,4.0,33,4.0,6,2,20,20,0,0,1,1,0,Jourdan Lewis26
676,15,36,10,46,0.0,0,0.0,6,0,0,0,0,1,0,0,0,Byron Jones31
677,16,30,15,45,5.0,24,13.0,2,0,0,0,0,2,2,0,0,DeMarcus Lawrence90
678,15,24,21,45,1.5,9,4.0,3,0,0,0,0,0,1,0,0,Darian Thompson23
679,14,26,8,34,11.5,86,14.5,3,0,0,0,0,2,0,0,0,Robert Quinn94
680,15,21,12,33,0.0,0,0.5,1,0,0,0,0,1,0,0,0,Joe Thomas48
681,16,20,8,28,1.0,4,4.0,1,0,0,0,0,0,0,0,0,Christian Covington
682,10,11,12,23,0.0,0,2.0,0,0,0,0,0,0,1,0,0,Antwaun Woods99
683,16,15,5,20,4.0,32,6.5,0,0,0,0,0,0,1,0,0,Maliek Collins96
684,16,10,7,17,1.0,11,3.0,0,0,0,0,0,0,1,0,0,Kerry Hyder92
685,9,11,6,17,0.0,0,1.5,5,0,0,0,0,0,0,0,0,Anthony Brown30
686,15,12,3,15,2.0,24,2.5,0,0,0,0,0,1,0,0,0,Dorance Armstrong92
687,16,10,2,12,0.0,0,0.0,1,0,0,0,0,0,0,0,0,Justin March53
688,16,7,2,9,0.0,0,0.0,0,0,0,0,0,0,0,0,0,C.J. Goodwin29
689,12,6,0,6,0.0,0,0.0,0,0,0,0,0,0,0,0,0,Ventell Bryant83
690,6,3,3,6,0.0,0,0.0,0,0,0,0,0,0,0,0,0,Luke Gifford57
691,7,4,1,5,0.0,0,1.0,0,0,0,0,0,0,0,0,0,Trysten Hill97
692,4,3,2,5,0.0,0,0.0,0,0,0,0,0,0,0,0,0,Kavon Frazier
693,16,2,2,4,0.0,0,0.0,0,0,0,0,0,0,0,0,0,Jamize Olawale49
694,16,3,1,4,0.0,0,0.0,0,0,0,0,0,0,0,0,0,Blake Jarwin89
695,6,2,2,4,0.0,0,0.0,1,0,0,0,0,0,0,0,0,Joe Jackson56
696,4,1,2,3,1.0,13,1.5,0,0,0,0,0,0,0,0,0,Tyrone Crawford98
697,15,3,0,3,0.0,0,0.0,0,0,0,0,0,1,0,0,0,Randall Cobb18
698,16,2,0,2,0.0,0,0.0,0,0,0,0,0,0,0,0,0,Ezekiel Elliott21
699,6,1,1,2,0.0,0,0.0,0,0,0,0,0,0,0,0,0,Josh Jones26
700,6,1,1,2,0.0,0,0.0,0,0,0,0,0,0,0,0,0,Josh Jones79
701,11,1,1,2,0.0,0,0.0,0,0,0,0,0,0,0,0,0,Donovan Wilson37
702,13,1,0,1,0.0,0,0.0,0,0,0,0,0,0,0,0,0,Tyron Smith77
703,11,0,1,1,0.0,0,0.0,0,0,0,0,0,0,0,0,0,Xavier Su'a-Filo76
704,16,1,0,1,0.0,0,0.0,0,0,0,0,0,0,0,0,0,Dak Prescott4
705,16,1,0,1,0.0,0,0.0,0,0,0,0,0,0,0,0,0,Jason Witten82
706,15,1,0,1,0.0,0,0.0,0,0,0,0,0,0,0,0,0,La'el Collins71
707,11,1,0,1,0.0,0,0.0,0,0,0,0,0,0,0,0,0,Connor Williams52
708,15,1,0,1,0.0,0,0.0,0,0,0,0,0,0,0,0,0,Tony Pollard20
709,16,1,0,1,0.0,0,0.0,0,0,0,0,0,0,0,0,0,Amari Cooper19
710,13,1,0,1,0.0,0,0.0,0,0,0,0,0,0,0,0,0,Brett Maher2
711,16,52,30,82,2.0,8,7.0,2,0,0,0,0,0,1,0,0,David Mayo55
712,11,51,25,76,0.0,0,6.0,5,1,32,32,1,3,0,0,0,Jabrill Peppers21
713,16,48,13,61,0.0,0,2.0,8,0,0,0,0,0,0,0,0,DeAndre Baker27
714,13,45,9,54,0.0,0,0.0,14,4,84,62,0,0,0,0,0,Janoris Jenkins20
715,2,5,2,7,0.0,0,0.0,2,1,0,0,0,0,0,0,0,Janoris Jenkins20
716,16,23,26,49,3.5,24,9.0,0,0,0,0,0,1,0,0,0,Dalvin Tomlinson94
717,16,33,14,47,0.0,0,3.0,3,0,0,0,0,0,0,0,1,Michael Thomas31
718,16,33,14,47,0.0,0,3.0,3,0,0,0,0,0,0,0,1,Michael Thomas13
719,15,25,20,45,4.5,19,7.5,5,0,0,0,0,1,0,0,0,Lorenzo Carter59
720,15,36,7,43,1.0,6,4.0,0,0,0,0,0,0,0,0,0,Grant Haley34
721,16,24,14,38,2.5,22,4.5,1,0,0,0,0,1,0,0,1,Dexter Lawrence97
722,15,30,7,37,0.0,0,6.0,3,1,30,30,0,1,0,0,0,Julian Love20
723,16,15,21,36,1.0,11,4.0,0,0,0,0,0,0,0,0,0,B.J. Hill95
724,6,20,6,26,0.0,0,1.0,1,0,0,0,0,0,0,0,0,Sam Beal23
725,13,21,5,26,0.0,0,0.0,2,0,0,0,0,0,0,0,0,Corey Ballentine25
726,16,11,14,25,4.5,35,5.5,1,0,0,0,0,0,0,0,0,Oshane Ximines53
727,4,10,10,20,1.0,2,2.5,2,2,18,13,0,0,0,0,0,Ryan Connelly57
728,16,12,5,17,0.0,0,1.0,4,0,0,0,0,0,0,0,0,Antonio Hamilton20
729,12,6,7,13,2.0,11,3.0,0,0,0,0,0,0,0,0,0,RJ McIntosh90
730,16,6,2,8,0.0,0,0.0,0,0,0,0,0,0,0,0,0,Cody Core17
731,12,5,1,6,0.0,0,2.0,0,0,0,0,0,1,0,0,0,Josiah Tauaefa48
732,15,5,0,5,0.0,0,0.0,0,0,0,0,0,0,0,0,0,Kevin Zeitler70
733,13,4,0,4,0.0,0,0.0,0,0,0,0,0,0,0,0,0,Daniel Jones8
734,16,3,1,4,0.0,0,0.0,0,0,0,0,0,0,0,0,0,Will Hernandez71
735,16,3,0,3,0.0,0,0.0,0,0,0,0,0,0,0,0,0,Nate Solder76
736,14,3,0,3,0.0,0,0.0,0,0,0,0,0,0,0,0,0,Darius Slayton86
737,6,1,2,3,0.5,5,0.5,0,0,0,0,0,0,1,0,0,Tuzar Skipper51
738,15,1,1,2,0.0,0,0.0,0,0,0,0,0,0,0,0,0,Cody Latimer12
739,16,2,0,2,0.0,0,0.0,0,0,0,0,0,0,0,0,0,Aldrick Rosas2
740,16,1,1,2,0.0,0,0.0,0,0,0,0,0,0,0,0,0,Elijhaa Penny39
741,10,2,0,2,0.0,0,0.0,0,0,0,0,0,0,0,0,0,Sterling Shepard87
742,7,0,1,1,0.0,0,0.0,0,0,0,0,0,0,0,0,0,Devante Downs52
743,9,1,0,1,0.0,0,0.0,0,0,0,0,0,0,0,0,0,Kaden Smith82
744,11,1,0,1,0.0,0,0.0,0,0,0,0,0,0,0,0,0,Golden Tate15
745,13,1,0,1,0.0,0,0.0,0,0,0,0,0,0,0,0,0,Saquon Barkley26
746,10,1,0,1,0.0,0,0.0,0,0,0,0,0,0,0,0,0,Wayne Gallman22
747,3,1,0,1,0.0,0,0.0,0,0,0,0,0,0,0,0,0,Eric Tomlinson83
748,5,1,0,1,0.0,0,1.0,0,0,0,0,0,0,0,0,0,Da'Mari Scott18
749,16,1,0,1,0.0,0,0.0,0,0,0,0,0,0,0,0,0,Riley Dixon9
750,16,63,18,81,2.5,19,9.0,8,0,0,0,0,4,1,0,1,Malcolm Jenkins27
751,16,52,26,78,2.5,12,6.0,5,2,51,51,1,0,1,0,0,Nathan Gerry47
752,16,46,30,76,1.0,0,0.5,6,2,30,23,0,2,0,0,0,Rodney McLeod23
753,16,35,15,50,8.5,43,17.0,0,0,0,0,0,1,2,0,0,Brandon Graham55
754,12,38,9,47,1.0,10,3.0,10,0,8,8,0,1,0,0,0,Avonte Maddox29
755,9,29,12,41,0.0,0,0.5,7,1,0,0,0,0,0,0,0,Jalen Mills21
756,16,26,14,40,3.5,25,10.0,2,0,0,0,0,3,1,0,0,Fletcher Cox91
757,11,34,3,37,0.0,0,1.0,11,2,29,16,0,0,0,0,0,Ronald Darby21
758,16,24,11,35,0.0,0,3.5,10,0,0,0,0,0,0,0,0,Rasul Douglas32
759,16,15,15,30,0.0,0,0.5,0,0,0,0,0,0,0,0,0,T.J. Edwards57
760,14,25,5,30,6.5,33,11.5,0,0,0,0,0,2,0,0,1,Derek Barnett96
761,12,19,4,23,0.0,0,1.0,8,2,4,3,0,0,0,0,0,Sidney Jones22
762,10,17,6,23,0.0,0,4.5,0,0,0,0,0,0,1,0,0,Kamu Grugier-Hill54
763,16,16,5,21,4.0,23,8.0,1,0,0,0,0,0,0,0,0,Josh Sweat94
764,14,12,3,15,0.0,0,0.5,1,0,0,0,0,0,0,0,0,Craig James39
765,12,11,2,13,0.0,0,0.0,0,0,0,0,0,0,1,0,0,Duke Riley50
766,10,7,3,10,2.0,20,3.0,0,0,0,0,0,0,0,0,0,Tim Jernigan93
767,9,6,3,9,0.0,0,3.0,2,0,0,0,0,0,0,0,0,Anthony Rush66
768,7,5,4,9,2.0,17,4.5,0,0,0,0,0,0,0,0,0,Hassan Ridgeway98
769,4,7,1,8,0.0,0,0.0,2,0,0,0,0,0,0,0,0,Cre'Von LeBlanc34
770,9,4,2,6,1.0,7,1.0,0,0,0,0,0,0,0,0,0,Daeshon Hall74
771,10,3,3,6,0.0,0,0.5,0,0,0,0,0,0,0,0,0,Rudy Ford36
772,7,4,1,5,0.0,0,0.0,0,0,0,0,0,0,0,0,0,Marcus Epps37
773,8,1,0,1,0.0,0,0.0,0,0,0,0,0,0,0,0,0,Marcus Epps37
774,10,2,3,5,0.0,0,0.5,0,0,0,0,0,0,0,0,0,Alex Singleton49
775,16,4,0,4,0.0,0,0.0,0,0,0,0,0,0,0,0,0,Carson Wentz11
776,15,4,0,4,0.0,0,0.0,0,0,0,0,0,0,0,0,0,Dallas Goedert88
777,16,3,1,4,0.0,0,0.0,0,0,0,0,0,0,0,0,0,Rick Lovato45
778,16,2,1,3,0.0,0,0.0,0,0,0,0,0,0,0,0,0,Cameron Johnston1
779,4,0,3,3,0.0,0,0.0,0,0,0,0,0,0,0,0,0,Albert Huggins76
780,16,2,0,2,0.0,0,0.0,0,0,0,0,0,0,0,0,0,Jason Kelce62
781,16,2,0,2,0.0,0,0.0,0,0,0,0,0,0,0,0,0,J.J. Arcega-Whiteside19
782,16,1,1,2,0.0,0,0.0,0,0,0,0,0,0,0,0,0,Isaac Seumalo73
783,16,1,0,1,0.0,0,0.0,0,0,0,0,0,0,0,0,0,Halapoulivaati Vaitai72
784,4,1,0,1,0.0,0,0.0,0,0,0,0,0,0,0,0,0,Corey Clement30
785,10,1,0,1,0.0,0,0.0,0,0,0,0,0,0,0,0,0,Alshon Jeffery17
786,16,0,1,1,0.0,0,0.0,0,0,0,0,0,0,0,0,0,Jake Elliott4
787,11,1,0,1,0.0,0,0.0,0,0,0,0,0,0,0,0,0,Nelson Agholor13
788,15,78,39,117,1.0,9,9.5,4,0,0,0,0,2,0,0,0,Landon Collins20
789,16,74,31,105,1.0,6,5.0,1,0,0,0,0,3,0,0,0,Cole Holcomb55
790,16,56,49,105,1.0,0,3.0,2,1,26,26,0,0,0,0,0,Jon Bostic53
791,15,46,22,68,6.0,41,8.5,1,0,0,0,0,0,1,0,0,Jonathan Allen93
792,16,42,22,64,8.5,48,11.5,1,0,0,0,0,0,0,0,0,Matt Ioannidis98
793,15,32,24,56,2.0,11,3.0,2,0,0,0,0,0,0,0,0,Daron Payne94
794,16,31,19,50,7.0,37,11.5,2,0,0,0,0,2,0,0,0,Montez Sweat90
795,16,37,12,49,1.0,0,4.0,2,1,0,0,0,1,1,0,0,Shaun Dion Hamilton51
796,16,30,14,44,4.0,22,5.0,1,0,0,0,0,5,2,0,0,Ryan Anderson52
797,12,33,11,44,0.0,0,0.5,5,3,16,10,0,0,0,0,0,Fabian Moreau31
798,14,32,9,41,0.0,0,1.0,4,0,0,0,0,0,0,0,0,Jimmy Moreland32
799,12,33,7,40,1.0,0,1.0,6,1,2,2,0,1,0,0,0,Josh Norman24
800,11,31,6,37,0.0,0,1.0,8,4,6,6,0,0,0,0,0,Quinton Dunbar23
801,15,18,8,26,0.0,0,3.0,2,1,33,33,0,0,0,0,0,Troy Apke30
802,12,16,9,25,5.5,34,9.0,1,0,0,0,0,1,0,0,0,Ryan Kerrigan91
803,9,10,5,15,0.0,0,0.0,1,0,0,0,0,0,0,0,0,Jeremy Reaves39
804,15,9,5,14,2.0,13,3.0,0,0,0,0,0,0,0,0,0,Tim Settle97
805,5,8,6,14,1.0,7,2.0,1,0,0,0,0,0,1,0,1,Nate Orchard54
806,7,9,4,13,0.0,0,0.0,0,0,0,0,0,0,0,0,0,Deshazor Everett22
807,2,10,1,11,0.0,0,0.0,1,0,0,0,0,0,0,0,0,Danny Johnson41
808,15,2,6,8,1.0,8,1.0,0,0,0,0,0,0,1,0,0,Treyvon Hester
809,10,3,3,6,0.0,0,0.0,0,0,0,0,0,0,0,0,0,Michael Burton32
810,16,5,0,5,0.0,0,0.0,0,0,0,0,0,0,0,0,0,Jeremy Sprinkle87
811,16,4,0,4,0.0,0,0.0,0,0,0,0,0,0,0,0,0,Kelvin Harmon13
812,7,1,2,3,1.0,0,0.5,0,0,0,0,0,0,0,0,0,Noah Spence57
813,3,2,1,3,0.0,0,1.0,0,0,0,0,0,0,0,0,0,Darvin Kidsy84
814,9,2,1,3,0.0,0,0.0,0,0,0,0,0,0,0,0,0,Josh Harvey-Clemons40
815,16,2,0,2,0.0,0,0.0,0,0,0,0,0,0,0,0,0,Tress Way5
816,15,1,1,2,0.0,0,0.0,0,0,0,0,0,0,0,0,0,Adrian Peterson26
817,16,1,1,2,0.0,0,0.0,0,0,0,0,0,0,0,0,0,Dustin Hopkins3
818,16,1,1,2,0.0,0,0.0,0,0,0,0,0,0,0,0,0,Nick Sundberg57
819,7,1,0,1,0.0,0,0.0,0,0,0,0,0,0,0,0,0,Cam Sims89
820,14,1,0,1,0.0,0,0.0,0,0,0,0,0,0,0,0,0,Terry McLaurin17
821,1,0,1,1,0.0,0,0.0,0,0,0,0,0,0,0,0,0,J.P. Holtz81
822,14,0,1,1,0.0,0,0.0,0,0,0,0,0,0,0,0,0,J.P. Holtz81
823,10,1,0,1,0.0,0,0.0,0,0,0,0,0,0,0,0,0,Case Keenum8
824,12,1,0,1,0.0,0,0.0,0,0,0,0,0,0,0,0,0,Trey Quinn18
825,1,0,1,1,0.0,0,0.0,0,0,0,0,0,0,0,0,0,Ryan Bee92
826,11,1,0,1,0.0,0,0.0,0,0,0,0,0,0,0,0,0,Hale Hentges88
827,9,1,0,1,0.0,0,0.0,0,0,0,0,0,0,0,0,0,Tanner Vallejo51
828,2,7,0,7,1.0,0,2.0,0,0,0,0,0,1,0,0,0,Tanner Vallejo51
829,9,1,0,1,0.0,0,0.0,0,0,0,0,0,0,0,0,0,Wes Martin67
830,3,1,0,1,0.0,0,0.0,0,0,0,0,0,0,0,0,0,Robert Davis14
831,12,66,35,101,2.0,21,5.0,2,1,0,0,0,0,0,0,0,Roquan Smith58
832,16,72,10,82,0.0,0,1.0,12,3,37,29,0,0,0,0,0,Kyle Fuller23
833,16,72,10,82,0.0,0,1.0,12,3,37,29,0,0,0,0,0,Kyle Fuller61
834,16,62,16,78,0.0,0,0.5,5,2,96,59,1,0,2,0,0,Ha Ha Clinton-Dix27
835,16,56,20,76,3.0,24,8.0,4,1,4,4,0,1,0,0,0,Nick Kwiatkoski44
836,9,50,20,70,1.0,11,3.0,1,0,0,0,0,1,0,0,0,Danny Trevathan59
837,16,51,9,60,1.0,1,5.5,5,2,18,14,0,1,1,0,0,Eddie Jackson39
838,16,39,9,48,0.0,0,1.5,5,0,0,0,0,2,0,0,0,Buster Skrine24
839,16,40,7,47,8.5,80,13.0,4,0,0,0,0,5,1,0,0,Khalil Mack52
840,16,24,18,42,6.0,34,5.5,2,0,0,0,0,0,2,0,0,Nick Williams97
841,16,27,13,40,3.0,18,5.0,1,0,0,0,0,0,0,0,0,Leonard Floyd94
842,14,27,10,37,0.0,0,2.0,3,1,2,2,0,0,0,0,0,Kevin Pierre-Louis57
843,15,22,8,30,2.5,23,3.5,3,0,0,0,0,0,0,0,0,Roy Robertson-Harris95
844,15,20,9,29,1.0,7,2.0,0,0,0,0,0,0,0,0,0,Eddie Goldman91
845,13,15,12,27,0.0,0,1.0,1,0,0,0,0,0,1,0,0,Bilal Nichols98
846,9,10,6,16,0.0,0,1.0,2,0,0,0,0,0,0,0,0,Brent Urban92
847,13,11,3,14,0.0,0,0.0,0,0,0,0,0,0,0,0,0,Isaiah Irving47
848,12,11,2,13,0.0,0,0.0,2,0,0,0,0,0,0,0,0,Kevin Toliver II22
849,9,9,2,11,0.0,0,0.0,1,0,0,0,0,1,0,0,0,Sherrick McManis27
850,5,10,0,10,1.0,8,1.0,0,0,0,0,0,0,1,0,0,Akiem Hicks96
851,15,8,0,8,0.0,0,0.0,2,0,0,0,0,0,0,0,0,Deon Bush26
852,16,3,3,6,0.0,0,0.0,0,0,0,0,0,0,0,0,0,DeAndre Houston-Carson36
853,16,5,1,6,0.0,0,1.0,0,0,0,0,0,0,0,0,0,Cordarrelle Patterson84
854,16,6,0,6,0.0,0,0.0,0,0,0,0,0,0,0,0,0,Anthony Miller17
855,11,4,1,5,0.0,0,0.0,0,0,0,0,0,0,0,0,0,Ben Braunecker82
856,9,3,2,5,0.0,0,0.0,0,0,0,0,0,0,0,0,0,Josh Woods55
857,15,3,1,4,0.0,0,0.0,0,0,0,0,0,0,0,0,0,Joel Iyiegbuniwe45
858,6,3,1,4,1.0,8,1.0,0,0,0,0,0,0,0,0,0,Abdullah Anderson76
859,8,3,0,3,0.0,0,0.0,0,0,0,0,0,0,0,0,0,Ryan Nall35
860,3,3,0,3,0.0,0,0.0,0,0,0,0,0,0,0,0,0,James Vaughters93
861,8,2,0,2,0.0,0,0.0,0,0,0,0,0,0,0,0,0,Trey Burton80
862,16,2,0,2,0.0,0,0.0,0,0,0,0,0,0,0,0,0,Patrick Scales48
863,16,2,0,2,0.0,0,0.0,0,0,0,0,0,0,0,0,0,David Montgomery32
864,16,1,0,1,0.0,0,0.0,0,0,0,0,0,0,0,0,0,Tarik Cohen29
865,13,1,0,1,0.0,0,0.0,0,0,0,0,0,0,0,0,0,Rashaad Coward69
866,16,1,0,1,0.0,0,0.0,0,0,0,0,0,0,0,0,0,Allen Robinson II12
867,8,1,0,1,0.0,0,0.0,0,0,0,0,0,0,0,0,0,Adam Shaheen87
868,6,1,0,1,0.0,0,0.0,0,0,0,0,0,0,0,0,0,Jesper Horsted49
869,15,1,0,1,0.0,0,0.0,0,0,0,0,0,0,0,0,0,Mitchell Trubisky10
870,16,1,0,1,0.0,0,0.0,0,0,0,0,0,0,0,0,0,Javon Wims83
871,10,1,0,1,0.0,0,0.0,0,0,0,0,0,0,0,0,0,Bobby Massie70
872,13,82,21,103,0.0,0,6.0,8,1,0,0,0,1,0,0,0,Tracy Walker21
873,13,59,9,68,0.0,0,0.0,11,0,0,0,0,0,0,0,0,Rashaan Melvin22
874,11,38,25,63,2.0,25,5.5,1,0,0,0,0,3,1,0,0,Jarrad Davis40
875,16,45,13,58,7.0,39,9.0,0,0,0,0,0,1,2,1,0,Devon Kennard42
876,15,37,21,58,2.0,19,6.0,2,1,2,2,0,1,0,0,0,Jahlani Tavai51
877,16,47,7,54,0.0,0,0.0,13,1,55,55,0,3,1,0,0,Justin Coleman27
878,15,33,18,51,7.0,56,10.0,0,0,0,0,0,2,0,0,0,Trey Flowers90
879,13,29,22,51,2.0,6,2.0,4,0,0,0,0,0,1,0,0,Christian Jones52
880,14,36,10,46,0.0,0,0.0,13,2,19,19,0,0,1,0,0,Darius Slay24
881,16,30,13,43,1.0,11,1.0,3,0,0,0,0,0,0,0,0,Will Harris25
882,13,32,8,40,1.5,6,4.0,3,0,0,0,0,1,2,0,0,A'Shawn Robinson91
883,16,28,9,37,0.0,0,2.0,0,0,0,0,0,1,1,0,0,Jalen Reeves-Maybin44
884,14,14,14,28,1.5,8,2.0,0,0,0,0,0,1,0,0,0,Romeo Okwara95
885,12,13,7,20,0.0,0,0.0,0,0,0,0,0,0,0,0,0,John Atkins99
886,15,18,2,20,0.0,0,1.0,0,0,0,0,0,0,0,0,0,Miles Killebrew35
887,5,17,3,20,0.0,0,0.0,0,0,0,0,0,0,0,0,0,Quandre Diggs37
888,5,10,11,21,0.0,0,0.0,3,3,99,55,1,1,1,0,0,Quandre Diggs37
889,9,18,1,19,0.0,0,0.0,3,2,0,0,0,0,0,0,0,Amani Oruwariye24
890,15,11,1,12,0.0,0,0.0,2,0,0,0,0,0,0,0,0,Mike Ford38
891,15,9,1,10,0.0,0,1.0,0,0,0,0,0,1,0,0,0,Dee Virgin30
892,16,9,0,9,0.0,0,0.0,0,0,0,0,0,0,0,0,0,Logan Thomas82
893,13,7,2,9,0.0,0,0.0,0,0,0,0,0,1,0,0,0,Jamal Agnew39
894,4,2,6,8,0.0,0,0.0,0,0,0,0,0,0,0,0,0,Austin Bryant94
895,16,5,2,7,0.0,0,0.0,0,0,0,0,0,0,0,0,0,C.J. Moore49
896,3,1,5,6,0.0,0,0.0,0,0,0,0,0,0,0,0,0,Frank Herron75
897,3,4,2,6,0.0,0,0.0,1,0,0,0,0,0,0,0,0,Da'Shawn Hand93
898,16,5,0,5,0.0,0,0.0,0,0,0,0,0,0,0,0,0,Kenny Golladay19
899,16,5,0,5,0.0,0,0.0,0,0,0,0,0,0,0,0,0,Ty Johnson31
900,8,3,2,5,0.0,0,0.0,1,0,0,0,0,0,0,0,0,Kevin Strong92
901,13,3,0,3,0.0,0,0.0,0,0,0,0,0,0,0,0,0,Marvin Jones Jr.11
902,4,1,1,2,0.0,0,0.0,0,0,0,0,0,0,0,0,0,Jason Cabinda53
903,3,1,0,1,0.0,0,0.0,0,0,0,0,0,0,0,0,0,Jeff Driskel9
904,1,0,1,1,0.0,0,0.0,0,0,0,0,0,0,0,0,0,Anthony Pittman57
905,12,1,0,1,0.0,0,0.0,0,0,0,0,0,0,0,0,0,Rick Wagner71
906,16,1,0,1,0.0,0,0.0,0,0,0,0,0,0,0,0,0,Jesse James83
907,16,1,0,1,0.0,0,0.0,0,0,0,0,0,0,0,0,0,Sam Martin5
908,8,1,0,1,0.0,0,0.0,0,0,0,0,0,0,0,0,0,Matthew Stafford9
909,1,0,1,1,0.0,0,0.0,0,0,0,0,0,0,0,0,0,Jonathan Wynn69
910,15,1,0,1,0.0,0,0.0,0,0,0,0,0,0,0,0,0,Frank Ragnow77
911,10,1,0,1,0.0,0,0.0,0,0,0,0,0,0,0,0,0,Nick Bawden46
912,9,1,0,1,0.0,0,0.0,0,0,0,0,0,0,0,0,0,Marvin Hall17
913,16,97,58,155,3.0,20,7.0,2,1,22,22,0,1,0,0,0,Blake Martinez54
914,16,68,16,84,1.0,4,5.0,8,2,12,9,0,0,0,0,0,Adrian Amos31
915,15,56,10,66,1.0,2,3.5,15,5,54,39,0,1,0,0,0,Kevin King20
916,16,31,31,62,6.0,36,11.0,1,0,0,0,0,1,0,0,0,Kenny Clark97
917,16,50,8,58,0.0,0,2.5,17,2,37,37,0,1,1,0,0,Jaire Alexander23
918,16,36,20,56,12.0,88,12.5,4,1,5,5,0,1,0,0,0,Preston Smith91
919,16,41,14,55,13.5,112,18.5,0,0,0,0,0,1,0,0,0,Za'Darius Smith55
920,16,23,24,47,0.0,0,2.5,3,1,7,7,0,0,1,0,0,Dean Lowry94
921,15,23,14,37,0.0,0,0.0,0,0,0,0,0,0,0,0,0,B.J. Goodson93
922,13,25,11,36,0.0,0,2.0,1,0,0,0,0,0,0,0,0,Will Redmond25
923,16,17,13,30,1.5,9,3.0,0,0,0,0,0,1,1,0,0,Tyler Lancaster95
924,16,27,3,30,0.0,0,0.0,6,1,7,7,0,1,0,0,0,Chandon Sullivan39
925,16,13,10,23,1.0,10,3.0,0,0,0,0,0,0,0,0,0,Kyler Fackrell51
926,16,13,8,21,2.0,13,2.0,0,0,0,0,0,0,1,0,0,Rashan Gary52
927,7,8,6,14,0.0,0,0.5,0,0,0,0,0,1,0,0,0,Ibraheim Campbell
928,9,7,4,11,0.0,0,0.0,0,0,0,0,0,0,0,0,1,Tony Brown27
929,9,7,4,11,0.0,0,0.0,0,0,0,0,0,0,0,0,1,Tony Brown
930,14,11,0,11,0.0,0,0.0,0,0,0,0,0,0,0,0,0,Josh Jackson37
931,12,7,4,11,0.0,0,0.0,0,0,0,0,0,0,0,0,0,Oren Burks42
932,14,4,7,11,0.0,0,0.0,3,0,0,0,0,0,1,0,0,Montravius Adams90
933,14,3,7,10,0.0,0,0.0,0,0,0,0,0,0,0,0,0,Kingsley Keke96
934,15,5,2,7,0.0,0,0.0,0,0,0,0,0,0,0,0,0,Danny Vitale45
935,2,6,1,7,0.0,0,0.0,1,0,0,0,0,0,0,0,0,Raven Greene24
936,16,4,2,6,0.0,0,0.0,0,0,0,0,0,0,0,0,0,Allen Lazard13
937,14,3,2,5,0.0,0,0.0,0,0,0,0,0,0,0,0,0,Jamaal Williams30
938,14,2,2,4,0.0,0,0.0,0,0,0,0,0,0,0,0,0,Jake Kumerow16
939,16,2,2,4,0.0,0,0.0,0,0,0,0,0,0,0,0,0,Ty Summers44
940,5,3,0,3,0.0,0,0.0,0,0,0,0,0,0,0,0,0,Evan Baylis88
941,7,2,1,3,0.0,0,0.0,0,0,0,0,0,0,0,0,0,Tremon Smith38
942,16,2,0,2,0.0,0,0.0,0,0,0,0,0,0,0,0,0,Mason Crosby2
943,16,2,0,2,0.0,0,0.0,0,0,0,0,0,0,0,0,0,Bryan Bulaga75
944,16,1,0,1,0.0,0,0.0,0,0,0,0,0,0,0,0,0,Marcedes Lewis89
945,12,1,0,1,0.0,0,0.0,0,0,0,0,0,0,0,0,0,Davante Adams17
946,16,0,1,1,0.0,0,0.0,0,0,0,0,0,0,0,0,0,Geronimo Allison81
947,4,1,0,1,0.0,0,0.0,0,0,0,0,0,0,0,0,0,Tyler Ervin32
948,6,0,1,1,0.0,0,0.0,0,0,0,0,0,0,0,0,0,Jace Sternberger87
949,16,0,1,1,0.0,0,0.0,0,0,0,0,0,0,0,0,0,Hunter Bradley43
950,16,1,0,1,0.0,0,0.0,0,0,0,0,0,0,0,0,0,David Bakhtiari69
951,6,1,0,1,0.0,0,0.0,0,0,0,0,0,0,0,0,0,Darrius Shepherd9
952,16,1,0,1,0.0,0,0.0,0,0,0,0,0,0,0,0,0,Marquez Valdes-Scantling83
953,16,1,0,1,0.0,0,0.0,0,0,0,0,0,0,0,0,0,Aaron Jones33
954,15,70,40,110,0.5,4,4.5,12,0,0,0,0,2,2,0,0,Eric Kendricks54
955,14,54,25,79,1.5,13,7.0,4,1,2,2,0,1,1,0,0,Anthony Barr55
956,16,52,18,70,14.5,113,18.0,0,0,0,0,0,3,1,0,0,Danielle Hunter99
957,15,54,9,63,0.0,0,5.0,6,0,0,0,0,1,0,0,0,Xavier Rhodes27
958,16,36,26,62,3.0,24,6.0,0,0,0,0,0,0,0,0,1,Eric Wilson50
959,14,35,25,60,0.0,0,1.0,11,6,42,20,1,0,1,0,0,Anthony Harris41
960,14,56,2,58,0.0,0,4.0,8,1,0,0,0,2,1,0,0,Trae Waynes26
961,14,39,6,45,0.0,0,1.0,9,1,0,0,0,2,0,0,0,Mike Hughes21
962,13,26,18,44,3.0,23,7.5,0,0,0,0,0,1,0,0,0,Linval Joseph95
963,13,30,8,38,0.5,4,2.0,5,1,0,0,0,0,1,0,0,Mackensie Alexander21
964,16,15,14,29,3.5,19,5.5,0,0,0,0,0,0,0,0,0,Jaleel Johnson94
965,15,19,9,28,0.0,0,0.0,6,1,0,0,0,0,0,0,0,Jayron Kearse27
966,16,14,10,24,3.0,26,6.5,0,0,0,0,0,1,0,0,0,Stephen Weatherly91
967,16,18,5,23,7.0,60,8.0,0,0,0,0,0,1,2,1,0,Ifeadi Odenigbo95
968,16,20,2,22,0.0,0,2.0,1,0,0,0,0,0,0,0,0,Kris Boyd38
969,15,15,6,21,1.0,7,1.0,3,0,0,0,0,1,1,0,0,Shamar Stephen93
970,7,7,6,13,1.5,10,1.5,1,0,0,0,0,1,0,0,0,Armon Watts96
971,8,12,1,13,0.0,0,1.0,1,0,0,0,0,0,1,0,0,Holton Hill24
972,8,8,5,13,0.0,0,0.0,0,0,0,0,0,0,0,0,0,Ben Gedeon42
973,5,4,4,8,0.0,0,0.0,0,0,0,0,0,0,0,0,0,Cameron Smith59
974,16,6,1,7,0.0,0,0.0,0,0,0,0,0,0,0,0,0,Ameer Abdullah31
975,16,4,1,5,0.0,0,0.0,0,0,0,0,0,0,0,0,0,Garrett Bradbury56
976,6,2,2,4,0.0,0,0.0,0,0,0,0,0,0,0,0,0,Jalyn Holmes91
977,16,4,0,4,0.0,0,0.0,0,0,0,0,0,0,0,0,0,C.J. Ham30
978,16,3,1,4,0.0,0,0.0,0,0,0,0,0,0,0,0,0,Mike Boone23
979,16,2,0,2,0.0,0,0.0,0,0,0,0,0,0,0,0,0,Irv Smith Jr.84
980,2,2,0,2,0.0,0,0.0,0,0,0,0,0,0,0,0,0,Nate Meadors26
981,15,2,0,2,0.0,0,0.0,0,0,0,0,0,0,0,0,0,Tyler Conklin83
982,15,2,0,2,0.0,0,0.0,0,0,0,0,0,0,0,0,0,Stefon Diggs14
983,15,0,1,1,0.0,0,0.0,0,0,0,0,0,0,0,0,0,Pat Elflein65
984,16,1,0,1,0.0,0,0.0,0,0,0,0,0,0,0,0,0,Bisi Johnson81
985,3,1,0,1,0.0,0,0.0,0,0,0,0,0,0,0,0,0,Sean Mannion4
986,6,1,0,1,0.0,0,1.0,1,0,0,0,0,0,1,0,0,Hercules Mata'afa51
987,10,1,0,1,0.0,0,0.0,0,0,0,0,0,0,0,0,0,Adam Thielen19
988,15,1,0,1,0.0,0,0.0,0,0,0,0,0,0,0,0,0,Riley Reiff71
989,16,1,0,1,0.0,0,0.0,0,0,0,0,0,0,0,0,0,Dakota Dozier78
990,16,75,54,129,2.0,18,7.5,5,2,-5,0,0,3,1,0,0,De'Vondre Campbell59
991,16,68,42,110,0.0,0,9.0,5,1,27,27,1,0,1,0,0,Deion Jones45
992,16,54,31,85,0.0,0,5.0,8,2,29,27,0,0,0,0,0,Ricardo Allen37
993,16,46,28,74,0.0,0,2.0,3,3,53,22,0,1,0,0,0,Damontae Kazee27
994,16,38,31,69,7.5,49,16.5,0,0,0,0,0,2,0,0,0,Grady Jarrett97
995,16,50,12,62,0.0,0,0.0,11,0,0,0,0,1,0,0,0,Isaiah Oliver26
996,16,35,26,61,0.0,0,2.0,0,0,0,0,0,1,0,0,0,Foyesade Oluokun54
997,16,26,30,56,1.0,2,5.0,0,0,0,0,0,0,1,0,0,Tyeler Davison96
998,16,33,13,46,0.0,0,0.0,3,0,0,0,0,1,0,0,1,Kendall Sheffield20
999,16,29,13,42,8.0,69,12.0,2,0,0,0,0,2,0,0,0,Vic Beasley Jr.44
1000,14,18,11,29,3.5,30,8.0,0,0,0,0,0,0,0,0,0,Takkarist McKinley98
1001,15,14,12,26,1.0,11,2.5,0,0,0,0,0,0,0,0,0,Allen Bailey93
1002,14,21,4,25,0.0,0,0.0,7,0,0,0,0,0,0,0,0,Blidi Wreh-Wilson33
1003,16,6,18,24,0.5,1,2.0,3,0,0,0,0,0,0,0,0,Jack Crawford95
1004,15,12,6,18,4.0,38,4.5,0,0,0,0,0,2,0,0,0,Adrian Clayborn99
1005,9,13,5,18,0.0,0,2.0,7,4,26,16,0,0,0,0,0,Desmond Trufant21
1006,8,8,6,14,0.0,0,2.0,0,0,0,0,0,1,0,0,0,Jacob Tuioti-Mariner91
1007,3,11,3,14,0.0,0,0.0,0,0,0,0,0,0,0,0,0,Keanu Neal22
1008,10,3,8,11,0.5,1,1.5,2,0,0,0,0,0,0,0,0,John Cominsky50
1009,11,5,5,10,0.0,0,0.0,1,0,0,0,0,0,0,0,0,Jamal Carter35
1010,16,5,3,8,0.0,0,0.0,0,0,0,0,0,2,0,0,0,Keith Smith40
1011,12,2,4,6,0.0,0,0.5,0,0,0,0,0,0,0,0,0,Jermaine Grace48
1012,16,5,1,6,0.0,0,1.0,0,0,0,0,0,0,0,0,0,Jaeden Graham87
1013,8,3,1,4,0.0,0,0.0,0,0,0,0,0,0,0,0,0,Qadree Ollison30
1014,15,3,0,3,0.0,0,0.0,0,0,0,0,0,0,0,0,0,Julio Jones11
1015,16,1,1,2,0.0,0,0.0,0,0,0,0,0,0,0,0,0,Josh Harris47
1016,12,2,0,2,0.0,0,0.0,0,0,0,0,0,0,1,0,0,Brian Hill23
1017,16,2,0,2,0.0,0,0.0,0,0,0,0,0,0,0,0,0,Russell Gage83
1018,10,1,1,2,0.0,0,0.0,0,0,0,0,0,0,1,1,0,Olamide Zaccheaus17
1019,13,1,1,2,0.0,0,0.0,0,0,0,0,0,0,0,0,0,Austin Hooper81
1020,16,1,0,1,0.0,0,0.0,0,0,0,0,0,0,0,0,0,Kaleb McGary76
1021,2,1,0,1,0.0,0,0.0,0,0,0,0,0,0,0,0,0,Austin Larkin53
1022,16,1,0,1,0.0,0,0.0,0,0,0,0,0,0,0,0,0,Alex Mack51
1023,16,1,0,1,0.0,0,0.0,0,0,0,0,0,0,0,0,0,Jake Matthews70
1024,1,1,0,1,0.0,0,0.0,0,0,0,0,0,0,0,0,0,Ahmad Thomas52
1025,13,1,0,1,0.0,0,0.0,0,0,0,0,0,0,0,0,0,Calvin Ridley18
1026,9,1,0,1,0.0,0,0.0,0,0,0,0,0,0,0,0,0,Christian Blake13
1027,15,1,0,1,0.0,0,0.0,0,0,0,0,0,0,0,0,0,Matt Ryan2
1028,14,75,34,109,3.0,18,11.0,3,0,0,0,0,0,0,0,0,Shaq Thompson54
1029,16,53,15,68,0.0,0,1.0,11,3,20,20,0,0,0,0,0,Tre Boston33
1030,15,51,14,65,1.0,3,1.0,12,3,0,0,0,0,0,0,0,James Bradberry24
1031,13,32,8,40,0.0,0,1.0,8,3,25,25,0,0,1,0,0,Donte Jackson26
1032,16,15,22,37,5.0,27,8.5,2,0,0,0,0,0,0,0,0,Gerald McCoy93
1033,13,22,14,36,8.5,51,10.0,1,0,0,0,0,1,1,0,0,Bruce Irvin51
1034,15,20,14,34,9.5,53,9.0,0,0,0,0,0,2,0,0,0,Mario Addison97
1035,14,22,10,32,6.0,40,10.0,0,0,0,0,0,3,0,0,0,Vernon Butler92
1036,16,22,9,31,0.5,5,2.5,0,0,0,0,0,0,0,0,1,Jermaine Carter56
1037,16,19,6,25,7.5,34,7.5,0,0,0,0,0,1,1,1,0,Brian Burns53
1038,16,14,10,24,0.0,0,1.0,1,0,0,0,0,0,0,0,0,Efe Obada94
1039,11,15,7,22,4.0,26,6.0,0,0,0,0,0,0,0,0,0,Dontari Poe95
1040,11,5,7,12,1.0,7,1.0,0,0,0,0,0,0,1,0,0,Marquis Haynes98
1041,9,3,4,7,0.0,0,1.5,0,0,0,0,0,0,0,0,0,Jordan Kunaszyk43
1042,10,6,0,6,0.0,0,0.0,0,0,0,0,0,0,0,0,0,DeAndrew White18
1043,13,5,0,5,0.0,0,0.0,0,0,0,0,0,0,0,0,0,Kyle Allen10
1044,16,5,0,5,0.0,0,0.0,0,0,0,0,0,0,0,0,0,Curtis Samuel10
1045,15,4,0,4,0.0,0,0.0,0,0,0,0,0,0,0,0,0,DJ Moore12
1046,6,2,2,4,0.0,0,0.0,0,0,0,0,0,0,0,0,0,Wes Horton96
1047,2,4,0,4,0.0,0,1.0,0,0,0,0,0,0,0,0,0,Kawann Short99
1048,5,3,0,3,0.0,0,0.0,0,0,0,0,0,0,0,0,0,Natrell Jamerson30
1049,16,2,1,3,0.0,0,0.0,0,0,0,0,0,0,0,0,0,Reggie Bonnafon39
1050,16,3,0,3,0.0,0,0.0,0,0,0,0,0,0,0,0,0,Taylor Moton72
1051,9,2,1,3,0.0,0,0.0,0,0,0,0,0,0,0,0,0,Rashaan Gaulden38
1052,7,2,1,3,2.0,13,2.5,0,0,0,0,0,0,0,0,0,Christian Miller55
1053,8,3,0,3,0.0,0,0.0,0,0,0,0,0,0,0,0,0,Cole Luke32
1054,16,2,0,2,0.0,0,0.0,0,0,0,0,0,0,0,0,0,Alex Armah40
1055,14,2,0,2,0.0,0,0.0,0,0,0,0,0,0,0,0,0,Dennis Daley65
1056,16,2,0,2,0.0,0,0.0,0,0,0,0,0,0,0,0,0,Christian McCaffrey22
1057,16,0,2,2,0.0,0,0.0,0,0,0,0,0,0,0,0,0,J.J. Jansen44
1058,5,1,0,1,0.0,0,0.0,0,0,0,0,0,0,0,0,0,Mike Davis27
1059,9,1,0,1,0.0,0,1.0,0,0,0,0,0,0,1,0,0,Jordan Scarlett20
1060,16,0,1,1,0.0,0,0.0,0,0,0,0,0,0,0,0,0,Joey Slye4
1061,16,87,24,111,4.0,37,11.5,12,1,1,1,0,0,0,0,0,Demario Davis56
1062,13,66,23,89,1.5,14,6.0,5,1,19,19,0,2,5,1,0,Vonn Bell24
1063,15,47,22,69,2.5,12,6.0,2,1,14,14,1,1,1,0,0,A.J. Klein53
1064,14,46,11,57,0.0,0,1.0,14,1,0,0,0,0,0,0,0,Marshon Lattimore23
1065,15,40,15,55,0.0,0,0.5,13,4,56,55,1,1,0,0,0,Marcus Williams43
1066,16,37,16,53,15.5,98,18.0,3,0,0,0,0,0,1,0,0,Cameron Jordan94
1067,16,38,11,49,0.0,0,7.0,8,1,28,28,0,1,1,0,0,C.J. Gardner-Johnson22
1068,14,34,10,44,1.0,1,2.0,4,1,0,0,0,0,0,0,0,P.J. Williams26
1069,16,18,16,34,2.0,11,5.0,1,0,0,0,0,0,1,0,0,Malcom Brown90
1070,15,22,10,32,3.0,15,3.0,1,0,0,0,0,0,0,0,0,David Onyemata93
1071,13,25,6,31,0.0,0,3.0,1,0,0,0,0,0,0,0,0,Kiko Alonso54
1072,13,15,16,31,6.0,45,8.0,0,0,0,0,0,3,0,0,0,Marcus Davenport92
1073,15,20,7,27,1.0,9,2.5,1,1,3,3,0,0,0,0,0,Craig Robertson52
1074,13,11,8,19,4.5,24,5.5,0,0,0,0,0,1,0,0,0,Trey Hendrickson91
1075,16,8,10,18,2.0,6,3.5,4,1,19,19,0,0,0,0,0,Shy Tuttle99
1076,16,13,4,17,0.0,0,2.0,0,0,0,0,0,0,1,0,1,J.T. Gray48
1077,11,14,2,16,0.0,0,1.0,2,0,0,0,0,0,0,0,0,Patrick Robinson21
1078,16,10,1,11,0.0,0,0.0,0,0,0,0,0,0,0,0,0,Justin Hardee34
1079,8,8,3,11,1.0,9,2.0,0,0,0,0,0,0,0,0,0,Carl Granderson96
1080,10,7,3,10,2.0,14,2.0,0,0,0,0,0,0,0,0,0,Sheldon Rankins98
1081,14,6,2,8,3.0,22,3.0,0,0,0,0,0,1,0,0,0,Mario Edwards Jr.97
1082,4,5,3,8,0.0,0,0.5,0,0,0,0,0,0,0,0,0,Taylor Stallworth95
1083,2,7,0,7,1.0,6,1.0,0,0,0,0,0,0,0,0,0,Alex Anzalone47
1084,16,2,1,3,0.0,0,0.0,0,0,0,0,0,0,0,0,0,Taysom Hill7
1085,16,1,2,3,0.0,0,0.0,0,0,0,0,0,0,0,0,0,Dwayne Washington24
1086,1,2,0,2,0.0,0,0.0,0,0,0,0,0,0,0,0,0,T.J. Green24
1087,1,2,0,2,0.0,0,0.0,0,0,0,0,0,0,0,0,0,Mitchell Loewen70
1088,16,1,0,1,0.0,0,0.0,0,0,0,0,0,0,0,0,0,Josh Hill89
1089,11,1,0,1,0.0,0,0.0,0,0,0,0,0,0,0,0,0,Tre'Quan Smith10
1090,3,0,1,1,0.0,0,0.0,0,0,0,0,0,0,0,0,0,Kaden Elliss55
1091,14,1,0,1,0.0,0,0.0,0,0,0,0,0,0,0,0,0,Jared Cook87
1092,14,1,0,1,0.0,0,0.0,0,0,0,0,0,0,0,0,0,Deonte Harris11
1093,15,1,0,1,0.0,0,0.0,0,0,0,0,0,0,0,0,0,Larry Warford67
1094,16,82,41,123,1.0,14,12.5,7,1,26,26,0,3,1,0,0,Lavonte David54
1095,13,58,33,91,2.5,24,4.5,3,1,5,5,0,3,4,2,0,Devin White45
1096,14,50,19,69,0.0,0,4.5,9,1,11,11,0,0,1,0,0,Jordan Whitehead33
1097,14,54,6,60,0.0,0,3.0,19,1,0,0,0,1,1,0,0,Carlton Davis24
1098,16,45,13,58,19.5,138,23.0,2,1,4,4,0,6,0,0,0,Shaquil Barrett58
1099,14,41,5,46,0.0,0,3.0,3,1,21,21,0,1,0,0,0,Andrew Adams26
1100,15,33,12,45,1.0,9,3.5,6,0,0,0,0,0,1,0,0,Mike Edwards34
1101,16,37,7,44,1.0,7,3.0,8,3,88,70,1,1,0,0,0,Sean Murphy-Bunting23
1102,16,22,19,41,2.5,12,8.5,4,0,0,0,0,0,4,2,0,Ndamukong Suh93
1103,16,26,12,38,1.0,10,6.5,2,0,0,0,0,0,0,0,0,William Gholston92
1104,10,28,7,35,0.0,0,0.0,2,0,0,0,0,0,0,0,0,M.J. Stewart36
1105,16,19,16,35,2.5,17,5.5,3,0,0,0,0,0,0,0,0,Vita Vea50
1106,14,24,10,34,6.0,25,10.0,0,0,0,0,0,1,1,0,0,Carl Nassib94
1107,16,21,13,34,0.0,0,3.0,2,0,0,0,0,0,1,0,0,Kevin Minter51
1108,10,24,3,27,8.5,47,11.0,2,0,0,0,0,2,0,0,0,Jason Pierre-Paul90
1109,13,16,5,21,0.0,0,1.0,17,2,31,31,0,0,0,0,0,Jamel Dean35
1110,12,10,1,11,0.0,0,0.0,1,0,0,0,0,1,0,0,0,Ryan Smith29
1111,13,4,6,10,0.5,3,1.5,0,0,0,0,0,0,0,0,0,Beau Allen91
1112,16,5,4,9,0.0,0,1.5,0,0,0,0,0,0,1,0,0,Rakeem Nunez-Roches56
1113,9,1,7,8,0.0,0,0.0,1,0,0,0,0,1,0,0,0,Anthony Nelson98
1114,16,5,2,7,0.0,0,0.0,0,0,0,0,0,0,0,0,0,Justin Watson17
1115,14,6,0,6,0.0,0,0.0,0,0,0,0,0,0,0,0,0,Chris Godwin14
1116,8,4,2,6,0.0,0,0.0,0,0,0,0,0,0,0,0,0,Patrick O'Connor79
1117,14,5,0,5,0.0,0,0.0,0,0,0,0,0,0,0,0,0,O.J. Howard80
1118,13,4,0,4,0.0,0,0.0,0,0,0,0,0,0,0,0,0,Mike Evans13
1119,16,3,1,4,0.0,0,0.0,0,0,0,0,0,0,0,0,0,Dare Ogunbowale44
1120,14,3,0,3,0.0,0,0.0,0,0,0,0,0,0,0,0,0,Breshad Perriman19
1121,5,3,0,3,0.0,0,0.0,0,0,0,0,0,0,0,0,0,Mazzi Wilkins37
1122,8,2,1,3,0.0,0,0.0,0,0,0,0,0,0,0,0,0,Antony Auclair82
1123,4,3,0,3,0.0,0,1.0,0,0,0,0,0,0,0,0,0,Devante Bond53
1124,16,2,0,2,0.0,0,0.0,0,0,0,0,0,0,0,0,0,Ali Marpet74
1125,12,2,0,2,0.0,0,0.0,0,0,0,0,0,0,0,0,0,T.J. Logan22
1126,16,2,0,2,0.0,0,0.0,0,0,0,0,0,0,0,0,0,Ronald Jones II27
1127,4,0,1,1,0.0,0,0.0,0,0,0,0,0,0,0,0,0,Jack Cichy48
1128,16,1,0,1,0.0,0,0.0,0,0,0,0,0,0,0,0,0,Matt Gay9
1129,16,1,0,1,0.0,0,0.0,0,0,0,0,0,0,0,0,0,Peyton Barber25
1130,16,1,0,1,0.0,0,0.0,0,0,0,0,0,0,0,0,0,Zach Triner97
1131,16,1,0,1,0.0,0,0.0,0,0,0,0,0,0,0,0,0,Jameis Winston
1132,16,92,57,149,1.5,11,13.0,6,3,64,48,0,2,1,0,0,Jordan Hicks58
1133,16,104,43,147,0.5,4,9.5,6,0,0,0,0,1,1,0,0,Budda Baker32
1134,16,66,12,78,0.0,0,2.0,10,1,0,0,0,0,0,0,0,Byron Murphy Jr.33
1135,16,44,32,76,1.0,0,6.5,6,0,0,0,0,0,1,0,0,Haason Reddick43
1136,16,41,24,65,0.0,0,6.0,0,0,0,0,0,1,0,0,0,Joe Walker59
1137,15,45,12,57,0.0,0,0.0,3,1,18,18,0,0,1,0,0,Jalen Thompson34
1138,10,46,7,53,1.0,13,3.0,7,2,0,0,0,1,0,0,0,Patrick Peterson21
1139,16,41,12,53,19.0,146,19.5,5,0,0,0,0,8,3,0,0,Chandler Jones55
1140,16,19,19,38,2.5,17,6.5,0,0,0,0,0,0,0,0,0,Corey Peters98
1141,16,25,11,36,2.5,11,7.0,0,0,0,0,0,0,0,0,0,Cassius Marsh Sr.54
1142,13,20,11,31,3.0,14,8.5,0,0,0,0,0,0,0,0,0,Rodney Gunter95
1143,9,14,8,22,1.5,10,5.5,0,0,0,0,0,0,0,0,0,Jonathan Bullard90
1144,12,13,6,19,0.0,0,2.0,1,0,0,0,0,0,0,0,0,Zach Kerr92
1145,11,14,4,18,0.0,0,0.0,0,0,0,0,0,0,0,0,0,Deionte Thompson35
1146,13,6,6,12,0.0,0,0.0,0,0,0,0,0,0,0,0,0,Chris Banjo31
1147,14,7,4,11,0.0,0,0.5,0,0,0,0,0,0,1,0,0,Dennis Gardeck45
1148,4,6,2,8,0.0,0,1.0,0,0,0,0,0,0,0,0,0,Zach Allen94
1149,16,6,2,8,0.0,0,2.0,0,0,0,0,0,0,1,0,0,Trent Sherfield16
1150,12,5,2,7,0.0,0,0.0,0,0,0,0,0,0,0,0,0,Ezekiel Turner47
1151,12,6,1,7,0.0,0,0.0,0,0,0,0,0,0,0,0,0,Charles Washington28
1152,13,4,2,6,0.0,0,0.0,0,0,0,0,0,0,0,0,0,Chase Edmonds29
1153,16,3,2,5,0.0,0,0.0,0,0,0,0,0,0,0,0,0,Maxx Williams87
1154,8,3,2,5,0.0,0,1.0,0,0,0,0,0,0,0,0,0,Michael Dogbe91
1155,9,2,2,4,0.0,0,1.5,0,0,0,0,0,0,0,0,0,Miles Brown72
1156,3,2,2,4,0.0,0,0.0,0,0,0,0,0,0,0,0,0,Kylie Fitts49
1157,11,3,0,3,0.0,0,1.0,0,0,0,0,0,1,0,0,0,Darrell Daniels81
1158,15,1,2,3,0.0,0,1.0,0,0,0,0,0,0,0,0,0,Andy Isabella89
1159,16,1,1,2,0.0,0,0.0,0,0,0,0,0,0,0,0,0,Aaron Brewer
1160,16,1,1,2,0.0,0,0.0,0,0,0,0,0,0,0,0,0,Aaron Brewer46
1161,8,2,0,2,0.0,0,0.0,0,0,0,0,0,0,0,0,0,Kenyan Drake41
1162,16,2,0,2,0.0,0,0.0,0,0,0,0,0,0,0,0,0,Kyler Murray1
1163,6,2,0,2,0.0,0,0.0,0,0,0,0,0,0,0,0,0,D.J. Foster37
1164,12,1,1,2,0.0,0,0.0,0,0,0,0,0,0,0,0,0,Pharoh Cooper14
1165,13,1,0,1,0.0,0,0.0,0,0,0,0,0,0,0,0,0,Christian Kirk13
1166,16,1,0,1,0.0,0,0.0,0,0,0,0,0,0,0,0,0,Larry Fitzgerald11
1167,11,1,0,1,0.0,0,0.0,0,0,0,0,0,0,0,0,0,Damiere Byrd14
1168,16,1,0,1,0.0,0,0.0,0,0,0,0,0,0,0,0,0,J.R. Sweezy64
1169,13,1,0,1,0.0,0,0.0,0,0,0,0,0,0,0,0,0,David Johnson31
1170,16,1,0,1,0.0,0,0.0,0,0,0,0,0,0,0,0,0,Justin Pugh67
1171,15,1,0,1,0.0,0,0.0,0,0,0,0,0,0,0,0,0,Andy Lee4
1172,16,78,56,134,3.5,25,5.5,9,2,32,26,0,2,4,0,0,Cory Littleton58
1173,15,62,38,100,0.0,0,4.5,8,2,54,31,1,0,1,0,0,Taylor Rapp24
1174,16,34,29,63,3.0,20,5.5,1,0,0,0,0,0,0,0,0,Michael Brockers90
1175,16,40,18,58,11.5,84,17.5,6,0,0,0,0,2,1,1,0,Dante Fowler Jr.56
1176,16,36,22,58,0.0,0,1.0,0,0,0,0,0,2,0,0,0,Troy Reeder51
1177,6,24,27,51,0.0,0,2.0,2,2,0,0,0,0,0,0,0,John Johnson III43
1178,16,26,22,48,4.5,32,9.0,4,0,0,0,0,1,2,0,0,Samson Ebukam50
1179,16,29,19,48,12.5,69,23.5,2,0,0,0,0,2,1,0,0,Aaron Donald99
1180,16,25,19,44,2.0,10,6.0,1,0,0,0,0,0,0,0,0,Sebastian Joseph-Day69
1181,14,32,11,43,1.0,2,1.0,8,2,6,6,0,0,0,0,0,Troy Hill22
1182,16,32,4,36,0.0,0,3.5,7,0,0,0,0,2,0,0,0,Nickell Robey-Coleman31
1183,16,19,3,22,0.0,0,1.5,3,0,0,0,0,0,0,0,0,Travin Howard48
1184,12,14,1,15,0.0,0,1.0,4,2,0,0,0,0,1,1,0,Darious Williams31
1185,10,6,7,13,0.5,2,0.5,0,0,0,0,0,0,0,0,0,Greg Gaines91
1186,8,9,1,10,0.0,0,0.0,2,0,0,0,0,0,0,0,0,David Long Jr.25
1187,10,3,4,7,1.5,8,1.5,0,0,0,0,0,0,0,0,0,Ogbonnia Okoronkwo45
1188,13,2,5,7,0.0,0,0.0,0,0,0,0,0,0,0,0,0,Tanzel Smart92
1189,14,3,1,4,0.0,0,0.0,0,0,0,0,0,0,0,0,0,Malcolm Brown34
1190,15,2,1,3,0.0,0,0.0,0,0,0,0,0,0,0,0,0,Robert Woods17
1191,16,3,0,3,0.0,0,0.0,0,0,0,0,0,0,0,0,0,Cooper Kupp18
1192,3,3,0,3,0.0,0,0.0,0,0,0,0,0,0,0,0,0,Donte Deayon21
1193,13,3,0,3,0.0,0,0.0,0,0,0,0,0,1,0,0,0,Johnny Mundt82
1194,16,2,0,2,0.0,0,0.0,0,0,0,0,0,0,0,0,0,Josh Reynolds83
1195,12,2,0,2,0.0,0,0.0,0,0,0,0,0,0,0,0,0,Natrez Patrick57
1196,16,1,1,2,0.0,0,0.0,0,0,0,0,0,0,0,0,0,Andrew Whitworth77
1197,16,2,0,2,0.0,0,0.0,0,0,0,0,0,0,0,0,0,Mike Thomas80
1198,15,2,0,2,0.0,0,0.0,0,0,0,0,0,0,0,0,0,Tyler Higbee89
1199,13,1,0,1,0.0,0,0.0,0,0,0,0,0,0,0,0,0,Darrell Henderson Jr.27
1200,16,1,0,1,0.0,0,0.0,0,0,0,0,0,0,0,0,0,Johnny Hekker6
1201,9,1,0,1,0.0,0,0.0,0,0,0,0,0,0,0,0,0,Rob Havenstein79
1202,15,1,0,1,0.0,0,0.0,0,0,0,0,0,0,0,0,0,Todd Gurley II21
1203,14,1,0,1,0.0,0,0.0,0,0,0,0,0,0,0,0,0,Brandin Cooks12
1204,16,89,29,118,3.0,31,8.5,9,1,46,46,1,3,0,0,0,Fred Warner54
1205,16,64,28,92,1.0,19,3.5,2,1,47,47,0,0,0,0,0,Dre Greenlaw57
1206,13,51,14,65,1.0,0,2.5,8,0,0,0,0,0,0,0,0,Jimmie Ward20
1207,16,34,28,62,7.5,47,12.0,2,0,0,0,0,2,4,1,0,DeForest Buckner99
1208,15,48,13,61,0.0,0,2.0,11,3,65,31,1,0,0,0,0,Richard Sherman25
1209,16,32,22,54,10.0,73,13.5,2,0,0,0,0,2,1,0,0,Arik Armstead91
1210,15,35,16,51,1.0,10,4.5,2,2,53,49,0,4,0,0,0,K'Waun Williams24
1211,16,42,8,50,0.0,0,2.0,8,1,3,3,0,0,0,0,0,Emmanuel Moseley41
1212,12,34,14,48,0.5,2,3.0,2,0,0,0,0,1,2,0,0,Jaquiski Tartt29
1213,16,32,15,47,9.0,77,16.5,2,1,46,46,0,1,2,0,0,Nick Bosa97
1214,13,23,17,40,0.0,0,1.0,5,0,0,0,0,3,1,0,0,Marcell Harris36
1215,8,22,12,34,0.5,4,3.5,4,1,0,0,0,1,0,0,0,Kwon Alexander56
1216,10,24,4,28,0.0,0,1.0,9,1,25,25,1,0,0,0,0,Ahkello Witherspoon23
1217,16,16,9,25,0.0,0,1.5,2,0,0,0,0,0,0,0,0,Tarvarius Moore33
1218,11,19,4,23,2.0,17,4.0,0,0,0,0,0,1,0,0,0,D.J. Jones93
1219,9,14,7,21,3.0,22,8.0,0,0,0,0,0,0,1,0,0,Ronald Blair III98
1220,16,15,6,21,2.0,9,3.0,0,0,0,0,0,0,0,0,0,Solomon Thomas94
1221,15,11,7,18,0.0,0,1.0,0,0,0,0,0,0,0,0,0,Azeez Al-Shaair51
1222,16,10,5,15,1.0,7,2.0,0,0,0,0,0,0,0,0,0,Sheldon Day91
1223,11,10,4,14,6.5,48,7.5,1,0,0,0,0,2,0,0,0,Dee Ford55
1224,16,11,2,13,0.0,0,0.0,2,0,0,0,0,1,1,1,0,D.J. Reed Jr.32
1225,16,8,3,11,0.0,0,2.0,0,0,0,0,0,0,1,0,0,Raheem Mostert31
1226,16,8,2,10,0.0,0,0.0,1,1,1,1,0,0,0,0,0,Mark Nzeocha53
1227,6,7,2,9,0.0,0,4.0,1,0,0,0,0,0,1,0,0,Jullian Taylor77
1228,8,3,4,7,0.0,0,1.0,0,0,0,0,0,0,0,0,0,Elijah Lee47
1229,14,6,0,6,0.0,0,0.0,0,0,0,0,0,0,0,0,0,George Kittle85
1230,3,4,0,4,0.0,0,1.0,0,0,0,0,0,0,0,0,0,Kentavius Street95
1231,16,2,1,3,0.0,0,0.0,0,0,0,0,0,1,0,0,0,Ross Dwelley82
1232,10,3,0,3,0.0,0,0.0,0,0,0,0,0,0,0,0,0,Jeff Wilson Jr.30
1233,16,1,2,3,0.0,0,0.0,0,0,0,0,0,0,0,0,0,Richie James Jr.13
1234,7,3,0,3,0.0,0,0.0,0,0,0,0,0,0,0,0,0,Dontae Johnson27
1235,4,2,0,2,0.0,0,0.0,1,0,0,0,0,0,0,0,0,Jeremiah Valoaga94
1236,16,2,0,2,0.0,0,0.0,0,0,0,0,0,0,0,0,0,Kendrick Bourne84
1237,16,2,0,2,0.0,0,0.0,0,0,0,0,0,0,0,0,0,Mitch Wishnowsky6
1238,16,2,0,2,0.0,0,0.0,0,0,0,0,0,0,0,0,0,Laken Tomlinson75
1239,13,1,0,1,0.0,0,0.0,0,0,0,0,0,0,0,0,0,Matt Breida22
1240,1,1,0,1,0.0,0,0.0,0,0,0,0,0,0,0,0,0,Kevin Givens90
1241,14,1,0,1,0.0,0,0.0,0,0,0,0,0,0,0,0,0,Tevin Coleman26
1242,14,1,0,1,0.0,0,0.0,0,0,0,0,0,0,0,0,0,Daniel Brunskill60
1243,15,1,0,1,0.0,0,0.0,0,0,0,0,0,0,0,0,0,Deebo Samuel19
1244,16,86,73,159,3.0,16,8.0,6,1,6,6,0,1,1,0,0,Bobby Wagner54
1245,16,67,65,132,0.0,0,6.5,11,3,10,11,0,0,0,0,0,K.J. Wright50
1246,15,65,17,82,2.0,11,2.0,8,3,0,0,0,1,1,0,0,Tre Flowers21
1247,15,52,18,70,0.5,3,2.0,6,2,0,0,0,1,1,0,0,Bradley McDougald30
1248,14,45,20,65,0.0,0,2.0,13,0,0,0,0,0,0,0,0,Shaquill Griffin26
1249,14,16,16,32,1.0,5,4.0,0,0,0,0,0,0,2,0,0,Al Woods97
1250,15,21,11,32,0.5,2,6.0,1,0,0,0,0,0,1,0,0,Poona Ford97
1251,14,24,8,32,0.0,0,1.0,1,0,0,0,0,2,0,0,0,Marquise Blair27
1252,10,10,17,27,2.0,19,2.0,1,0,0,0,0,1,0,0,0,Jarran Reed91
1253,16,15,12,27,4.0,19,4.5,2,0,0,0,0,3,1,0,2,Rasheem Green98
1254,14,14,12,26,3.5,24,5.0,3,0,0,0,0,0,1,0,0,Quinton Jefferson99
1255,12,15,10,25,0.0,0,0.0,0,0,0,0,0,0,0,0,0,Lano Hill42
1256,16,9,14,23,0.0,0,2.0,1,0,0,0,0,0,1,0,0,Cody Barton57
1257,15,14,6,20,2.0,9,2.0,2,0,0,0,0,0,0,0,0,Branden Jackson93
1258,16,13,4,17,0.0,0,0.5,0,0,0,0,0,0,0,0,0,Ugo Amadi28
1259,7,6,2,8,0.0,0,0.0,0,0,0,0,0,0,0,0,0,Neiko Thorpe23
1260,16,3,5,8,0.0,0,0.0,0,0,0,0,0,1,0,0,0,Ben Burr-Kirven55
1261,14,7,0,7,0.0,0,0.0,0,0,0,0,0,0,1,0,0,Nick Bellore44
1262,16,3,2,5,0.0,0,0.0,0,0,0,0,0,0,0,0,0,Shaquem Griffin49
1263,11,3,1,4,0.0,0,0.0,0,0,0,0,0,0,0,0,0,Jacob Hollister48
1264,4,0,4,4,0.0,0,0.5,0,0,0,0,0,0,0,0,0,Bryan Mone79
1265,11,2,1,3,0.0,0,0.0,0,0,0,0,0,0,0,0,0,L.J. Collier95
1266,16,3,0,3,0.0,0,0.0,0,0,0,0,0,0,1,0,0,Travis Homer25
1267,6,1,1,2,0.0,0,0.0,0,0,0,0,0,0,0,0,0,Will Dissly89
1268,16,2,0,2,0.0,0,0.0,0,0,0,0,0,0,0,0,0,Jason Myers5
1269,16,1,0,1,0.0,0,0.0,0,0,0,0,0,0,0,0,0,DK Metcalf14
1270,16,1,0,1,0.0,0,0.0,0,0,0,0,0,0,0,0,0,Russell Wilson3
1271,16,1,0,1,0.0,0,0.0,0,0,0,0,0,0,0,0,0,George Fant74
1272,3,1,0,1,0.0,0,0.0,0,0,0,0,0,0,0,0,0,Ryan Neal35
1273,12,1,0,1,0.0,0,0.0,0,0,0,0,0,0,0,0,0,Duane Brown76
