,Name,GP,REC,TGTS,YDS,AVG,TD,LNG,BIG,YDS/G,FUM,LST,YAC,FD,class,team
0,John Brown WR,15,72,115,1060,14.7,6,53,17,70.7,0,0,217,53,Receiving,Bills
1,Cole Beasley WR,15,67,106,778,11.6,6,51,10,51.9,0,0,344,37,Receiving,Bills
2,Dawson Knox TE,15,28,50,388,13.9,2,49,7,25.9,0,0,149,15,Receiving,Bills
3,Isaiah McKenzie WR,15,27,39,254,9.4,1,46,3,16.9,0,0,207,12,Receiving,Bills
4,Devin Singletary RB,12,29,41,194,6.7,2,49,3,16.2,0,0,194,5,Receiving,Bills
5,Duke Williams WR,4,12,19,166,13.8,1,41,3,41.5,0,0,47,8,Receiving,Bills
6,T.J. Yeldon RB,6,13,15,124,9.5,0,23,1,20.7,0,0,122,6,Receiving,Bills
7,Tommy Sweeney TE,6,8,13,114,14.3,0,29,3,19.0,0,0,39,4,Receiving,Bills
8,Frank Gore RB,16,13,16,100,7.7,0,18,0,6.3,0,0,93,5,Receiving,Bills
9,Tyler Kroft TE,11,6,14,71,11.8,1,20,1,6.5,0,0,28,5,Receiving,Bills
10,Zay Jones WR,5,7,18,69,9.9,0,23,2,13.8,0,0,17,4,Receiving,Bills
11,Robert Foster WR,13,3,18,64,21.3,0,24,3,4.9,0,0,32,3,Receiving,Bills
12,Patrick DiMarco FB,16,5,7,41,8.2,0,27,1,2.6,0,0,31,1,Receiving,Bills
13,Lee Smith TE,16,4,5,31,7.8,1,9,0,1.9,0,0,8,2,Receiving,Bills
14,Andre Roberts WR,13,3,7,20,6.7,0,7,0,1.5,0,0,7,1,Receiving,Bills
15,Senorise Perry RB,11,1,1,1,1.0,0,1,0,0.1,0,0,1,0,Receiving,Bills
16,Dion Dawkins OT,16,1,1,1,1.0,1,1,0,0.1,0,0,0,1,Receiving,Bills
17,DeVante Parker WR,16,72,128,1202,16.7,9,51,21,75.1,0,0,291,58,Receiving,Dolphins
18,Mike Gesicki TE,16,51,89,570,11.2,5,34,7,35.6,1,1,195,25,Receiving,Dolphins
19,Preston Williams WR,8,32,60,428,13.4,3,35,6,53.5,2,1,71,24,Receiving,Dolphins
20,Allen Hurns WR,14,32,47,416,13.0,2,27,4,29.7,1,1,101,18,Receiving,Dolphins
21,Albert Wilson WR,13,43,62,351,8.2,1,35,4,27.0,0,0,181,22,Receiving,Dolphins
22,Isaiah Ford WR,8,23,35,244,10.6,0,28,2,30.5,0,0,86,16,Receiving,Dolphins
23,Patrick Laird RB,15,23,30,204,8.9,0,21,2,13.6,0,0,181,13,Receiving,Dolphins
24,Kenyan Drake RB,6,22,33,174,7.9,0,26,1,29.0,0,0,167,6,Receiving,Dolphins
25,Jakeem Grant WR,10,19,33,164,8.6,0,18,0,16.4,0,0,88,9,Receiving,Dolphins
26,Mark Walton RB,7,15,21,89,5.9,0,18,0,12.7,1,1,111,3,Receiving,Dolphins
27,Durham Smythe TE,16,7,14,65,9.3,0,24,1,4.1,0,0,18,2,Receiving,Dolphins
28,Kalen Ballage RB,12,14,24,63,4.5,0,13,0,5.3,0,0,88,4,Receiving,Dolphins
29,Clive Walford TE,7,4,8,57,14.3,0,19,0,8.1,0,0,26,4,Receiving,Dolphins
30,Myles Gaskin RB,7,7,12,51,7.3,0,20,1,7.3,0,0,49,2,Receiving,Dolphins
31,Nick O'Leary TE,7,4,5,37,9.3,0,19,0,5.3,1,0,21,2,Receiving,Dolphins
32,Christian Wilkins DT,16,1,1,1,1.0,1,1,0,0.1,1,0,0,1,Receiving,Dolphins
33,Jason Sanders PK,16,1,1,1,1.0,1,1,0,0.1,0,0,0,1,Receiving,Dolphins
34,Julian Edelman WR,16,100,153,1117,11.2,6,44,13,69.8,3,1,337,54,Receiving,Patriots
35,James White RB,15,72,95,645,9.0,5,59,9,43.0,0,0,541,31,Receiving,Patriots
36,Phillip Dorsett II WR,14,29,54,397,13.7,5,58,6,28.4,0,0,89,17,Receiving,Patriots
37,Jakobi Meyers WR,15,26,41,359,13.8,0,35,9,23.9,0,0,123,17,Receiving,Patriots
38,Josh Gordon WR,6,20,36,287,14.4,1,44,6,47.8,0,0,137,10,Receiving,Patriots
39,Rex Burkhead RB,13,27,38,279,10.3,0,32,4,21.5,1,1,237,10,Receiving,Patriots
40,Mohamed Sanu Sr. WR,8,26,47,207,8.0,1,22,1,25.9,0,0,69,14,Receiving,Patriots
41,Ben Watson TE,10,17,24,173,10.2,0,26,3,17.3,0,0,94,9,Receiving,Patriots
42,Matt LaCosse TE,11,13,19,131,10.1,1,24,3,11.9,0,0,51,6,Receiving,Patriots
43,Ryan Izzo TE,6,6,9,114,19.0,1,41,3,19.0,0,0,54,4,Receiving,Patriots
44,Brandon Bolden RB,15,9,11,111,12.3,1,29,2,7.4,0,0,60,6,Receiving,Patriots
45,N'Keal Harry WR,7,12,24,105,8.8,2,18,0,15.0,0,0,45,7,Receiving,Patriots
46,Sony Michel RB,16,12,20,94,7.8,0,19,0,5.9,0,0,122,7,Receiving,Patriots
47,Antonio Brown WR,1,4,8,56,14.0,1,20,1,56.0,0,0,7,3,Receiving,Patriots
48,Elandon Roberts LB,16,1,1,38,38.0,1,38,1,2.4,0,0,32,1,Receiving,Patriots
49,Gunner Olszewski WR,8,2,4,34,17.0,0,29,1,4.3,0,0,17,1,Receiving,Patriots
50,Jakob Johnson FB,4,1,2,5,5.0,0,5,0,1.3,0,0,1,0,Receiving,Patriots
51,Eric Tomlinson TE,2,1,1,1,1.0,0,1,0,0.5,0,0,1,0,Receiving,Patriots
52,Jamison Crowder WR,16,78,122,833,10.7,6,41,11,52.1,0,0,357,41,Receiving,Jets
53,Robby Anderson WR,16,52,96,779,15.0,5,92,13,48.7,1,0,171,35,Receiving,Jets
54,Le'Veon Bell RB,15,66,78,461,7.0,1,23,2,30.7,1,1,454,20,Receiving,Jets
55,Demaryius Thomas WR,11,36,58,433,12.0,1,47,4,39.4,0,0,176,22,Receiving,Jets
56,Ryan Griffin TE,13,34,41,320,9.4,5,45,4,24.6,0,0,182,19,Receiving,Jets
57,Vyncint Smith WR,13,17,31,225,13.2,0,37,4,17.3,0,0,107,11,Receiving,Jets
58,Braxton Berrios WR,16,6,13,115,19.2,0,69,2,7.2,0,0,87,3,Receiving,Jets
59,Ty Montgomery RB,16,13,17,90,6.9,0,21,1,5.6,0,0,95,3,Receiving,Jets
60,Daniel Brown TE,16,7,11,72,10.3,1,24,2,4.5,0,0,19,4,Receiving,Jets
61,Trevon Wesco TE,16,2,3,47,23.5,0,32,1,2.9,0,0,41,2,Receiving,Jets
62,Bilal Powell RB,13,7,12,33,4.7,0,9,0,2.5,0,0,46,0,Receiving,Jets
63,Josh Bellamy WR,7,2,3,20,10.0,0,15,0,2.9,0,0,10,1,Receiving,Jets
64,Jeff Smith WR,1,1,2,12,12.0,0,12,0,12.0,0,0,-1,1,Receiving,Jets
65,Chris Herndon TE,1,1,2,7,7.0,0,7,0,7.0,0,0,5,0,Receiving,Jets
66,Quincy Enunwa WR,1,1,3,-4,-4.0,0,8,0,-4.0,1,1,-4,0,Receiving,Jets
67,Mark Andrews TE,15,64,98,852,13.3,10,51,16,56.8,2,1,302,44,Receiving,Ravens
68,Marquise Brown WR,14,46,71,584,12.7,7,83,8,41.7,0,0,237,24,Receiving,Ravens
69,Hayden Hurst TE,16,30,39,349,11.6,2,61,4,21.8,0,0,155,16,Receiving,Ravens
70,Willie Snead IV WR,16,31,46,339,10.9,5,50,4,21.2,0,0,140,20,Receiving,Ravens
71,Nick Boyle TE,16,31,43,321,10.4,2,35,4,20.1,0,0,160,13,Receiving,Ravens
72,Seth Roberts WR,16,21,35,271,12.9,2,33,3,16.9,0,0,68,18,Receiving,Ravens
73,Mark Ingram II RB,15,26,29,247,9.5,5,25,3,16.5,0,0,230,16,Receiving,Ravens
74,Miles Boykin WR,16,13,22,198,15.2,3,50,2,12.4,0,0,16,10,Receiving,Ravens
75,Justice Hill RB,16,8,15,70,8.8,0,14,0,4.4,0,0,82,5,Receiving,Ravens
76,Patrick Ricard FB,16,8,11,47,5.9,1,10,0,2.9,0,0,55,3,Receiving,Ravens
77,Gus Edwards RB,16,7,7,45,6.4,0,10,0,2.8,0,0,47,2,Receiving,Ravens
78,Chris Moore WR,14,3,5,21,7.0,0,13,0,1.5,0,0,11,0,Receiving,Ravens
79,Jaleel Scott WR,3,1,3,6,6.0,0,6,0,2.0,0,0,5,0,Receiving,Ravens
80,Tyler Boyd WR,16,90,148,1046,11.6,5,47,12,65.4,2,2,358,51,Receiving,Bengals
81,Auden Tate WR,12,40,80,575,14.4,1,33,8,47.9,1,1,202,29,Receiving,Bengals
82,Alex Erickson WR,16,43,78,529,12.3,0,52,5,33.1,1,0,230,26,Receiving,Bengals
83,John Ross III WR,8,28,56,506,18.1,3,66,10,63.3,1,1,200,22,Receiving,Bengals
84,Tyler Eifert TE,16,43,63,436,10.1,3,27,4,27.3,0,0,115,24,Receiving,Bengals
85,Joe Mixon RB,16,35,45,287,8.2,3,33,4,17.9,0,0,335,14,Receiving,Bengals
86,C.J. Uzomah TE,16,27,40,242,9.0,2,36,2,15.1,0,0,131,12,Receiving,Bengals
87,Giovani Bernard RB,16,30,43,234,7.8,0,35,2,14.6,2,1,220,7,Receiving,Bengals
88,Damion Willis WR,10,9,16,82,9.1,0,17,0,8.2,0,0,17,3,Receiving,Bengals
89,Drew Sample TE,9,5,6,30,6.0,0,21,1,3.3,0,0,12,1,Receiving,Bengals
90,Stanley Morgan WR,11,3,10,18,6.0,0,9,0,1.6,0,0,11,0,Receiving,Bengals
91,Cethan Carter TE,15,2,3,13,6.5,1,8,0,0.9,0,0,7,2,Receiving,Bengals
92,Andy Dalton QB,13,1,1,-4,-4.0,0,-4,0,-0.3,0,0,4,0,Receiving,Bengals
93,Jarvis Landry WR,16,83,138,1174,14.1,6,65,20,73.4,0,0,440,55,Receiving,Browns
94,Odell Beckham Jr. WR,16,74,133,1035,14.0,4,89,16,64.7,0,0,331,44,Receiving,Browns
95,Kareem Hunt RB,8,37,44,285,7.7,1,29,2,35.6,0,0,281,17,Receiving,Browns
96,Nick Chubb RB,16,36,49,278,7.7,0,32,4,17.4,1,1,320,13,Receiving,Browns
97,Ricky Seals-Jones TE,14,14,22,229,16.4,4,59,5,16.4,1,1,100,10,Receiving,Browns
98,Damion Ratley WR,13,12,24,200,16.7,1,46,4,15.4,0,0,53,11,Receiving,Browns
99,Demetrius Harris TE,15,15,27,149,9.9,3,23,2,9.9,0,0,66,10,Receiving,Browns
100,Dontrell Hilliard RB,14,12,15,92,7.7,0,19,0,6.6,0,0,104,4,Receiving,Browns
101,Antonio Callaway WR,4,8,15,89,11.1,0,41,1,22.3,0,0,45,3,Receiving,Browns
102,KhaDarel Hodge WR,16,4,10,76,19.0,0,41,1,4.8,0,0,10,3,Receiving,Browns
103,D'Ernest Johnson RB,16,6,7,71,11.8,0,27,1,4.4,0,0,44,1,Receiving,Browns
104,Rashard Higgins WR,10,4,11,55,13.8,1,35,1,5.5,0,0,10,3,Receiving,Browns
105,Stephen Carlson TE,9,5,7,51,10.2,1,21,1,5.7,0,0,23,2,Receiving,Browns
106,David Njoku TE,4,5,10,41,8.2,1,18,0,10.3,0,0,14,3,Receiving,Browns
107,Pharaoh Brown TE,9,2,3,27,13.5,0,18,0,3.0,0,0,14,1,Receiving,Browns
108,Wyatt Teller G,15,1,1,-5,-5.0,0,-5,0,-0.3,0,0,-1,0,Receiving,Browns
109,James Washington WR,15,44,80,735,16.7,3,79,13,49.0,1,1,203,31,Receiving,Steelers
110,Diontae Johnson WR,16,59,92,680,11.5,5,45,7,42.5,3,1,307,31,Receiving,Steelers
111,JuJu Smith-Schuster WR,12,42,70,552,13.1,3,76,7,46.0,1,1,243,23,Receiving,Steelers
112,Jaylen Samuels RB,14,47,57,305,6.5,1,27,1,21.8,1,1,372,19,Receiving,Steelers
113,Vance McDonald TE,14,38,55,273,7.2,3,22,2,19.5,1,0,176,12,Receiving,Steelers
114,James Conner RB,10,34,38,251,7.4,3,26,4,25.1,0,0,297,14,Receiving,Steelers
115,Nick Vannett TE,13,13,17,128,9.8,0,18,0,9.8,0,0,68,4,Receiving,Steelers
116,Deon Cain WR,6,5,6,72,14.4,0,35,2,12.0,0,0,13,4,Receiving,Steelers
117,Tevin Jones WR,5,4,10,61,15.3,0,28,1,12.2,0,0,12,1,Receiving,Steelers
118,Trey Edmunds RB,11,6,7,48,8.0,0,11,0,4.4,0,0,41,2,Receiving,Steelers
119,Ryan Switzer WR,9,8,11,27,3.4,0,8,0,3.0,0,0,18,2,Receiving,Steelers
120,Benny Snell Jr. RB,13,3,4,23,7.7,0,14,0,1.8,0,0,25,0,Receiving,Steelers
121,Johnny Holton WR,16,3,15,21,7.0,0,18,0,1.3,0,0,9,1,Receiving,Steelers
122,Donte Moncrief WR,5,4,15,18,4.5,0,11,0,3.6,0,0,3,1,Receiving,Steelers
123,Kerrith Whyte RB,6,1,1,9,9.0,0,9,0,1.5,0,0,11,1,Receiving,Steelers
124,Roosevelt Nix FB,3,2,3,4,2.0,0,4,0,1.3,0,0,10,0,Receiving,Steelers
125,Zach Gentry TE,4,1,1,4,4.0,0,4,0,1.0,0,0,3,1,Receiving,Steelers
126,Xavier Grimble TE,3,1,3,3,3.0,0,3,0,1.0,0,0,3,0,Receiving,Steelers
127,DeAndre Hopkins WR,15,104,150,1165,11.2,7,43,16,77.7,0,0,393,68,Receiving,Texans
128,Will Fuller V WR,11,49,71,670,13.7,3,54,10,60.9,1,0,227,26,Receiving,Texans
129,Kenny Stills WR,13,40,55,561,14.0,4,45,9,43.2,0,0,141,27,Receiving,Texans
130,Jordan Akins TE,16,36,55,418,11.6,2,53,4,26.1,0,0,244,21,Receiving,Texans
131,Duke Johnson RB,16,44,62,410,9.3,3,21,1,25.6,0,0,362,18,Receiving,Texans
132,Darren Fells TE,16,34,48,341,10.0,7,24,2,21.3,0,0,169,22,Receiving,Texans
133,Keke Coutee WR,9,22,36,254,11.5,0,51,4,28.2,1,1,137,10,Receiving,Texans
134,DeAndre Carter WR,16,11,14,162,14.7,0,46,4,10.1,0,0,57,6,Receiving,Texans
135,Carlos Hyde RB,16,10,16,42,4.2,0,14,0,2.6,0,0,54,2,Receiving,Texans
136,Steven Mitchell Jr. WR,3,2,6,37,18.5,0,21,1,12.3,0,0,14,2,Receiving,Texans
137,Taiwan Jones RB,11,1,1,9,9.0,0,9,0,0.8,0,0,12,0,Receiving,Texans
138,Jordan Thomas TE,5,1,3,8,8.0,0,8,0,1.6,0,0,3,0,Receiving,Texans
139,Deshaun Watson QB,15,1,1,6,6.0,1,6,0,0.4,0,0,6,1,Receiving,Texans
140,Zach Pascal WR,16,41,72,607,14.8,5,37,11,37.9,0,0,234,29,Receiving,Colts
141,T.Y. Hilton WR,10,45,68,501,11.1,5,35,6,50.1,0,0,213,24,Receiving,Colts
142,Jack Doyle TE,16,43,72,448,10.4,4,23,4,28.0,1,0,223,29,Receiving,Colts
143,Eric Ebron TE,11,31,52,375,12.1,3,48,4,34.1,0,0,165,20,Receiving,Colts
144,Nyheim Hines RB,16,44,58,320,7.3,0,21,2,20.0,1,1,313,15,Receiving,Colts
145,Marcus Johnson WR,8,17,33,277,16.3,2,50,3,34.6,0,0,45,12,Receiving,Colts
146,Chester Rogers WR,12,16,28,179,11.2,2,27,2,14.9,0,0,71,11,Receiving,Colts
147,Parris Campbell WR,7,18,24,127,7.1,1,27,1,18.1,2,1,109,6,Receiving,Colts
148,Mo Alie-Cox TE,16,8,11,93,11.6,0,21,1,5.8,0,0,60,5,Receiving,Colts
149,Marlon Mack RB,14,14,17,82,5.9,0,14,0,5.9,0,0,83,2,Receiving,Colts
150,Jonathan Williams RB,9,5,5,59,11.8,0,31,1,6.6,0,0,65,3,Receiving,Colts
151,Deon Cain WR,7,4,14,52,13.0,0,25,1,7.4,0,0,11,3,Receiving,Colts
152,Ross Travis TE,3,4,6,51,12.8,0,25,1,17.0,1,1,29,1,Receiving,Colts
153,Dontrelle Inman WR,3,4,8,49,12.3,0,22,1,16.3,0,0,11,2,Receiving,Colts
154,Jordan Wilkins RB,14,7,11,43,6.1,0,11,0,3.1,0,0,32,1,Receiving,Colts
155,Devin Funchess WR,1,3,5,32,10.7,0,16,0,32.0,0,0,6,2,Receiving,Colts
156,Ashton Dulin WR,13,2,2,17,8.5,0,13,0,1.3,0,0,23,0,Receiving,Colts
157,Jacoby Brissett QB,15,1,1,2,2.0,0,2,0,0.1,0,0,8,0,Receiving,Colts
158,DJ Chark Jr. WR,15,73,118,1008,13.8,8,69,17,67.2,0,0,316,42,Receiving,Jaguars
159,Chris Conley WR,16,47,90,775,16.5,5,70,13,48.4,0,0,253,36,Receiving,Jaguars
160,Dede Westbrook WR,15,66,101,660,10.0,3,39,10,44.0,0,0,316,31,Receiving,Jaguars
161,Leonard Fournette RB,15,76,100,522,6.9,0,27,3,34.8,1,1,576,23,Receiving,Jaguars
162,Keelan Cole WR,16,24,35,361,15.0,3,55,5,22.6,0,0,101,19,Receiving,Jaguars
163,James O'Shaughnessy TE,5,14,20,153,10.9,2,35,1,30.6,0,0,90,7,Receiving,Jaguars
164,Ryquell Armstead RB,16,14,24,144,10.3,2,31,2,9.0,0,0,112,9,Receiving,Jaguars
165,Seth DeValve TE,12,12,18,140,11.7,0,20,1,11.7,0,0,64,7,Receiving,Jaguars
166,Nick O'Leary TE,5,9,13,72,8.0,1,15,0,14.4,0,0,21,2,Receiving,Jaguars
167,Geoff Swaim TE,6,13,17,65,5.0,0,9,0,10.8,0,0,46,1,Receiving,Jaguars
168,C.J. Board WR,4,2,4,31,15.5,0,23,1,7.8,0,0,6,1,Receiving,Jaguars
169,Devine Ozigbo RB,10,3,5,23,7.7,0,12,0,2.3,0,0,20,1,Receiving,Jaguars
170,Marqise Lee WR,6,3,4,18,6.0,0,8,0,3.0,0,0,5,2,Receiving,Jaguars
171,Michael Walker WR,7,2,3,15,7.5,0,9,0,2.1,0,0,7,1,Receiving,Jaguars
172,Josh Oliver TE,4,3,6,15,5.0,0,6,0,3.8,0,0,6,0,Receiving,Jaguars
173,Ben Koyack TE,11,1,3,9,9.0,0,9,0,0.8,0,0,3,0,Receiving,Jaguars
174,Cody Davis S,16,1,1,7,7.0,0,7,0,0.4,0,0,6,1,Receiving,Jaguars
175,Charles Jones TE,4,1,1,5,5.0,0,5,0,1.3,0,0,2,0,Receiving,Jaguars
176,A.J. Brown WR,16,52,84,1051,20.2,8,91,15,65.7,1,0,463,39,Receiving,Titans
177,Corey Davis WR,15,43,69,601,14.0,2,38,10,40.1,1,0,211,33,Receiving,Titans
178,Jonnu Smith TE,16,35,44,439,12.5,3,57,8,27.4,0,0,284,16,Receiving,Titans
179,Adam Humphries WR,12,37,47,374,10.1,2,30,4,31.2,0,0,122,20,Receiving,Titans
180,Tajae Sharpe WR,15,25,35,329,13.2,4,47,4,21.9,0,0,58,20,Receiving,Titans
181,Delanie Walker TE,7,21,31,215,10.2,2,29,1,30.7,1,0,73,11,Receiving,Titans
182,Derrick Henry RB,15,18,24,206,11.4,2,75,2,13.7,0,0,240,4,Receiving,Titans
183,Anthony Firkser TE,15,14,24,204,14.6,1,39,5,13.6,0,0,74,9,Receiving,Titans
184,Kalif Raymond WR,8,9,12,170,18.9,1,52,3,21.3,1,1,19,6,Receiving,Titans
185,Dion Lewis RB,16,25,32,164,6.6,1,24,2,10.3,0,0,197,7,Receiving,Titans
186,MyCole Pruitt TE,16,6,8,90,15.0,1,42,2,5.6,0,0,68,4,Receiving,Titans
187,Khari Blasingame RB,6,4,5,54,13.5,0,24,2,9.0,0,0,36,2,Receiving,Titans
188,Darius Jennings WR,8,2,5,17,8.5,0,11,0,2.1,0,0,15,2,Receiving,Titans
189,Rashard Davis WR,1,1,1,16,16.0,0,16,0,16.0,0,0,0,1,Receiving,Titans
190,Cody Hollister WR,5,2,2,13,6.5,0,11,0,2.6,0,0,1,0,Receiving,Titans
191,Kevin Byard S,16,1,1,11,11.0,0,11,0,0.7,0,0,8,1,Receiving,Titans
192,David Quessenberry G,4,1,1,1,1.0,1,1,0,0.3,0,0,0,1,Receiving,Titans
193,Dennis Kelly OT,15,1,1,1,1.0,1,1,0,0.1,0,0,0,1,Receiving,Titans
194,Courtland Sutton WR,16,72,124,1112,15.4,6,70,18,69.5,2,0,363,50,Receiving,Broncos
195,Noah Fant TE,16,40,66,562,14.1,3,75,10,35.1,1,1,388,23,Receiving,Broncos
196,Emmanuel Sanders WR,7,30,44,367,12.2,2,53,5,52.4,0,0,123,17,Receiving,Broncos
197,DaeSean Hamilton WR,16,28,52,297,10.6,1,28,4,18.6,0,0,129,19,Receiving,Broncos
198,Royce Freeman RB,16,43,50,256,6.0,1,19,0,16.0,0,0,268,10,Receiving,Broncos
199,Tim Patrick WR,8,16,31,218,13.6,0,38,3,27.3,0,0,41,14,Receiving,Broncos
200,Phillip Lindsay RB,16,35,48,196,5.6,0,36,1,12.3,0,0,256,9,Receiving,Broncos
201,Jeff Heuerman TE,14,14,20,114,8.1,1,26,1,8.1,0,0,47,9,Receiving,Broncos
202,Andrew Beck TE,16,9,12,90,10.0,1,29,1,5.6,0,0,68,6,Receiving,Broncos
203,Devontae Booker RB,16,6,9,57,9.5,0,25,1,3.6,0,0,41,1,Receiving,Broncos
204,Andy Janovich FB,7,5,5,42,8.4,0,22,1,6.0,0,0,35,1,Receiving,Broncos
205,Troy Fumagalli TE,11,6,9,38,6.3,1,9,0,3.5,0,0,17,1,Receiving,Broncos
206,Diontae Spencer WR,16,6,8,31,5.2,0,20,1,1.9,1,1,32,1,Receiving,Broncos
207,Fred Brown WR,13,2,3,21,10.5,0,16,0,1.6,0,0,0,1,Receiving,Broncos
208,Travis Kelce TE,16,97,136,1229,12.7,5,47,13,76.8,1,1,430,65,Receiving,Chiefs
209,Tyreek Hill WR,12,58,89,860,14.8,7,57,11,71.7,0,0,276,39,Receiving,Chiefs
210,Sammy Watkins WR,14,52,90,673,12.9,3,68,9,48.1,2,1,302,30,Receiving,Chiefs
211,Mecole Hardman WR,16,26,41,538,20.7,6,83,9,33.6,0,0,305,18,Receiving,Chiefs
212,Demarcus Robinson WR,16,32,55,449,14.0,4,44,7,28.1,0,0,105,19,Receiving,Chiefs
213,Damien Williams RB,11,30,37,213,7.1,2,32,1,19.4,0,0,241,10,Receiving,Chiefs
214,LeSean McCoy RB,13,28,34,181,6.5,1,23,2,13.9,1,1,247,6,Receiving,Chiefs
215,Byron Pringle WR,16,12,16,170,14.2,1,28,3,10.6,0,0,63,7,Receiving,Chiefs
216,Darrel Williams RB,12,15,19,167,11.1,1,52,2,13.9,0,0,188,7,Receiving,Chiefs
217,Blake Bell TE,15,8,15,67,8.4,0,30,1,4.5,0,0,10,3,Receiving,Chiefs
218,Deon Yelder TE,9,3,4,50,16.7,0,24,1,5.6,0,0,32,2,Receiving,Chiefs
219,Darwin Thompson RB,12,9,10,43,4.8,0,19,0,3.6,0,0,65,2,Receiving,Chiefs
220,Spencer Ware RB,3,5,7,22,4.4,0,18,0,7.3,1,0,16,1,Receiving,Chiefs
221,Anthony Sherman FB,16,2,3,22,11.0,0,15,0,1.4,0,0,27,2,Receiving,Chiefs
222,De'Anthony Thomas WR,6,1,2,6,6.0,0,6,0,1.0,0,0,3,0,Receiving,Chiefs
223,Darren Waller TE,16,90,117,1145,12.7,3,75,14,71.6,1,1,601,53,Receiving,Raiders
224,Tyrell Williams WR,14,42,64,651,15.5,6,46,12,46.5,0,0,204,33,Receiving,Raiders
225,Hunter Renfrow WR,13,49,71,605,12.3,4,65,7,46.5,0,0,327,31,Receiving,Raiders
226,Jalen Richard RB,16,36,43,323,9.0,0,33,5,20.2,1,0,249,15,Receiving,Raiders
227,DeAndre Washington RB,16,36,41,292,8.1,0,28,4,18.3,0,0,255,10,Receiving,Raiders
228,Foster Moreau TE,13,21,25,174,8.3,5,23,1,13.4,0,0,106,14,Receiving,Raiders
229,Josh Jacobs RB,13,20,27,166,8.3,0,28,2,12.8,0,0,188,8,Receiving,Raiders
230,Zay Jones WR,10,20,27,147,7.3,0,16,0,14.7,0,0,60,6,Receiving,Raiders
231,Keelan Doss WR,8,11,14,133,12.1,0,31,1,16.6,0,0,58,6,Receiving,Raiders
232,Marcell Ateman WR,11,5,10,116,23.2,0,36,3,10.5,1,1,29,3,Receiving,Raiders
233,Derek Carrier TE,16,13,19,108,8.3,1,25,2,6.8,0,0,50,4,Receiving,Raiders
234,Trevor Davis WR,9,7,10,83,11.9,0,21,1,9.2,1,1,58,3,Receiving,Raiders
235,Rico Gafford WR,4,2,2,66,33.0,1,49,1,16.5,0,0,18,2,Receiving,Raiders
236,Alec Ingold FB,16,6,6,44,7.3,1,14,0,2.8,0,0,41,4,Receiving,Raiders
237,J.J. Nelson WR,2,4,5,36,9.0,1,29,1,18.0,0,0,14,1,Receiving,Raiders
238,Ryan Grant WR,2,4,9,14,3.5,0,9,0,7.0,0,0,6,1,Receiving,Raiders
239,Dwayne Harris WR,3,1,1,7,7.0,0,7,0,2.3,0,0,8,0,Receiving,Raiders
240,Keenan Allen WR,16,104,149,1199,11.5,6,45,15,74.9,0,0,368,63,Receiving,Chargers
241,Mike Williams WR,15,49,90,1001,20.4,2,56,17,66.7,0,0,219,41,Receiving,Chargers
242,Austin Ekeler RB,16,92,108,993,10.8,8,84,9,62.1,2,1,944,42,Receiving,Chargers
243,Hunter Henry TE,12,55,76,652,11.9,5,30,8,54.3,1,1,174,36,Receiving,Chargers
244,Melvin Gordon RB,12,42,55,296,7.0,1,25,2,24.7,1,1,331,11,Receiving,Chargers
245,Dontrelle Inman WR,4,8,13,132,16.5,0,28,3,33.0,0,0,18,7,Receiving,Chargers
246,Virgil Green TE,15,9,13,78,8.7,1,15,0,5.2,0,0,43,4,Receiving,Chargers
247,Andre Patton WR,13,6,17,56,9.3,0,15,0,4.3,0,0,28,4,Receiving,Chargers
248,Lance Kendricks TE,12,3,7,50,16.7,0,24,1,4.2,0,0,10,3,Receiving,Chargers
249,Jason Moore WR,10,2,5,43,21.5,0,32,1,4.3,0,0,7,2,Receiving,Chargers
250,Geremy Davis WR,7,3,3,38,12.7,0,19,0,5.4,0,0,2,1,Receiving,Chargers
251,Derek Watt FB,16,3,5,32,10.7,0,21,1,2.0,0,0,28,1,Receiving,Chargers
252,Travis Benjamin WR,5,6,16,30,5.0,0,13,0,6.0,0,0,16,3,Receiving,Chargers
253,Justin Jackson RB,7,9,11,22,2.4,0,9,0,3.1,0,0,39,0,Receiving,Chargers
254,Troymaine Pope RB,14,2,3,14,7.0,1,13,0,1.0,0,0,13,1,Receiving,Chargers
255,Sean Culkin TE,4,1,2,12,12.0,0,12,0,3.0,0,0,3,1,Receiving,Chargers
256,Amari Cooper WR,16,79,119,1189,15.1,8,53,17,74.3,0,0,245,54,Receiving,Cowboys
257,Michael Gallup WR,14,66,113,1107,16.8,6,62,18,79.1,0,0,343,50,Receiving,Cowboys
258,Randall Cobb WR,15,55,83,828,15.1,3,59,15,55.2,2,1,343,41,Receiving,Cowboys
259,Jason Witten TE,16,63,83,529,8.4,4,33,2,33.1,1,1,171,27,Receiving,Cowboys
260,Ezekiel Elliott RB,16,54,71,420,7.8,2,27,3,26.3,0,0,402,21,Receiving,Cowboys
261,Blake Jarwin TE,16,31,41,365,11.8,3,42,8,22.8,1,0,160,17,Receiving,Cowboys
262,Tavon Austin WR,14,13,24,177,13.6,1,59,2,12.6,0,0,82,8,Receiving,Cowboys
263,Devin Smith WR,4,5,9,113,22.6,1,51,2,28.3,0,0,31,4,Receiving,Cowboys
264,Tony Pollard RB,15,15,20,107,7.1,1,21,1,7.1,0,0,139,4,Receiving,Cowboys
265,Cedrick Wilson WR,6,5,8,46,9.2,0,14,0,7.7,0,0,13,2,Receiving,Cowboys
266,Ventell Bryant WR,12,1,1,15,15.0,1,15,0,1.3,0,0,0,1,Receiving,Cowboys
267,Dalton Schultz TE,16,1,2,6,6.0,0,6,0,0.4,0,0,1,0,Receiving,Cowboys
268,Darius Slayton WR,14,48,84,740,15.4,8,55,12,52.9,0,0,198,32,Receiving,Giants
269,Golden Tate WR,11,49,85,676,13.8,6,64,10,61.5,1,1,289,30,Receiving,Giants
270,Sterling Shepard WR,10,57,83,576,10.1,3,36,8,57.6,0,0,180,29,Receiving,Giants
271,Evan Engram TE,8,44,68,467,10.6,3,75,4,58.4,0,0,254,23,Receiving,Giants
272,Saquon Barkley RB,13,52,73,438,8.4,2,65,6,33.7,1,0,441,14,Receiving,Giants
273,Cody Latimer WR,15,24,42,300,12.5,2,43,4,20.0,0,0,80,19,Receiving,Giants
274,Kaden Smith TE,9,31,42,268,8.6,3,32,3,29.8,2,0,89,12,Receiving,Giants
275,Bennie Fowler WR,8,23,36,193,8.4,0,17,0,24.1,0,0,26,12,Receiving,Giants
276,Rhett Ellison TE,10,18,28,167,9.3,1,31,3,16.7,0,0,85,4,Receiving,Giants
277,Wayne Gallman RB,10,11,15,102,9.3,1,21,3,10.2,0,0,109,4,Receiving,Giants
278,TJ Jones WR,3,3,4,38,12.7,1,28,1,12.7,0,0,20,2,Receiving,Giants
279,Cody Core WR,16,3,5,28,9.3,0,11,0,1.8,0,0,3,2,Receiving,Giants
280,Russell Shepard WR,3,3,8,25,8.3,0,12,0,8.3,0,0,15,1,Receiving,Giants
281,Da'Mari Scott WR,5,2,3,22,11.0,0,11,0,4.4,0,0,14,2,Receiving,Giants
282,Scott Simonson TE,5,2,2,11,5.5,0,10,0,2.2,0,0,3,1,Receiving,Giants
283,Javorius Allen RB,10,1,2,9,9.0,0,9,0,0.9,0,0,5,0,Receiving,Giants
284,Elijhaa Penny RB,16,2,4,9,4.5,0,9,0,0.6,0,0,21,0,Receiving,Giants
285,Jonathan Hilliman RB,3,3,4,1,0.3,0,5,0,0.3,1,1,9,0,Receiving,Giants
286,Zach Ertz TE,15,88,135,916,10.4,6,30,12,61.1,1,1,276,50,Receiving,Eagles
287,Dallas Goedert TE,15,58,87,607,10.5,5,28,8,40.5,2,2,363,33,Receiving,Eagles
288,Miles Sanders RB,16,50,63,509,10.2,3,45,8,31.8,0,0,419,19,Receiving,Eagles
289,Alshon Jeffery WR,10,43,73,490,11.4,4,38,6,49.0,0,0,133,36,Receiving,Eagles
290,Nelson Agholor WR,11,39,69,363,9.3,3,43,5,33.0,2,1,146,17,Receiving,Eagles
291,Greg Ward Jr. WR,7,28,40,254,9.1,1,38,1,36.3,0,0,105,18,Receiving,Eagles
292,Boston Scott RB,11,24,26,204,8.5,0,39,2,18.5,1,0,277,10,Receiving,Eagles
293,J.J. Arcega-Whiteside WR,16,10,22,169,16.9,1,30,4,10.6,0,0,21,7,Receiving,Eagles
294,DeSean Jackson WR,3,9,10,159,17.7,2,53,2,53.0,0,0,13,6,Receiving,Eagles
295,Mack Hollins WR,12,10,21,125,12.5,0,20,1,10.4,0,0,40,7,Receiving,Eagles
296,Josh Perkins TE,5,9,13,87,9.7,1,24,1,17.4,0,0,28,5,Receiving,Eagles
297,Jordan Howard RB,10,10,14,69,6.9,1,20,1,6.9,0,0,72,3,Receiving,Eagles
298,Deontay Burnett WR,1,2,4,48,24.0,0,41,1,48.0,0,0,6,1,Receiving,Eagles
299,Jordan Matthews WR,2,4,12,33,8.3,0,10,0,16.5,0,0,5,1,Receiving,Eagles
300,Darren Sproles RB,6,6,10,24,4.0,0,7,0,4.0,0,0,31,1,Receiving,Eagles
301,Robert Davis WR,3,1,3,6,6.0,0,6,0,2.0,0,0,2,1,Receiving,Eagles
302,Terry McLaurin WR,14,58,93,919,15.8,7,75,15,65.6,0,0,220,43,Receiving,Redskins
303,Chris Thompson RB,11,42,58,378,9.0,0,39,3,34.4,1,0,347,16,Receiving,Redskins
304,Kelvin Harmon WR,16,30,44,365,12.2,0,30,8,22.8,0,0,98,16,Receiving,Redskins
305,Steven Sims Jr. WR,16,34,56,310,9.1,4,65,2,19.4,0,0,167,18,Receiving,Redskins
306,Paul Richardson Jr. WR,10,28,42,245,8.8,2,22,1,24.5,0,0,54,13,Receiving,Redskins
307,Jeremy Sprinkle TE,16,26,40,241,9.3,1,23,2,15.1,1,0,102,13,Receiving,Redskins
308,Trey Quinn WR,12,26,47,198,7.6,1,19,0,16.5,1,1,58,10,Receiving,Redskins
309,Adrian Peterson RB,15,17,23,142,8.4,0,22,3,9.5,1,1,160,7,Receiving,Redskins
310,Vernon Davis TE,4,10,19,123,12.3,1,48,1,30.8,0,0,78,4,Receiving,Redskins
311,Hale Hentges TE,11,8,14,103,12.9,1,24,2,9.4,0,0,48,6,Receiving,Redskins
312,Derrius Guice RB,5,7,9,79,11.3,1,45,1,15.8,0,0,88,2,Receiving,Redskins
313,Wendell Smallwood RB,15,9,13,64,7.1,0,18,0,4.3,0,0,53,4,Receiving,Redskins
314,Cam Sims WR,7,2,3,27,13.5,0,15,0,3.9,0,0,9,1,Receiving,Redskins
315,Robert Davis WR,3,1,2,11,11.0,0,11,0,3.7,0,0,0,1,Receiving,Redskins
316,Allen Robinson II WR,16,98,154,1147,11.7,7,49,15,71.7,0,0,279,63,Receiving,Bears
317,Anthony Miller WR,16,52,85,656,12.6,2,35,11,41.0,0,0,227,34,Receiving,Bears
318,Tarik Cohen RB,16,79,104,456,5.8,3,31,2,28.5,1,0,437,18,Receiving,Bears
319,Taylor Gabriel WR,9,29,48,353,12.2,4,53,4,39.2,0,0,79,17,Receiving,Bears
320,Javon Wims WR,16,18,39,186,10.3,1,37,1,11.6,0,0,42,9,Receiving,Bears
321,David Montgomery RB,16,25,35,185,7.4,1,30,2,11.6,0,0,169,7,Receiving,Bears
322,J.P. Holtz TE,14,7,8,91,13.0,0,30,1,6.5,0,0,81,4,Receiving,Bears
323,Jesper Horsted TE,6,8,10,87,10.9,1,20,1,14.5,0,0,36,4,Receiving,Bears
324,Trey Burton TE,8,14,24,84,6.0,0,16,0,10.5,0,0,39,5,Receiving,Bears
325,Cordarrelle Patterson WR,16,11,17,83,7.5,0,33,1,5.2,0,0,74,3,Receiving,Bears
326,Adam Shaheen TE,8,9,13,74,8.2,0,18,0,9.3,0,0,38,3,Receiving,Bears
327,Riley Ridley WR,5,6,7,69,11.5,0,32,1,13.8,0,0,17,4,Receiving,Bears
328,Ben Braunecker TE,11,6,11,59,9.8,1,18,0,5.4,0,0,24,5,Receiving,Bears
329,Mike Davis RB,7,7,8,22,3.1,0,7,0,3.1,0,0,30,1,Receiving,Bears
330,Eric Saubert TE,2,2,3,21,10.5,0,11,0,10.5,0,0,20,1,Receiving,Bears
331,Kenny Golladay WR,16,65,116,1190,18.3,11,75,22,74.4,1,1,301,52,Receiving,Lions
332,Marvin Jones Jr. WR,13,62,91,779,12.6,9,47,12,59.9,0,0,121,41,Receiving,Lions
333,Danny Amendola WR,15,62,97,678,10.9,1,47,6,45.2,0,0,218,36,Receiving,Lions
334,T.J. Hockenson TE,12,32,59,367,11.5,2,39,6,30.6,0,0,202,19,Receiving,Lions
335,Marvin Hall WR,9,7,11,261,37.3,1,58,6,29.0,0,0,40,7,Receiving,Lions
336,J.D. McKissic RB,16,34,42,233,6.9,1,26,3,14.6,0,0,240,7,Receiving,Lions
337,Logan Thomas TE,16,16,28,173,10.8,1,17,0,10.8,0,0,82,10,Receiving,Lions
338,Jesse James TE,16,16,27,142,8.9,0,23,1,8.9,0,0,65,8,Receiving,Lions
339,Kerryon Johnson RB,8,10,15,127,12.7,1,36,3,15.9,0,0,122,7,Receiving,Lions
340,Ty Johnson RB,16,24,31,109,4.5,0,13,0,6.8,1,1,97,4,Receiving,Lions
341,Chris Lacy WR,7,3,10,60,20.0,0,48,1,8.6,0,0,9,2,Receiving,Lions
342,David Blough QB,5,1,1,19,19.0,1,19,0,3.8,0,0,5,1,Receiving,Lions
343,Nick Bawden FB,10,4,6,17,4.3,0,10,0,1.7,0,0,22,1,Receiving,Lions
344,Isaac Nauta TE,6,2,3,13,6.5,0,10,0,2.2,0,0,7,1,Receiving,Lions
345,Paul Perkins RB,4,1,1,9,9.0,0,9,0,2.3,0,0,10,0,Receiving,Lions
346,Jeff Driskel QB,3,1,1,6,6.0,0,6,0,2.0,0,0,10,0,Receiving,Lions
347,Bo Scarbrough RB,6,1,4,5,5.0,0,5,0,0.8,0,0,8,0,Receiving,Lions
348,Wes Hills RB,1,2,2,1,0.5,0,2,0,1.0,0,0,3,0,Receiving,Lions
349,Jamal Agnew CB,13,1,2,-2,-2.0,0,0,0,-0.2,0,0,1,0,Receiving,Lions
350,Davante Adams WR,12,83,127,997,12.0,5,58,12,83.1,2,1,393,54,Receiving,Packers
351,Allen Lazard WR,16,35,52,477,13.6,3,43,6,29.8,0,0,145,24,Receiving,Packers
352,Aaron Jones RB,16,49,68,474,9.7,3,67,6,29.6,1,1,453,18,Receiving,Packers
353,Marquez Valdes-Scantling WR,16,26,56,452,17.4,2,74,7,28.3,0,0,152,14,Receiving,Packers
354,Jimmy Graham TE,16,38,60,447,11.8,3,48,7,27.9,1,0,256,23,Receiving,Packers
355,Geronimo Allison WR,16,34,55,287,8.4,2,31,3,17.9,2,1,118,16,Receiving,Packers
356,Jamaal Williams RB,14,39,45,253,6.5,5,17,0,18.1,0,0,282,16,Receiving,Packers
357,Jake Kumerow WR,14,12,21,219,18.3,1,49,3,15.6,0,0,92,8,Receiving,Packers
358,Marcedes Lewis TE,16,15,19,156,10.4,1,25,2,9.8,0,0,86,8,Receiving,Packers
359,Robert Tonyan TE,11,10,15,100,10.0,1,28,2,9.1,0,0,28,4,Receiving,Packers
360,Danny Vitale FB,15,7,12,97,13.9,0,27,3,6.5,0,0,58,3,Receiving,Packers
361,Trevor Davis WR,2,1,1,28,28.0,0,28,1,14.0,0,0,11,1,Receiving,Packers
362,Tra Carson RB,2,4,4,18,4.5,0,8,0,9.0,0,0,15,0,Receiving,Packers
363,Tyler Ervin RB,4,2,4,11,5.5,0,6,0,2.8,0,0,11,1,Receiving,Packers
364,Darrius Shepherd WR,6,1,2,1,1.0,0,1,0,0.2,0,0,3,0,Receiving,Packers
365,Stefon Diggs WR,15,63,94,1130,17.9,6,66,20,75.3,4,3,308,41,Receiving,Vikings
366,Dalvin Cook RB,14,53,63,519,9.8,0,31,7,37.1,1,0,597,26,Receiving,Vikings
367,Adam Thielen WR,10,30,48,418,13.9,6,44,8,41.8,0,0,123,18,Receiving,Vikings
368,Kyle Rudolph TE,16,39,48,367,9.4,6,32,3,22.9,0,0,194,24,Receiving,Vikings
369,Irv Smith Jr. TE,16,36,47,311,8.6,2,29,5,19.4,1,0,136,17,Receiving,Vikings
370,Bisi Johnson WR,16,31,45,294,9.5,3,23,1,18.4,0,0,64,17,Receiving,Vikings
371,Laquon Treadwell WR,13,9,16,184,20.4,1,58,3,14.2,0,0,60,8,Receiving,Vikings
372,C.J. Ham FB,16,17,26,149,8.8,1,36,3,9.3,0,0,124,6,Receiving,Vikings
373,Ameer Abdullah RB,16,15,21,88,5.9,1,16,0,5.5,0,0,82,5,Receiving,Vikings
374,Alexander Mattison RB,13,10,12,82,8.2,0,17,0,6.3,0,0,76,3,Receiving,Vikings
375,Chad Beebe WR,3,2,2,70,35.0,0,61,1,23.3,0,0,67,2,Receiving,Vikings
376,Tyler Conklin TE,15,8,10,58,7.3,0,20,1,3.9,0,0,16,2,Receiving,Vikings
377,Alexander Hollins WR,5,2,4,46,23.0,0,35,1,9.2,0,0,5,2,Receiving,Vikings
378,Mike Boone RB,16,3,4,17,5.7,0,7,0,1.1,0,0,26,0,Receiving,Vikings
379,Garrett Bradbury C,16,1,1,-4,-4.0,0,-4,0,-0.3,0,0,2,0,Receiving,Vikings
380,Julio Jones WR,15,99,157,1394,14.1,6,54,21,92.9,1,0,360,77,Receiving,Falcons
381,Calvin Ridley WR,13,63,93,866,13.7,7,36,12,66.6,0,0,139,47,Receiving,Falcons
382,Austin Hooper TE,13,75,97,787,10.5,6,35,8,60.5,0,0,329,41,Receiving,Falcons
383,Russell Gage WR,16,49,74,446,9.1,1,19,0,27.9,0,0,167,25,Receiving,Falcons
384,Devonta Freeman RB,14,59,70,410,6.9,4,28,2,29.3,1,1,353,17,Receiving,Falcons
385,Mohamed Sanu Sr. WR,7,33,42,313,9.5,1,28,2,44.7,0,0,124,16,Receiving,Falcons
386,Justin Hardy WR,16,19,26,195,10.3,0,23,2,12.2,0,0,84,9,Receiving,Falcons
387,Jaeden Graham TE,16,9,10,149,16.6,1,53,3,9.3,0,0,72,7,Receiving,Falcons
388,Olamide Zaccheaus WR,10,3,5,115,38.3,1,93,1,11.5,0,0,62,2,Receiving,Falcons
389,Christian Blake WR,9,11,24,91,8.3,0,13,0,10.1,0,0,23,5,Receiving,Falcons
390,Ito Smith RB,7,11,14,87,7.9,0,10,0,12.4,0,0,78,2,Receiving,Falcons
391,Brian Hill RB,12,10,14,69,6.9,1,12,0,5.8,0,0,53,4,Receiving,Falcons
392,Luke Stocker TE,15,8,14,53,6.6,0,18,0,3.5,1,0,36,2,Receiving,Falcons
393,Ty Sambrailo OT,13,1,1,35,35.0,1,35,1,2.7,0,0,22,1,Receiving,Falcons
394,Kenjon Barner RB,14,6,8,22,3.7,0,13,0,1.6,0,0,24,1,Receiving,Falcons
395,Keith Smith FB,16,1,3,13,13.0,0,13,0,0.8,0,0,13,1,Receiving,Falcons
396,Qadree Ollison RB,8,1,2,7,7.0,0,7,0,0.9,0,0,3,1,Receiving,Falcons
397,Kaleb McGary OT,16,1,1,-3,-3.0,0,-3,0,-0.2,0,0,-3,0,Receiving,Falcons
398,DJ Moore WR,15,87,135,1175,13.5,4,52,13,78.3,2,1,403,63,Receiving,Panthers
399,Christian McCaffrey RB,16,116,142,1005,8.7,4,28,7,62.8,0,0,1010,58,Receiving,Panthers
400,Curtis Samuel WR,16,54,105,627,11.6,6,44,8,39.2,0,0,153,36,Receiving,Panthers
401,Greg Olsen TE,14,52,82,597,11.5,2,41,6,42.6,0,0,217,34,Receiving,Panthers
402,Jarius Wright WR,16,28,58,296,10.6,0,33,3,18.5,0,0,92,16,Receiving,Panthers
403,Ian Thomas TE,16,16,30,136,8.5,1,19,0,8.5,0,0,77,10,Receiving,Panthers
404,Brandon Zylstra WR,8,8,12,106,13.3,0,40,2,13.3,0,0,19,5,Receiving,Panthers
405,Chris Hogan WR,7,8,15,67,8.4,0,13,0,9.6,0,0,32,3,Receiving,Panthers
406,Reggie Bonnafon RB,16,6,9,57,9.5,0,32,1,3.6,0,0,50,1,Receiving,Panthers
407,DeAndrew White WR,10,4,9,51,12.8,0,18,0,5.1,0,0,26,3,Receiving,Panthers
408,Chris Manhertz TE,15,1,1,11,11.0,0,11,0,0.7,0,0,9,1,Receiving,Panthers
409,Alex Armah FB,16,2,2,6,3.0,0,4,0,0.4,0,0,7,0,Receiving,Panthers
410,Michael Thomas WR,16,149,185,1725,11.6,9,49,17,107.8,1,0,582,91,Receiving,Saints
411,Jared Cook TE,14,43,65,705,16.4,9,61,15,50.4,0,0,258,32,Receiving,Saints
412,Alvin Kamara RB,14,81,97,533,6.6,1,41,2,38.1,1,0,568,28,Receiving,Saints
413,Ted Ginn Jr. WR,16,30,56,421,14.0,2,45,7,26.3,0,0,47,20,Receiving,Saints
414,Latavius Murray RB,16,34,43,235,6.9,1,30,1,14.7,0,0,289,9,Receiving,Saints
415,Taysom Hill QB,16,19,22,234,12.3,6,45,5,14.6,0,0,152,14,Receiving,Saints
416,Tre'Quan Smith WR,11,18,25,234,13.0,5,32,3,21.3,0,0,114,17,Receiving,Saints
417,Josh Hill TE,16,25,35,226,9.0,3,29,4,14.1,0,0,161,13,Receiving,Saints
418,Zach Line FB,12,6,10,36,6.0,0,12,0,3.0,0,0,44,1,Receiving,Saints
419,Dan Arnold TE,2,2,4,25,12.5,0,19,0,12.5,0,0,2,1,Receiving,Saints
420,Deonte Harris WR,14,6,6,24,4.0,0,13,0,1.7,0,0,38,2,Receiving,Saints
421,Austin Carr WR,6,1,4,9,9.0,0,9,0,1.5,0,0,4,1,Receiving,Saints
422,Ricky Ortiz FB,1,1,1,8,8.0,0,8,0,8.0,0,0,7,0,Receiving,Saints
423,Dwayne Washington RB,16,1,1,6,6.0,0,6,0,0.4,0,0,12,0,Receiving,Saints
424,Zach Zenner RB,1,1,2,6,6.0,0,6,0,6.0,0,0,5,1,Receiving,Saints
425,Krishawn Hogan WR,8,1,1,4,4.0,0,4,0,0.5,0,0,2,0,Receiving,Saints
426,Chris Godwin WR,14,86,121,1333,15.5,9,71,25,95.2,0,0,591,63,Receiving,Buccaneers
427,Mike Evans WR,13,67,118,1157,17.3,8,67,17,89.0,0,0,276,54,Receiving,Buccaneers
428,Breshad Perriman WR,14,36,70,645,17.9,6,44,15,46.1,0,0,134,29,Receiving,Buccaneers
429,O.J. Howard TE,14,34,53,459,13.5,1,33,8,32.8,1,1,165,23,Receiving,Buccaneers
430,Cameron Brate TE,16,36,55,311,8.6,4,37,1,19.4,0,0,99,21,Receiving,Buccaneers
431,Ronald Jones II RB,16,31,40,309,10.0,0,41,3,19.3,1,1,303,12,Receiving,Buccaneers
432,Dare Ogunbowale RB,16,35,46,286,8.2,0,21,1,17.9,1,1,212,14,Receiving,Buccaneers
433,Scotty Miller WR,10,13,26,200,15.4,1,48,3,20.0,0,0,38,5,Receiving,Buccaneers
434,Justin Watson WR,16,15,26,159,10.6,2,17,0,9.9,0,0,12,10,Receiving,Buccaneers
435,Peyton Barber RB,16,16,24,115,7.2,1,16,0,7.2,0,0,124,4,Receiving,Buccaneers
436,Bobo Wilson WR,6,3,11,35,11.7,0,14,0,5.8,0,0,2,2,Receiving,Buccaneers
437,Ishmael Hyman WR,2,2,4,34,17.0,0,31,1,17.0,0,0,0,2,Receiving,Buccaneers
438,Codey McElroy TE,1,1,1,30,30.0,0,30,1,30.0,0,0,-1,1,Receiving,Buccaneers
439,Tanner Hudson TE,9,2,5,26,13.0,0,14,0,2.9,0,0,2,1,Receiving,Buccaneers
440,T.J. Logan RB,12,2,3,13,6.5,0,11,0,1.1,0,0,9,1,Receiving,Buccaneers
441,Antony Auclair TE,8,1,3,11,11.0,0,11,0,1.4,0,0,8,1,Receiving,Buccaneers
442,Cyril Grayson WR,2,1,1,3,3.0,0,3,0,1.5,0,0,1,0,Receiving,Buccaneers
443,Vita Vea DT,16,1,1,1,1.0,1,1,0,0.1,0,0,0,1,Receiving,Buccaneers
444,Larry Fitzgerald WR,16,75,109,804,10.7,4,54,10,50.3,1,1,358,40,Receiving,Cardinals
445,Christian Kirk WR,13,68,107,709,10.4,3,69,6,54.5,0,0,291,31,Receiving,Cardinals
446,David Johnson RB,13,36,47,370,10.3,4,31,7,28.5,1,1,232,17,Receiving,Cardinals
447,Damiere Byrd WR,11,32,46,359,11.2,1,58,3,32.6,1,1,147,16,Receiving,Cardinals
448,Pharoh Cooper WR,12,25,33,243,9.7,1,28,4,20.3,0,0,77,10,Receiving,Cardinals
449,Charles Clay TE,15,18,24,237,13.2,1,47,4,15.8,0,0,95,12,Receiving,Cardinals
450,Maxx Williams TE,16,15,19,202,13.5,1,28,5,12.6,0,0,112,11,Receiving,Cardinals
451,Andy Isabella WR,15,9,13,189,21.0,1,88,2,12.6,0,0,142,4,Receiving,Cardinals
452,KeeSean Johnson WR,10,21,42,187,8.9,1,31,1,18.7,1,1,42,10,Receiving,Cardinals
453,Kenyan Drake RB,8,28,35,171,6.1,0,21,1,21.4,0,0,266,9,Receiving,Cardinals
454,Chase Edmonds RB,13,12,21,105,8.8,1,31,1,8.1,0,0,106,5,Receiving,Cardinals
455,Dan Arnold TE,3,6,10,102,17.0,2,37,3,34.0,0,0,28,5,Receiving,Cardinals
456,Trent Sherfield WR,16,4,13,80,20.0,0,38,2,5.0,0,0,13,4,Receiving,Cardinals
457,Michael Crabtree WR,2,4,5,22,5.5,0,9,0,11.0,0,0,6,0,Receiving,Cardinals
458,Zach Zenner RB,3,1,1,13,13.0,0,13,0,4.3,0,0,15,1,Receiving,Cardinals
459,Darrell Daniels TE,11,1,3,4,4.0,0,4,0,0.4,0,0,0,1,Receiving,Cardinals
460,Cooper Kupp WR,16,94,134,1161,12.4,10,66,21,72.6,3,0,547,51,Receiving,Rams
461,Robert Woods WR,15,90,139,1134,12.6,2,48,14,75.6,0,0,584,54,Receiving,Rams
462,Tyler Higbee TE,15,69,89,734,10.6,3,33,11,48.9,0,0,403,36,Receiving,Rams
463,Brandin Cooks WR,14,42,72,583,13.9,2,57,9,41.6,0,0,169,32,Receiving,Rams
464,Gerald Everett TE,13,37,60,408,11.0,2,33,6,31.4,0,0,180,22,Receiving,Rams
465,Josh Reynolds WR,16,21,43,326,15.5,1,31,8,20.4,0,0,145,15,Receiving,Rams
466,Todd Gurley II RB,15,31,49,207,6.7,2,23,3,13.8,0,0,194,8,Receiving,Rams
467,Darrell Henderson Jr. RB,13,4,6,37,9.3,0,14,0,2.8,0,0,38,1,Receiving,Rams
468,Johnny Mundt TE,13,4,7,26,6.5,0,9,0,2.0,0,0,11,1,Receiving,Rams
469,Nick Scott S,16,1,1,23,23.0,0,23,1,1.4,0,0,23,1,Receiving,Rams
470,Malcolm Brown RB,14,2,6,16,8.0,0,10,0,1.1,0,0,7,0,Receiving,Rams
471,Mike Thomas WR,16,2,5,14,7.0,0,9,0,0.9,0,0,10,1,Receiving,Rams
472,George Kittle TE,14,85,107,1053,12.4,5,61,16,75.2,1,0,622,53,Receiving,49ers
473,Deebo Samuel WR,15,57,81,802,14.1,3,42,17,53.5,2,1,481,32,Receiving,49ers
474,Emmanuel Sanders WR,10,36,53,502,13.9,3,75,6,50.2,0,0,121,24,Receiving,49ers
475,Kendrick Bourne WR,16,30,44,358,11.9,5,30,4,22.4,0,0,116,23,Receiving,49ers
476,Kyle Juszczyk FB,12,20,24,239,11.9,1,49,4,19.9,0,0,159,11,Receiving,49ers
477,Marquise Goodwin WR,9,12,21,186,15.5,1,38,3,20.7,0,0,38,10,Receiving,49ers
478,Tevin Coleman RB,14,21,30,180,8.6,1,37,2,12.9,0,0,204,9,Receiving,49ers
479,Raheem Mostert RB,16,14,22,180,12.9,2,39,3,11.3,0,0,154,6,Receiving,49ers
480,Richie James Jr. WR,16,6,10,165,27.5,1,57,3,10.3,0,0,106,5,Receiving,49ers
481,Matt Breida RB,13,19,22,120,6.3,1,17,0,9.2,0,0,131,6,Receiving,49ers
482,Dante Pettis WR,11,11,24,109,9.9,2,21,2,9.9,0,0,23,7,Receiving,49ers
483,Ross Dwelley TE,16,15,22,91,6.1,2,25,1,5.7,0,0,40,8,Receiving,49ers
484,Jeff Wilson Jr. RB,10,3,5,34,11.3,1,25,1,3.4,0,0,22,1,Receiving,49ers
485,Levine Toilolo TE,13,2,2,10,5.0,0,8,0,0.8,0,0,14,0,Receiving,49ers
486,Tyler Lockett WR,16,82,110,1057,12.9,8,44,15,66.1,1,0,314,53,Receiving,Seahawks
487,DK Metcalf WR,16,58,100,900,15.5,7,54,13,56.3,3,3,278,39,Receiving,Seahawks
488,Jacob Hollister TE,11,41,59,349,8.5,3,22,3,31.7,0,0,174,16,Receiving,Seahawks
489,David Moore WR,14,17,34,301,17.7,2,60,5,21.5,1,1,134,14,Receiving,Seahawks
490,Chris Carson RB,15,37,47,266,7.2,2,21,2,17.7,1,1,315,10,Receiving,Seahawks
491,Will Dissly TE,6,23,27,262,11.4,4,38,3,43.7,1,0,81,14,Receiving,Seahawks
492,Malik Turner WR,15,15,22,245,16.3,1,33,6,16.3,0,0,102,10,Receiving,Seahawks
493,Jaron Brown WR,14,16,28,220,13.8,2,48,3,15.7,1,1,64,10,Receiving,Seahawks
494,Josh Gordon WR,5,7,11,139,19.9,0,58,2,27.8,0,0,21,6,Receiving,Seahawks
495,Rashaad Penny RB,10,8,11,83,10.4,1,30,1,8.3,0,0,94,3,Receiving,Seahawks
496,Luke Willson TE,8,8,10,79,9.9,0,17,0,9.9,0,0,39,5,Receiving,Seahawks
497,C.J. Prosise RB,9,10,12,76,7.6,0,21,1,8.4,0,0,66,3,Receiving,Seahawks
498,Travis Homer RB,16,11,13,56,5.1,0,11,0,3.5,0,0,63,3,Receiving,Seahawks
499,Nick Vannett TE,3,4,5,38,9.5,0,13,0,12.7,0,0,6,1,Receiving,Seahawks
500,Nick Bellore FB,14,2,2,23,11.5,1,20,1,1.6,0,0,20,2,Receiving,Seahawks
501,John Ursua WR,3,1,1,11,11.0,0,11,0,3.7,0,0,0,1,Receiving,Seahawks
502,Tyrone Swoopes TE,5,1,1,5,5.0,0,5,0,1.0,0,0,7,0,Receiving,Seahawks
