,Name,"('Unnamed: 0_level_0', 'GP')","('Touchdowns', 'RUSH')","('Touchdowns', 'REC')","('Touchdowns', 'RET')","('Touchdowns', 'TD')","('Scoring', 'FG')","('Scoring', 'PAT')","('Scoring', '2PT')","('Scoring', 'PTS')","('Scoring', 'TP/G')",class,team
0,Stephen Hauschka PK,16,0,0,0,0,22,30,0,96,6.0,Scoring,Bills
1,Josh Allen QB,16,9,0,0,9,0,0,1,56,3.5,Scoring,Bills
2,Cole Beasley WR,15,0,6,0,6,0,0,2,40,2.7,Scoring,Bills
3,John Brown WR,15,0,6,0,6,0,0,0,36,2.4,Scoring,Bills
4,Devin Singletary RB,12,2,2,0,4,0,0,0,24,2.0,Scoring,Bills
5,Frank Gore RB,16,2,0,0,2,0,0,0,12,0.8,Scoring,Bills
6,Dawson Knox TE,15,0,2,0,2,0,0,0,12,0.8,Scoring,Bills
7,Lee Smith TE,16,0,1,0,1,0,0,0,6,0.4,Scoring,Bills
8,Dion Dawkins OT,16,0,1,0,1,0,0,0,6,0.4,Scoring,Bills
9,Duke Williams WR,4,0,1,0,1,0,0,0,6,1.5,Scoring,Bills
10,Tyler Kroft TE,11,0,1,0,1,0,0,0,6,0.5,Scoring,Bills
11,Isaiah McKenzie WR,15,0,1,0,1,0,0,0,6,0.4,Scoring,Bills
12,Micah Hyde S,16,0,0,1,1,0,0,0,6,0.4,Scoring,Bills
13,Tremaine Edmunds LB,16,0,0,0,0,0,0,0,2,0.1,Scoring,Bills
14,Jason Sanders PK,16,0,1,0,1,23,29,0,104,6.5,Scoring,Dolphins
15,DeVante Parker WR,16,0,9,0,9,0,0,0,54,3.4,Scoring,Dolphins
16,Mike Gesicki TE,16,0,5,0,5,0,0,0,30,1.9,Scoring,Dolphins
17,Ryan Fitzpatrick QB,15,4,0,0,4,0,0,0,24,1.6,Scoring,Dolphins
18,Preston Williams WR,8,0,3,0,3,0,0,0,18,2.3,Scoring,Dolphins
19,Kalen Ballage RB,12,3,0,0,3,0,0,0,18,1.5,Scoring,Dolphins
20,Allen Hurns WR,14,0,2,0,2,0,0,0,12,0.9,Scoring,Dolphins
21,Jakeem Grant WR,10,1,0,1,2,0,0,0,12,1.2,Scoring,Dolphins
22,Patrick Laird RB,15,1,0,0,1,0,0,1,8,0.5,Scoring,Dolphins
23,Albert Wilson WR,13,0,1,0,1,0,0,0,6,0.5,Scoring,Dolphins
24,Eric Rowe CB,16,0,0,1,1,0,0,0,6,0.4,Scoring,Dolphins
25,Christian Wilkins DT,16,0,1,0,1,0,0,0,6,0.4,Scoring,Dolphins
26,Myles Gaskin RB,7,1,0,0,1,0,0,0,6,0.9,Scoring,Dolphins
27,Nick Folk PK,7,0,0,0,0,14,12,0,54,7.7,Scoring,Patriots
28,Sony Michel RB,16,7,0,0,7,0,0,0,42,2.6,Scoring,Patriots
29,James White RB,15,1,5,0,6,0,0,1,38,2.5,Scoring,Patriots
30,Julian Edelman WR,16,0,6,0,6,0,0,1,38,2.4,Scoring,Patriots
31,Stephen Gostkowski PK,4,0,0,0,0,7,11,0,32,8.0,Scoring,Patriots
32,Mike Nugent PK,4,0,0,0,0,5,15,0,30,7.5,Scoring,Patriots
33,Phillip Dorsett II WR,14,0,5,0,5,0,0,0,30,2.1,Scoring,Patriots
34,Brandon Bolden RB,15,3,1,0,4,0,0,0,24,1.6,Scoring,Patriots
35,Tom Brady QB,16,3,0,0,3,0,0,0,18,1.1,Scoring,Patriots
36,Rex Burkhead RB,13,3,0,0,3,0,0,0,18,1.4,Scoring,Patriots
37,Stephon Gilmore CB,16,0,0,2,2,0,0,0,12,0.8,Scoring,Patriots
38,N'Keal Harry WR,7,0,2,0,2,0,0,0,12,1.7,Scoring,Patriots
39,Kyle Van Noy LB,15,0,0,1,1,0,0,0,6,0.4,Scoring,Patriots
40,Matt LaCosse TE,11,0,1,0,1,0,0,0,6,0.5,Scoring,Patriots
41,Ryan Izzo TE,6,0,1,0,1,0,0,0,6,1.0,Scoring,Patriots
42,Mohamed Sanu Sr. WR,8,0,1,0,1,0,0,0,6,0.8,Scoring,Patriots
43,Dont'a Hightower LB,15,0,0,1,1,0,0,0,6,0.4,Scoring,Patriots
44,Jamie Collins Sr. LB,16,0,0,1,1,0,0,0,6,0.4,Scoring,Patriots
45,Josh Gordon WR,6,0,1,0,1,0,0,0,6,1.0,Scoring,Patriots
46,Chase Winovich DE,16,0,0,1,1,0,0,0,6,0.4,Scoring,Patriots
47,Antonio Brown WR,1,0,1,0,1,0,0,0,6,6.0,Scoring,Patriots
48,Elandon Roberts LB,16,0,1,0,1,0,0,0,6,0.4,Scoring,Patriots
49,Matthew Slater WR,16,0,0,1,1,0,0,0,6,0.4,Scoring,Patriots
50,Kai Forbath PK,1,0,0,0,0,1,1,0,4,4.0,Scoring,Patriots
51,Sam Ficken PK,15,0,0,0,0,19,23,0,80,5.3,Scoring,Jets
52,Jamison Crowder WR,16,0,6,0,6,0,0,0,36,2.3,Scoring,Jets
53,Ryan Griffin TE,13,0,5,0,5,0,0,1,32,2.5,Scoring,Jets
54,Robby Anderson WR,16,0,5,0,5,0,0,1,32,2.0,Scoring,Jets
55,Le'Veon Bell RB,15,3,1,0,4,0,0,1,26,1.7,Scoring,Jets
56,Jamal Adams S,14,0,0,2,2,0,0,0,12,0.9,Scoring,Jets
57,Sam Darnold QB,13,2,0,0,2,0,0,0,12,0.9,Scoring,Jets
58,Brian Poole CB,14,0,0,1,1,0,0,0,8,0.6,Scoring,Jets
59,Demaryius Thomas WR,11,0,1,0,1,0,0,0,6,0.5,Scoring,Jets
60,Daniel Brown TE,16,0,1,0,1,0,0,0,6,0.4,Scoring,Jets
61,Vyncint Smith WR,13,1,0,0,1,0,0,0,6,0.5,Scoring,Jets
62,Arthur Maulet CB,12,0,0,1,1,0,0,0,6,0.5,Scoring,Jets
63,C.J. Mosley LB,2,0,0,1,1,0,0,0,6,3.0,Scoring,Jets
64,B.J. Bello LB,8,0,0,1,1,0,0,0,6,0.8,Scoring,Jets
65,James Burgess LB,10,0,0,0,0,0,0,0,2,0.2,Scoring,Jets
66,Justin Tucker PK,16,0,0,0,0,28,57,0,141,8.8,Scoring,Ravens
67,Mark Ingram II RB,15,10,5,0,15,0,0,2,94,6.3,Scoring,Ravens
68,Mark Andrews TE,15,0,10,0,10,0,0,0,60,4.0,Scoring,Ravens
69,Marquise Brown WR,14,0,7,0,7,0,0,0,42,3.0,Scoring,Ravens
70,Lamar Jackson QB,15,7,0,0,7,0,0,0,42,2.8,Scoring,Ravens
71,Willie Snead IV WR,16,0,5,0,5,0,0,0,30,1.9,Scoring,Ravens
72,Miles Boykin WR,16,0,3,0,3,0,0,0,18,1.1,Scoring,Ravens
73,Justice Hill RB,16,2,0,0,2,0,0,0,12,0.8,Scoring,Ravens
74,Hayden Hurst TE,16,0,2,0,2,0,0,0,12,0.8,Scoring,Ravens
75,Gus Edwards RB,16,2,0,0,2,0,0,0,12,0.8,Scoring,Ravens
76,Nick Boyle TE,16,0,2,0,2,0,0,0,12,0.8,Scoring,Ravens
77,Marcus Peters CB,10,0,0,2,2,0,0,0,12,1.2,Scoring,Ravens
78,Seth Roberts WR,16,0,2,0,2,0,0,0,12,0.8,Scoring,Ravens
79,Marlon Humphrey CB,16,0,0,2,2,0,0,0,12,0.8,Scoring,Ravens
80,Tyus Bowser LB,16,0,0,1,1,0,0,0,6,0.4,Scoring,Ravens
81,Patrick Ricard FB,16,0,1,0,1,0,0,0,6,0.4,Scoring,Ravens
82,Jordan Richards S,9,0,0,1,1,0,0,0,6,0.7,Scoring,Ravens
83,Randy Bullock PK,16,0,0,0,0,27,24,0,105,6.6,Scoring,Bengals
84,Joe Mixon RB,16,5,3,0,8,0,0,0,48,3.0,Scoring,Bengals
85,Tyler Boyd WR,16,0,5,0,5,0,0,0,30,1.9,Scoring,Bengals
86,Andy Dalton QB,13,4,0,0,4,0,0,1,26,2.0,Scoring,Bengals
87,Tyler Eifert TE,16,0,3,0,3,0,0,1,20,1.3,Scoring,Bengals
88,John Ross III WR,8,0,3,0,3,0,0,0,18,2.3,Scoring,Bengals
89,C.J. Uzomah TE,16,0,2,0,2,0,0,0,12,0.8,Scoring,Bengals
90,Auden Tate WR,12,0,1,0,1,0,0,0,6,0.5,Scoring,Bengals
91,Brandon Wilson S,12,0,0,1,1,0,0,0,6,0.5,Scoring,Bengals
92,Cethan Carter TE,15,0,1,0,1,0,0,0,6,0.4,Scoring,Bengals
93,Austin Seibert PK,16,0,0,0,0,25,30,0,105,6.6,Scoring,Browns
94,Nick Chubb RB,16,8,0,0,8,0,0,0,48,3.0,Scoring,Browns
95,Jarvis Landry WR,16,0,6,0,6,0,0,0,36,2.3,Scoring,Browns
96,Ricky Seals-Jones TE,14,0,4,0,4,0,0,0,24,1.7,Scoring,Browns
97,Odell Beckham Jr. WR,16,0,4,0,4,0,0,0,24,1.5,Scoring,Browns
98,Demetrius Harris TE,15,0,3,0,3,0,0,1,20,1.3,Scoring,Browns
99,Baker Mayfield QB,16,3,0,0,3,0,0,0,18,1.1,Scoring,Browns
100,Kareem Hunt RB,8,2,1,0,3,0,0,0,18,2.3,Scoring,Browns
101,Dontrell Hilliard RB,14,2,0,0,2,0,0,0,12,0.9,Scoring,Browns
102,Damion Ratley WR,13,0,1,0,1,0,0,0,6,0.5,Scoring,Browns
103,David Njoku TE,4,0,1,0,1,0,0,0,6,1.5,Scoring,Browns
104,Denzel Ward CB,12,0,0,1,1,0,0,0,6,0.5,Scoring,Browns
105,Stephen Carlson TE,9,0,1,0,1,0,0,0,6,0.7,Scoring,Browns
106,Rashard Higgins WR,10,0,1,0,1,0,0,0,6,0.6,Scoring,Browns
107,Chris Boswell PK,16,0,0,0,0,29,28,0,115,7.2,Scoring,Steelers
108,James Conner RB,10,4,3,0,7,0,0,0,42,4.2,Scoring,Steelers
109,Diontae Johnson WR,16,0,5,1,6,0,0,0,36,2.3,Scoring,Steelers
110,James Washington WR,15,0,3,0,3,0,0,0,18,1.2,Scoring,Steelers
111,Vance McDonald TE,14,0,3,0,3,0,0,0,18,1.3,Scoring,Steelers
112,JuJu Smith-Schuster WR,12,0,3,0,3,0,0,0,18,1.5,Scoring,Steelers
113,Jaylen Samuels RB,14,1,1,0,2,0,0,0,12,0.9,Scoring,Steelers
114,Benny Snell Jr. RB,13,2,0,0,2,0,0,0,12,0.9,Scoring,Steelers
115,Minkah Fitzpatrick S,14,0,0,2,2,0,0,0,12,0.9,Scoring,Steelers
116,Devin Bush LB,16,0,0,1,1,0,0,0,6,0.4,Scoring,Steelers
117,Ka'imi Fairbairn PK,16,0,0,0,0,20,40,0,100,6.3,Scoring,Texans
118,Deshaun Watson QB,15,7,1,0,8,0,0,0,48,3.2,Scoring,Texans
119,DeAndre Hopkins WR,15,0,7,0,7,0,0,1,44,2.9,Scoring,Texans
120,Darren Fells TE,16,0,7,0,7,0,0,0,42,2.6,Scoring,Texans
121,Carlos Hyde RB,16,6,0,0,6,0,0,0,36,2.3,Scoring,Texans
122,Duke Johnson RB,16,2,3,0,5,0,0,0,30,1.9,Scoring,Texans
123,Kenny Stills WR,13,0,4,0,4,0,0,0,24,1.8,Scoring,Texans
124,Will Fuller V WR,11,0,3,0,3,0,0,0,18,1.6,Scoring,Texans
125,Jordan Akins TE,16,0,2,0,2,0,0,0,12,0.8,Scoring,Texans
126,Tashaun Gipson Sr. S,14,0,0,1,1,0,0,0,6,0.4,Scoring,Texans
127,Keke Coutee WR,9,1,0,0,1,0,0,0,6,0.7,Scoring,Texans
128,AJ McCarron QB,2,1,0,0,1,0,0,0,6,3.0,Scoring,Texans
129,Bradley Roby CB,10,0,0,1,1,0,0,0,6,0.6,Scoring,Texans
130,Adam Vinatieri PK,12,0,0,0,0,17,22,0,73,6.1,Scoring,Colts
131,Marlon Mack RB,14,8,0,0,8,0,0,1,50,3.6,Scoring,Colts
132,Zach Pascal WR,16,0,5,0,5,0,0,1,34,2.1,Scoring,Colts
133,T.Y. Hilton WR,10,0,5,0,5,0,0,0,30,3.0,Scoring,Colts
134,Chase McLaughlin PK,4,0,0,0,0,5,11,0,26,6.5,Scoring,Colts
135,Jacoby Brissett QB,15,4,0,0,4,0,0,0,24,1.6,Scoring,Colts
136,Nyheim Hines RB,16,2,0,2,4,0,0,0,24,1.5,Scoring,Colts
137,Jack Doyle TE,16,0,4,0,4,0,0,0,24,1.5,Scoring,Colts
138,Eric Ebron TE,11,0,3,0,3,0,0,0,18,1.6,Scoring,Colts
139,Chester Rogers WR,12,0,2,0,2,0,0,0,12,1.0,Scoring,Colts
140,Jordan Wilkins RB,14,2,0,0,2,0,0,0,12,0.9,Scoring,Colts
141,Marcus Johnson WR,8,0,2,0,2,0,0,0,12,1.5,Scoring,Colts
142,Parris Campbell WR,7,0,1,0,1,0,0,0,6,0.9,Scoring,Colts
143,Jonathan Williams RB,9,1,0,0,1,0,0,0,6,0.7,Scoring,Colts
144,Darius Leonard LB,13,0,0,1,1,0,0,0,6,0.5,Scoring,Colts
145,Justin Houston DE,16,0,0,0,0,0,0,0,2,0.1,Scoring,Colts
146,Bobby Okereke LB,16,0,0,0,0,0,0,0,2,0.1,Scoring,Colts
147,Josh Lambo PK,16,0,0,0,0,33,19,0,118,7.4,Scoring,Jaguars
148,DJ Chark Jr. WR,15,0,8,0,8,0,0,1,50,3.3,Scoring,Jaguars
149,Chris Conley WR,16,0,5,0,5,0,0,1,32,2.0,Scoring,Jaguars
150,Dede Westbrook WR,15,0,3,0,3,0,0,2,22,1.5,Scoring,Jaguars
151,Leonard Fournette RB,15,3,0,0,3,0,0,0,18,1.2,Scoring,Jaguars
152,Keelan Cole WR,16,0,3,0,3,0,0,0,18,1.1,Scoring,Jaguars
153,James O'Shaughnessy TE,5,0,2,0,2,0,0,0,12,2.4,Scoring,Jaguars
154,Ryquell Armstead RB,16,0,2,0,2,0,0,0,12,0.8,Scoring,Jaguars
155,Nick O'Leary TE,5,0,1,0,1,0,0,0,6,1.2,Scoring,Jaguars
156,Calais Campbell DE,16,0,0,1,1,0,0,0,6,0.4,Scoring,Jaguars
157,Yannick Ngakoue DE,15,0,0,1,1,0,0,0,6,0.4,Scoring,Jaguars
158,Derrick Henry RB,15,16,2,0,18,0,0,0,108,7.2,Scoring,Titans
159,A.J. Brown WR,16,1,8,0,9,0,0,0,54,3.4,Scoring,Titans
160,Ryan Succop PK,6,0,0,0,0,1,24,0,27,4.5,Scoring,Titans
161,Ryan Tannehill QB,12,4,0,0,4,0,0,1,26,2.2,Scoring,Titans
162,Tajae Sharpe WR,15,0,4,0,4,0,0,0,24,1.6,Scoring,Titans
163,Cairo Santos PK,5,0,0,0,0,4,12,0,24,4.8,Scoring,Titans
164,Jonnu Smith TE,16,0,3,0,3,0,0,0,18,1.1,Scoring,Titans
165,Cody Parkey PK,3,0,0,0,0,3,5,0,14,4.7,Scoring,Titans
166,Delanie Walker TE,7,0,2,0,2,0,0,0,12,1.7,Scoring,Titans
167,Adam Humphries WR,12,0,2,0,2,0,0,0,12,1.0,Scoring,Titans
168,Corey Davis WR,15,0,2,0,2,0,0,0,12,0.8,Scoring,Titans
169,Greg Joseph PK,2,0,0,0,0,0,9,0,9,4.5,Scoring,Titans
170,Malcolm Butler CB,9,0,0,1,1,0,0,0,6,0.7,Scoring,Titans
171,Jayon Brown LB,14,0,0,1,1,0,0,0,6,0.4,Scoring,Titans
172,MyCole Pruitt TE,16,0,1,0,1,0,0,0,6,0.4,Scoring,Titans
173,David Quessenberry G,4,0,1,0,1,0,0,0,6,1.5,Scoring,Titans
174,Anthony Firkser TE,15,0,1,0,1,0,0,0,6,0.4,Scoring,Titans
175,Dennis Kelly OT,15,0,1,0,1,0,0,0,6,0.4,Scoring,Titans
176,Rashaan Evans LB,16,0,0,1,1,0,0,0,6,0.4,Scoring,Titans
177,Tye Smith CB,9,0,0,1,1,0,0,0,6,0.7,Scoring,Titans
178,Kalif Raymond WR,8,0,1,0,1,0,0,0,6,0.8,Scoring,Titans
179,Dion Lewis RB,16,0,1,0,1,0,0,0,6,0.4,Scoring,Titans
180,Cameron Wake DE,9,0,0,0,0,0,0,0,2,0.2,Scoring,Titans
181,Brandon McManus PK,16,0,0,0,0,29,25,0,112,7.0,Scoring,Broncos
182,Phillip Lindsay RB,16,7,0,0,7,0,0,0,42,2.6,Scoring,Broncos
183,Courtland Sutton WR,16,0,6,0,6,0,0,0,36,2.3,Scoring,Broncos
184,Royce Freeman RB,16,3,1,0,4,0,0,0,24,1.5,Scoring,Broncos
185,Noah Fant TE,16,0,3,0,3,0,0,0,18,1.1,Scoring,Broncos
186,Emmanuel Sanders WR,7,0,2,0,2,0,0,1,14,2.0,Scoring,Broncos
187,Jeff Heuerman TE,14,0,1,0,1,0,0,0,6,0.4,Scoring,Broncos
188,Troy Fumagalli TE,11,0,1,0,1,0,0,0,6,0.5,Scoring,Broncos
189,Andy Janovich FB,7,1,0,0,1,0,0,0,6,0.9,Scoring,Broncos
190,Kareem Jackson CB,13,0,0,1,1,0,0,0,6,0.5,Scoring,Broncos
191,Andrew Beck TE,16,0,1,0,1,0,0,0,6,0.4,Scoring,Broncos
192,DaeSean Hamilton WR,16,0,1,0,1,0,0,0,6,0.4,Scoring,Broncos
193,Harrison Butker PK,16,0,0,0,0,34,45,0,147,9.2,Scoring,Chiefs
194,Mecole Hardman WR,16,0,6,1,7,0,0,0,42,2.6,Scoring,Chiefs
195,Damien Williams RB,11,5,2,0,7,0,0,0,42,3.8,Scoring,Chiefs
196,Tyreek Hill WR,12,0,7,0,7,0,0,0,42,3.5,Scoring,Chiefs
197,Travis Kelce TE,16,1,5,0,6,0,0,0,36,2.3,Scoring,Chiefs
198,LeSean McCoy RB,13,4,1,0,5,0,0,0,30,2.3,Scoring,Chiefs
199,Demarcus Robinson WR,16,0,4,0,4,0,0,0,24,1.5,Scoring,Chiefs
200,Darrel Williams RB,12,3,1,0,4,0,0,0,24,2.0,Scoring,Chiefs
201,Sammy Watkins WR,14,0,3,0,3,0,0,1,20,1.4,Scoring,Chiefs
202,Patrick Mahomes QB,14,2,0,0,2,0,0,0,12,0.9,Scoring,Chiefs
203,Reggie Ragland LB,14,0,0,1,1,0,0,0,6,0.4,Scoring,Chiefs
204,Darwin Thompson RB,12,1,0,0,1,0,0,0,6,0.5,Scoring,Chiefs
205,Juan Thornhill S,16,0,0,1,1,0,0,0,6,0.4,Scoring,Chiefs
206,Bashaud Breeland CB,16,0,0,1,1,0,0,0,6,0.4,Scoring,Chiefs
207,Byron Pringle WR,16,0,1,0,1,0,0,0,6,0.4,Scoring,Chiefs
208,Charvarius Ward CB,16,0,0,0,0,0,0,0,2,0.1,Scoring,Chiefs
209,Daniel Carlson PK,16,0,0,0,0,19,34,0,91,5.7,Scoring,Raiders
210,Josh Jacobs RB,13,7,0,0,7,0,0,0,42,3.2,Scoring,Raiders
211,Tyrell Williams WR,14,0,6,0,6,0,0,0,36,2.6,Scoring,Raiders
212,Foster Moreau TE,13,0,5,0,5,0,0,0,30,2.3,Scoring,Raiders
213,Hunter Renfrow WR,13,0,4,0,4,0,0,0,24,1.8,Scoring,Raiders
214,Darren Waller TE,16,0,3,0,3,0,0,0,18,1.1,Scoring,Raiders
215,DeAndre Washington RB,16,3,0,0,3,0,0,0,18,1.1,Scoring,Raiders
216,Erik Harris S,16,0,0,2,2,0,0,0,12,0.8,Scoring,Raiders
217,Derek Carr QB,16,2,0,0,2,0,0,0,12,0.8,Scoring,Raiders
218,J.J. Nelson WR,2,0,1,0,1,0,0,0,6,3.0,Scoring,Raiders
219,Derek Carrier TE,16,0,1,0,1,0,0,0,6,0.4,Scoring,Raiders
220,Trevor Davis WR,9,1,0,0,1,0,0,0,6,0.7,Scoring,Raiders
221,Alec Ingold FB,16,0,1,0,1,0,0,0,6,0.4,Scoring,Raiders
222,Rico Gafford WR,4,0,1,0,1,0,0,0,6,1.5,Scoring,Raiders
223,Austin Ekeler RB,16,3,8,0,11,0,0,0,66,4.1,Scoring,Chargers
224,Michael Badgley PK,8,0,0,0,0,13,19,0,58,7.3,Scoring,Chargers
225,Melvin Gordon RB,12,8,1,0,9,0,0,0,54,4.5,Scoring,Chargers
226,Keenan Allen WR,16,0,6,0,6,0,0,0,36,2.3,Scoring,Chargers
227,Hunter Henry TE,12,0,5,0,5,0,0,1,32,2.7,Scoring,Chargers
228,Ty Long P,16,0,0,0,0,7,9,0,30,1.9,Scoring,Chargers
229,Chase McLaughlin PK,4,0,0,0,0,6,7,0,25,6.3,Scoring,Chargers
230,Mike Williams WR,15,0,2,0,2,0,0,0,12,0.8,Scoring,Chargers
231,Virgil Green TE,15,0,1,0,1,0,0,0,6,0.4,Scoring,Chargers
232,Troymaine Pope RB,14,0,1,0,1,0,0,0,6,0.4,Scoring,Chargers
233,Desmond King II CB,15,0,0,1,1,0,0,0,6,0.4,Scoring,Chargers
234,Derek Watt FB,16,1,0,0,1,0,0,0,6,0.4,Scoring,Chargers
235,Brett Maher PK,13,0,0,0,0,20,36,0,96,7.4,Scoring,Cowboys
236,Ezekiel Elliott RB,16,12,2,0,14,0,0,0,84,5.3,Scoring,Cowboys
237,Amari Cooper WR,16,0,8,0,8,0,0,0,48,3.0,Scoring,Cowboys
238,Kai Forbath PK,3,0,0,0,0,10,10,0,40,13.3,Scoring,Cowboys
239,Michael Gallup WR,14,0,6,0,6,0,0,0,36,2.6,Scoring,Cowboys
240,Jason Witten TE,16,0,4,0,4,0,0,1,26,1.6,Scoring,Cowboys
241,Tony Pollard RB,15,2,1,0,3,0,0,1,20,1.3,Scoring,Cowboys
242,Dak Prescott QB,16,3,0,0,3,0,0,0,18,1.1,Scoring,Cowboys
243,Blake Jarwin TE,16,0,3,0,3,0,0,0,18,1.1,Scoring,Cowboys
244,Randall Cobb WR,15,0,3,0,3,0,0,0,18,1.2,Scoring,Cowboys
245,Tavon Austin WR,14,1,1,0,2,0,0,0,12,0.9,Scoring,Cowboys
246,Devin Smith WR,4,0,1,0,1,0,0,0,6,1.5,Scoring,Cowboys
247,Ventell Bryant WR,12,0,1,0,1,0,0,0,6,0.5,Scoring,Cowboys
248,Jourdan Lewis CB,16,0,0,1,1,0,0,0,6,0.4,Scoring,Cowboys
249,Aldrick Rosas PK,16,0,0,0,0,12,35,0,71,4.4,Scoring,Giants
250,Saquon Barkley RB,13,6,2,0,8,0,0,0,48,3.7,Scoring,Giants
251,Darius Slayton WR,14,0,8,0,8,0,0,0,48,3.4,Scoring,Giants
252,Golden Tate WR,11,0,6,0,6,0,0,0,36,3.3,Scoring,Giants
253,Sterling Shepard WR,10,0,3,0,3,0,0,1,20,2.0,Scoring,Giants
254,Kaden Smith TE,9,0,3,0,3,0,0,0,18,2.0,Scoring,Giants
255,Wayne Gallman RB,10,2,1,0,3,0,0,0,18,1.8,Scoring,Giants
256,Evan Engram TE,8,0,3,0,3,0,0,0,18,2.3,Scoring,Giants
257,Cody Latimer WR,15,0,2,0,2,0,0,0,12,0.8,Scoring,Giants
258,Daniel Jones QB,13,2,0,0,2,0,0,0,12,0.9,Scoring,Giants
259,Markus Golden LB,16,0,0,1,1,0,0,0,6,0.4,Scoring,Giants
260,Jabrill Peppers S,11,0,0,1,1,0,0,0,6,0.5,Scoring,Giants
261,Rhett Ellison TE,10,0,1,0,1,0,0,0,6,0.6,Scoring,Giants
262,Javorius Allen RB,10,1,0,0,1,0,0,0,6,0.6,Scoring,Giants
263,TJ Jones WR,3,0,1,0,1,0,0,0,6,2.0,Scoring,Giants
264,Elijhaa Penny RB,16,0,0,1,1,0,0,0,6,0.4,Scoring,Giants
265,Sam Beal CB,6,0,0,0,0,0,0,0,2,0.3,Scoring,Giants
266,Bennie Fowler WR,8,0,0,0,0,0,0,1,2,0.3,Scoring,Giants
267,Jake Elliott PK,16,0,0,0,0,22,35,0,101,6.3,Scoring,Eagles
268,Jordan Howard RB,10,6,1,0,7,0,0,0,42,4.2,Scoring,Eagles
269,Miles Sanders RB,16,3,3,0,6,0,0,1,38,2.4,Scoring,Eagles
270,Zach Ertz TE,15,0,6,0,6,0,0,1,38,2.5,Scoring,Eagles
271,Boston Scott RB,11,5,0,0,5,0,0,0,30,2.7,Scoring,Eagles
272,Alshon Jeffery WR,10,1,4,0,5,0,0,0,30,3.0,Scoring,Eagles
273,Dallas Goedert TE,15,0,5,0,5,0,0,0,30,2.0,Scoring,Eagles
274,Nelson Agholor WR,11,0,3,0,3,0,0,1,20,1.8,Scoring,Eagles
275,DeSean Jackson WR,3,0,2,0,2,0,0,0,12,4.0,Scoring,Eagles
276,Greg Ward Jr. WR,7,0,1,0,1,0,0,0,6,0.9,Scoring,Eagles
277,Carson Wentz QB,16,1,0,0,1,0,0,0,6,0.4,Scoring,Eagles
278,J.J. Arcega-Whiteside WR,16,0,1,0,1,0,0,0,6,0.4,Scoring,Eagles
279,Nigel Bradham LB,12,0,0,1,1,0,0,0,6,0.5,Scoring,Eagles
280,Orlando Scandrick CB,3,0,0,1,1,0,0,0,6,2.0,Scoring,Eagles
281,Josh Perkins TE,5,0,1,0,1,0,0,0,6,1.2,Scoring,Eagles
282,Nathan Gerry LB,16,0,0,1,1,0,0,0,6,0.4,Scoring,Eagles
283,Darren Sproles RB,6,0,0,0,0,0,0,1,2,0.3,Scoring,Eagles
284,Dustin Hopkins PK,16,0,0,0,0,25,21,0,96,6.0,Scoring,Redskins
285,Terry McLaurin WR,14,0,7,0,7,0,0,0,42,3.0,Scoring,Redskins
286,Steven Sims Jr. WR,16,1,4,1,6,0,0,0,36,2.3,Scoring,Redskins
287,Adrian Peterson RB,15,5,0,0,5,0,0,0,30,2.0,Scoring,Redskins
288,Derrius Guice RB,5,2,1,0,3,0,0,0,18,3.6,Scoring,Redskins
289,Paul Richardson Jr. WR,10,0,2,0,2,0,0,0,12,1.2,Scoring,Redskins
290,Trey Quinn WR,12,0,1,0,1,0,0,1,8,0.7,Scoring,Redskins
291,Case Keenum QB,10,1,0,0,1,0,0,0,6,0.6,Scoring,Redskins
292,Jeremy Sprinkle TE,16,0,1,0,1,0,0,0,6,0.4,Scoring,Redskins
293,Hale Hentges TE,11,0,1,0,1,0,0,0,6,0.5,Scoring,Redskins
294,Vernon Davis TE,4,0,1,0,1,0,0,0,6,1.5,Scoring,Redskins
295,Eddy Pineiro PK,16,0,0,0,0,23,27,0,96,6.0,Scoring,Bears
296,Allen Robinson II WR,16,0,7,0,7,0,0,0,42,2.6,Scoring,Bears
297,David Montgomery RB,16,6,1,0,7,0,0,0,42,2.6,Scoring,Bears
298,Taylor Gabriel WR,9,0,4,0,4,0,0,0,24,2.7,Scoring,Bears
299,Tarik Cohen RB,16,0,3,0,3,0,0,0,18,1.1,Scoring,Bears
300,Anthony Miller WR,16,0,2,0,2,0,0,0,12,0.8,Scoring,Bears
301,Mitchell Trubisky QB,15,2,0,0,2,0,0,0,12,0.8,Scoring,Bears
302,Ben Braunecker TE,11,0,1,0,1,0,0,0,6,0.5,Scoring,Bears
303,Cordarrelle Patterson WR,16,0,0,1,1,0,0,0,6,0.4,Scoring,Bears
304,Jesper Horsted TE,6,0,1,0,1,0,0,0,6,1.0,Scoring,Bears
305,Ha Ha Clinton-Dix S,16,0,0,1,1,0,0,0,6,0.4,Scoring,Bears
306,Javon Wims WR,16,0,1,0,1,0,0,0,6,0.4,Scoring,Bears
307,Nick Kwiatkoski LB,16,0,0,0,0,0,0,0,2,0.1,Scoring,Bears
308,Adam Shaheen TE,8,0,0,0,0,0,0,1,2,0.3,Scoring,Bears
309,Matt Prater PK,16,0,0,0,0,26,35,0,113,7.1,Scoring,Lions
310,Kenny Golladay WR,16,0,11,0,11,0,0,0,66,4.1,Scoring,Lions
311,Marvin Jones Jr. WR,13,0,9,0,9,0,0,0,54,4.2,Scoring,Lions
312,Kerryon Johnson RB,8,3,1,0,4,0,0,0,24,3.0,Scoring,Lions
313,T.J. Hockenson TE,12,0,2,0,2,0,0,0,12,1.0,Scoring,Lions
314,Wes Hills RB,1,2,0,0,2,0,0,0,12,12.0,Scoring,Lions
315,Jamal Agnew CB,13,0,0,2,2,0,0,0,12,0.9,Scoring,Lions
316,Jeff Driskel QB,3,1,0,0,1,0,0,0,6,2.0,Scoring,Lions
317,Danny Amendola WR,15,0,1,0,1,0,0,0,6,0.4,Scoring,Lions
318,J.D. McKissic RB,16,0,1,0,1,0,0,0,6,0.4,Scoring,Lions
319,Logan Thomas TE,16,0,1,0,1,0,0,0,6,0.4,Scoring,Lions
320,David Blough QB,5,0,1,0,1,0,0,0,6,1.2,Scoring,Lions
321,Devon Kennard LB,16,0,0,1,1,0,0,0,6,0.4,Scoring,Lions
322,Marvin Hall WR,9,0,1,0,1,0,0,0,6,0.7,Scoring,Lions
323,Bo Scarbrough RB,6,1,0,0,1,0,0,0,6,1.0,Scoring,Lions
324,Aaron Jones RB,16,16,3,0,19,0,0,0,114,7.1,Scoring,Packers
325,Mason Crosby PK,16,0,0,0,0,22,40,0,106,6.6,Scoring,Packers
326,Jamaal Williams RB,14,1,5,0,6,0,0,0,36,2.6,Scoring,Packers
327,Davante Adams WR,12,0,5,0,5,0,0,1,32,2.7,Scoring,Packers
328,Jimmy Graham TE,16,0,3,0,3,0,0,0,18,1.1,Scoring,Packers
329,Allen Lazard WR,16,0,3,0,3,0,0,0,18,1.1,Scoring,Packers
330,Geronimo Allison WR,16,0,2,0,2,0,0,1,14,0.9,Scoring,Packers
331,Marquez Valdes-Scantling WR,16,0,2,0,2,0,0,0,12,0.8,Scoring,Packers
332,Aaron Rodgers QB,16,1,0,0,1,0,0,1,8,0.5,Scoring,Packers
333,Marcedes Lewis TE,16,0,1,0,1,0,0,0,6,0.4,Scoring,Packers
334,Robert Tonyan TE,11,0,1,0,1,0,0,0,6,0.5,Scoring,Packers
335,Jake Kumerow WR,14,0,1,0,1,0,0,0,6,0.4,Scoring,Packers
336,Dan Bailey PK,16,0,0,0,0,27,40,0,121,7.6,Scoring,Vikings
337,Dalvin Cook RB,14,13,0,0,13,0,0,0,78,5.6,Scoring,Vikings
338,Adam Thielen WR,10,1,6,0,7,0,0,0,42,4.2,Scoring,Vikings
339,Kyle Rudolph TE,16,0,6,0,6,0,0,1,38,2.4,Scoring,Vikings
340,Stefon Diggs WR,15,0,6,0,6,0,0,0,36,2.4,Scoring,Vikings
341,Bisi Johnson WR,16,0,3,0,3,0,0,0,18,1.1,Scoring,Vikings
342,Mike Boone RB,16,3,0,0,3,0,0,0,18,1.1,Scoring,Vikings
343,Irv Smith Jr. TE,16,0,2,0,2,0,0,0,12,0.8,Scoring,Vikings
344,Kirk Cousins QB,15,1,0,0,1,0,0,0,6,0.4,Scoring,Vikings
345,Anthony Harris S,14,0,0,1,1,0,0,0,6,0.4,Scoring,Vikings
346,C.J. Ham FB,16,0,1,0,1,0,0,0,6,0.4,Scoring,Vikings
347,Ifeadi Odenigbo DE,16,0,0,1,1,0,0,0,6,0.4,Scoring,Vikings
348,Alexander Mattison RB,13,1,0,0,1,0,0,0,6,0.5,Scoring,Vikings
349,Laquon Treadwell WR,13,0,1,0,1,0,0,0,6,0.5,Scoring,Vikings
350,Ameer Abdullah RB,16,0,1,0,1,0,0,0,6,0.4,Scoring,Vikings
351,Anthony Barr LB,14,0,0,0,0,0,0,0,2,0.1,Scoring,Vikings
352,Younghoe Koo PK,8,0,0,0,0,23,15,0,84,10.5,Scoring,Falcons
353,Calvin Ridley WR,13,0,7,0,7,0,0,1,44,3.4,Scoring,Falcons
354,Matt Bryant PK,7,0,0,0,0,9,14,0,41,5.9,Scoring,Falcons
355,Austin Hooper TE,13,0,6,0,6,0,0,1,38,2.9,Scoring,Falcons
356,Julio Jones WR,15,0,6,0,6,0,0,0,36,2.4,Scoring,Falcons
357,Devonta Freeman RB,14,2,4,0,6,0,0,0,36,2.6,Scoring,Falcons
358,Qadree Ollison RB,8,4,0,0,4,0,0,0,24,3.0,Scoring,Falcons
359,Brian Hill RB,12,2,1,0,3,0,0,0,18,1.5,Scoring,Falcons
360,Olamide Zaccheaus WR,10,0,1,1,2,0,0,0,12,1.2,Scoring,Falcons
361,Deion Jones LB,16,0,0,1,1,0,0,0,6,0.4,Scoring,Falcons
362,Ito Smith RB,7,1,0,0,1,0,0,0,6,0.9,Scoring,Falcons
363,Kenjon Barner RB,14,0,0,1,1,0,0,0,6,0.4,Scoring,Falcons
364,Jaeden Graham TE,16,0,1,0,1,0,0,0,6,0.4,Scoring,Falcons
365,Mohamed Sanu Sr. WR,7,0,1,0,1,0,0,0,6,0.9,Scoring,Falcons
366,Russell Gage WR,16,0,1,0,1,0,0,0,6,0.4,Scoring,Falcons
367,Matt Ryan QB,15,1,0,0,1,0,0,0,6,0.4,Scoring,Falcons
368,Ty Sambrailo OT,13,0,1,0,1,0,0,0,6,0.5,Scoring,Falcons
369,Christian McCaffrey RB,16,15,4,0,19,0,0,1,116,7.3,Scoring,Panthers
370,Joey Slye PK,16,0,0,0,0,25,31,0,106,6.6,Scoring,Panthers
371,Curtis Samuel WR,16,1,6,0,7,0,0,0,42,2.6,Scoring,Panthers
372,DJ Moore WR,15,0,4,0,4,0,0,0,24,1.6,Scoring,Panthers
373,Kyle Allen QB,13,2,0,0,2,0,0,0,12,0.9,Scoring,Panthers
374,Greg Olsen TE,14,0,2,0,2,0,0,0,12,0.9,Scoring,Panthers
375,Brian Burns DE,16,0,0,1,1,0,0,0,6,0.4,Scoring,Panthers
376,Ian Thomas TE,16,0,1,0,1,0,0,0,6,0.4,Scoring,Panthers
377,Reggie Bonnafon RB,16,1,0,0,1,0,0,0,6,0.4,Scoring,Panthers
378,Alex Armah FB,16,1,0,0,1,0,0,0,6,0.4,Scoring,Panthers
379,Luke Kuechly LB,16,0,0,0,0,0,0,0,2,0.1,Scoring,Panthers
380,Bruce Irvin DE,13,0,0,0,0,0,0,0,2,0.2,Scoring,Panthers
381,Wil Lutz PK,16,0,0,0,0,32,48,0,144,9.0,Scoring,Saints
382,Michael Thomas WR,16,0,9,0,9,0,0,0,54,3.4,Scoring,Saints
383,Jared Cook TE,14,0,9,0,9,0,0,0,54,3.9,Scoring,Saints
384,Taysom Hill QB,16,1,6,0,7,0,0,0,42,2.6,Scoring,Saints
385,Alvin Kamara RB,14,5,1,0,6,0,0,0,36,2.6,Scoring,Saints
386,Latavius Murray RB,16,5,1,0,6,0,0,0,36,2.3,Scoring,Saints
387,Tre'Quan Smith WR,11,0,5,0,5,0,0,0,30,2.7,Scoring,Saints
388,Josh Hill TE,16,0,3,0,3,0,0,0,18,1.1,Scoring,Saints
389,Ted Ginn Jr. WR,16,0,2,0,2,0,0,0,12,0.8,Scoring,Saints
390,Drew Brees QB,11,1,0,0,1,0,0,0,6,0.5,Scoring,Saints
391,Vonn Bell S,13,0,0,1,1,0,0,0,6,0.5,Scoring,Saints
392,A.J. Klein LB,15,0,0,1,1,0,0,0,6,0.4,Scoring,Saints
393,Marcus Williams S,15,0,0,1,1,0,0,0,6,0.4,Scoring,Saints
394,Deonte Harris WR,14,0,0,1,1,0,0,0,6,0.4,Scoring,Saints
395,Matt Gay PK,16,0,0,0,0,27,43,0,124,7.8,Scoring,Buccaneers
396,Chris Godwin WR,14,0,9,0,9,0,0,1,56,4.0,Scoring,Buccaneers
397,Mike Evans WR,13,0,8,0,8,0,0,1,50,3.8,Scoring,Buccaneers
398,Peyton Barber RB,16,6,1,0,7,0,0,1,44,2.8,Scoring,Buccaneers
399,Breshad Perriman WR,14,0,6,0,6,0,0,0,36,2.6,Scoring,Buccaneers
400,Ronald Jones II RB,16,6,0,0,6,0,0,0,36,2.3,Scoring,Buccaneers
401,Cameron Brate TE,16,0,4,0,4,0,0,0,24,1.5,Scoring,Buccaneers
402,Justin Watson WR,16,0,2,0,2,0,0,0,12,0.8,Scoring,Buccaneers
403,Ndamukong Suh DT,16,0,0,2,2,0,0,0,12,0.8,Scoring,Buccaneers
404,Devin White LB,13,0,0,2,2,0,0,0,12,0.9,Scoring,Buccaneers
405,Dare Ogunbowale RB,16,2,0,0,2,0,0,0,12,0.8,Scoring,Buccaneers
406,Jameis Winston QB,16,1,0,0,1,0,0,2,10,0.6,Scoring,Buccaneers
407,O.J. Howard TE,14,0,1,0,1,0,0,0,6,0.4,Scoring,Buccaneers
408,Scotty Miller WR,10,0,1,0,1,0,0,0,6,0.6,Scoring,Buccaneers
409,Vita Vea DT,16,0,1,0,1,0,0,0,6,0.4,Scoring,Buccaneers
410,Vernon Hargreaves III CB,9,0,0,1,1,0,0,0,6,0.7,Scoring,Buccaneers
411,Sean Murphy-Bunting CB,16,0,0,1,1,0,0,0,6,0.4,Scoring,Buccaneers
412,Zane Gonzalez PK,16,0,0,0,0,31,34,0,127,7.9,Scoring,Cardinals
413,Kenyan Drake RB,8,8,0,0,8,0,0,1,50,6.3,Scoring,Cardinals
414,David Johnson RB,13,2,4,0,6,0,0,0,36,2.8,Scoring,Cardinals
415,Chase Edmonds RB,13,4,1,0,5,0,0,0,30,2.3,Scoring,Cardinals
416,Larry Fitzgerald WR,16,0,4,0,4,0,0,0,24,1.5,Scoring,Cardinals
417,Kyler Murray QB,16,4,0,0,4,0,0,0,24,1.5,Scoring,Cardinals
418,Christian Kirk WR,13,0,3,0,3,0,0,1,20,1.5,Scoring,Cardinals
419,Dan Arnold TE,3,0,2,0,2,0,0,0,12,4.0,Scoring,Cardinals
420,KeeSean Johnson WR,10,0,1,0,1,0,0,1,8,0.8,Scoring,Cardinals
421,Damiere Byrd WR,11,0,1,0,1,0,0,0,6,0.5,Scoring,Cardinals
422,Charles Clay TE,15,0,1,0,1,0,0,0,6,0.4,Scoring,Cardinals
423,Maxx Williams TE,16,0,1,0,1,0,0,0,6,0.4,Scoring,Cardinals
424,Andy Isabella WR,15,0,1,0,1,0,0,0,6,0.4,Scoring,Cardinals
425,Pharoh Cooper WR,12,0,1,0,1,0,0,0,6,0.5,Scoring,Cardinals
426,Greg Zuerlein PK,16,0,0,0,0,24,42,0,114,7.1,Scoring,Rams
427,Todd Gurley II RB,15,12,2,0,14,0,0,1,86,5.7,Scoring,Rams
428,Cooper Kupp WR,16,0,10,0,10,0,0,0,60,3.8,Scoring,Rams
429,Malcolm Brown RB,14,5,0,0,5,0,0,0,30,2.1,Scoring,Rams
430,Robert Woods WR,15,1,2,0,3,0,0,0,18,1.2,Scoring,Rams
431,Tyler Higbee TE,15,0,3,0,3,0,0,0,18,1.2,Scoring,Rams
432,Gerald Everett TE,13,0,2,0,2,0,0,0,12,0.9,Scoring,Rams
433,Jared Goff QB,16,2,0,0,2,0,0,0,12,0.8,Scoring,Rams
434,Brandin Cooks WR,14,0,2,0,2,0,0,0,12,0.9,Scoring,Rams
435,Josh Reynolds WR,16,0,1,0,1,0,0,0,6,0.4,Scoring,Rams
436,Darious Williams CB,12,0,0,1,1,0,0,0,6,0.5,Scoring,Rams
437,Dante Fowler Jr. DE,16,0,0,1,1,0,0,0,6,0.4,Scoring,Rams
438,Taylor Rapp S,15,0,0,1,1,0,0,0,6,0.4,Scoring,Rams
439,Marcus Peters CB,6,0,0,1,1,0,0,0,6,1.0,Scoring,Rams
440,Aaron Donald DT,16,0,0,0,0,0,0,0,2,0.1,Scoring,Rams
441,Robbie Gould PK,13,0,0,0,0,23,41,0,110,8.5,Scoring,49ers
442,Raheem Mostert RB,16,8,2,0,10,0,0,0,60,3.8,Scoring,49ers
443,Tevin Coleman RB,14,6,1,0,7,0,0,0,42,3.0,Scoring,49ers
444,Deebo Samuel WR,15,3,3,0,6,0,0,1,38,2.5,Scoring,49ers
445,Kendrick Bourne WR,16,0,5,0,5,0,0,1,32,2.0,Scoring,49ers
446,Jeff Wilson Jr. RB,10,4,1,0,5,0,0,0,30,3.0,Scoring,49ers
447,George Kittle TE,14,0,5,0,5,0,0,0,30,2.1,Scoring,49ers
448,Chase McLaughlin PK,3,0,0,0,0,7,8,0,29,9.7,Scoring,49ers
449,Emmanuel Sanders WR,10,0,3,0,3,0,0,0,18,1.8,Scoring,49ers
450,Ross Dwelley TE,16,0,2,0,2,0,0,0,12,0.8,Scoring,49ers
451,Matt Breida RB,13,1,1,0,2,0,0,0,12,0.9,Scoring,49ers
452,Dante Pettis WR,11,0,2,0,2,0,0,0,12,1.1,Scoring,49ers
453,Kyle Juszczyk FB,12,0,1,0,1,0,0,0,6,0.5,Scoring,49ers
454,Richard Sherman CB,15,0,0,1,1,0,0,0,6,0.4,Scoring,49ers
455,D.J. Reed Jr. CB,16,0,0,1,1,0,0,0,6,0.4,Scoring,49ers
456,Fred Warner LB,16,0,0,1,1,0,0,0,6,0.4,Scoring,49ers
457,DeForest Buckner DT,16,0,0,1,1,0,0,0,6,0.4,Scoring,49ers
458,Marquise Goodwin WR,9,0,1,0,1,0,0,0,6,0.7,Scoring,49ers
459,Ahkello Witherspoon CB,10,0,0,1,1,0,0,0,6,0.6,Scoring,49ers
460,Jimmy Garoppolo QB,16,1,0,0,1,0,0,0,6,0.4,Scoring,49ers
461,Richie James Jr. WR,16,0,1,0,1,0,0,0,6,0.4,Scoring,49ers
462,Jason Myers PK,16,0,0,0,0,23,40,0,109,6.8,Scoring,Seahawks
463,Chris Carson RB,15,7,2,0,9,0,0,0,54,3.6,Scoring,Seahawks
464,Tyler Lockett WR,16,0,8,0,8,0,0,0,48,3.0,Scoring,Seahawks
465,DK Metcalf WR,16,0,7,0,7,0,0,1,44,2.8,Scoring,Seahawks
466,Will Dissly TE,6,0,4,0,4,0,0,0,24,4.0,Scoring,Seahawks
467,Rashaad Penny RB,10,3,1,0,4,0,0,0,24,2.4,Scoring,Seahawks
468,Russell Wilson QB,16,3,0,0,3,0,0,0,18,1.1,Scoring,Seahawks
469,Jacob Hollister TE,11,0,3,0,3,0,0,0,18,1.6,Scoring,Seahawks
470,Jaron Brown WR,14,0,2,0,2,0,0,0,12,0.9,Scoring,Seahawks
471,Jadeveon Clowney DE,13,0,0,2,2,0,0,0,12,0.9,Scoring,Seahawks
472,David Moore WR,14,0,2,0,2,0,0,0,12,0.9,Scoring,Seahawks
473,Nick Bellore FB,14,0,1,0,1,0,0,0,6,0.4,Scoring,Seahawks
474,C.J. Prosise RB,9,1,0,0,1,0,0,0,6,0.7,Scoring,Seahawks
475,Quandre Diggs S,5,0,0,1,1,0,0,0,6,1.2,Scoring,Seahawks
476,Malik Turner WR,15,0,1,0,1,0,0,0,6,0.4,Scoring,Seahawks
477,Marshawn Lynch RB,1,1,0,0,1,0,0,0,6,6.0,Scoring,Seahawks
